{"type":"FeatureCollection","features":[{"type":"Feature","geometry":{"type":"Polygon","coordinates":[[[-111.50460096948308,45.926518996458078],[-111.50483670346745,45.92665079643298],[-111.50497016962285,45.926755129685084],[-111.50498350302362,45.926767330305147],[-111.50557230367042,45.926814929851162],[-111.50547377031744,45.926393196277765],[-111.50537936996493,45.926398730272865],[-111.50529117015363,45.926361529597891],[-111.50524783608088,45.926343262912297],[-111.50524650315703,45.926342730212305],[-111.50476636962235,45.926140529657445],[-111.50442070323669,45.925937330269477],[-111.50426356909831,45.925810996788762],[-111.50414576922056,45.925712196548247],[-111.50405150309692,45.925602396744111],[-111.50400436899454,45.925514730163933],[-111.50395736912105,45.925349996495591],[-111.5039497690618,45.925207396625744],[-111.50396570275667,45.925009796713887],[-111.50417850233443,45.924510730142686],[-111.50420216927687,45.92436799638336],[-111.50417890293997,45.924197929932504],[-111.50412396899587,45.924000330043995],[-111.50384156914936,45.923396729722739],[-111.50374756836185,45.923111396525428],[-111.50364570217894,45.922743729820226],[-111.50362236820733,45.922600996581423],[-111.50361456836561,45.922430929780596],[-111.50363836849635,45.922266396141943],[-111.50366990187472,45.922167596103051],[-111.50376450200973,45.921959196613301],[-111.50387470182821,45.921756329351297],[-111.50397716839916,45.921591596103958],[-111.50412676907244,45.921405196344587],[-111.5042289682262,45.92131199586818],[-111.50459096891225,45.921037796289305],[-111.50500010161961,45.920692395977767],[-111.50516530197639,45.920577329622304],[-111.50533836876906,45.920467596383617],[-111.50552710183941,45.920368929226186],[-111.50576296901214,45.920275795775368],[-111.5060777024075,45.920094795924783],[-111.50680156851023,45.919480796028132],[-111.50710836887552,45.919277929114287],[-111.50735210248413,45.919173796065415],[-111.50743870195437,45.919151929374301],[-111.50760376912281,45.919135529350349],[-111.50772170218892,45.919129995354581],[-111.50784736850257,45.919140996025533],[-111.50800470242343,45.919174129045942],[-111.50808330226941,45.919207128854374],[-111.50816176892711,45.919250995376466],[-111.50827176896311,45.919333328980677],[-111.50830310255895,45.919448595531755],[-111.50829516952888,45.919508929100964],[-111.50825590290296,45.919596595761519],[-111.50776776870354,45.920293195831491],[-111.50764170282488,45.920496195841558],[-111.50758656909825,45.920611395554062],[-111.50753930284812,45.920753995656064],[-111.507531168995,45.920956996151737],[-111.50770356984603,45.921571595699973],[-111.50777416902726,45.921675795908733],[-111.50782136972377,45.921719795836715],[-111.50788416906326,45.921758196127008],[-111.50853636943756,45.922049329121336],[-111.50880370339443,45.922126195811721],[-111.50904730277419,45.922170196106315],[-111.50929096978864,45.922197795799541],[-111.50954256983317,45.92220339608177],[-111.50985710344604,45.92219259579543],[-111.51010870349057,45.922165195877199],[-111.51031310387908,45.922126995646288],[-111.51125677027133,45.921847529122964],[-111.51141396996333,45.92179272893209],[-111.5115713038842,45.921732528860836],[-111.51177576982636,45.921639328934241],[-111.51209050322174,45.92144739557061],[-111.51220056985191,45.921348728707962],[-111.51231857055268,45.921206128686791],[-111.51252337050622,45.920827595238386],[-111.51258637066873,45.920734328645175],[-111.51260210354056,45.920679528802459],[-111.51259430369882,45.920657528792276],[-111.5125157038528,45.920597195024342],[-111.51250790401107,45.920542328451738],[-111.51252357028872,45.920487528419443],[-111.51272837024226,45.920130928768089],[-111.51324777040283,45.91952219539796],[-111.51335010378541,45.919417928168116],[-111.51348376972331,45.919313728786015],[-111.51360190361243,45.919236995010543],[-111.51372770311444,45.919193128477417],[-111.51391637063115,45.91915479517953],[-111.51415210357499,45.919209728272534],[-111.51429357039518,45.919275728551412],[-111.51438790415351,45.91933599498882],[-111.51448990352475,45.919462328737353],[-111.51452917015068,45.919533728756591],[-111.51454490406303,45.919610528717271],[-111.51452897036818,45.919709195051716],[-111.51435570379297,45.920098728649009],[-111.51429270363047,45.92019199486294],[-111.51402530411997,45.920499128895734],[-111.51398590430568,45.920564928581392],[-111.51396217076909,45.920641728562465],[-111.51396990401669,45.920723994956411],[-111.51402490351444,45.920828195309355],[-111.5141113042427,45.920932528654554],[-111.51425270446872,45.921053328583284],[-111.51450410369021,45.921212595510603],[-111.51470057104866,45.921316928856818],[-111.51528210460705,45.921542128188563],[-111.5154865705492,45.921602528246019],[-111.51580090437959,45.92167399499958],[-111.51608390461411,45.921706995492769],[-111.5163277048169,45.921701594939606],[-111.51653197097654,45.92166879494637],[-111.51673650455341,45.92161399530282],[-111.5170275044122,45.921482394722553],[-111.51727930423921,45.921252128243317],[-111.51754670479025,45.920944928165589],[-111.5175625708504,45.920900994941015],[-111.51757037173269,45.920829728421779],[-111.51754690457277,45.920758395216822],[-111.51740570412922,45.920462128391385],[-111.51739010444575,45.920363328034917],[-111.51739010444575,45.920242594646439],[-111.51742950426001,45.920121928314074],[-111.51778377065794,45.91948559454039],[-111.5179413709555,45.919139994911717],[-111.5180123041481,45.918942528297947],[-111.51803577130802,45.918816394603247],[-111.5180359710905,45.918744994384866],[-111.51801250393058,45.918646327783584],[-111.5176905710815,45.918064527654238],[-111.51762010404809,45.917795594966478],[-111.5176045043646,45.917570727896099],[-111.51764397077301,45.917449994946111],[-111.51772257061901,45.917307394315458],[-111.51788010432237,45.917098994667739],[-111.51835997043982,45.91653952744074],[-111.51844657095059,45.916457327957104],[-111.51852517079661,45.916396928089846],[-111.51865897096337,45.916320128024651],[-111.51888697065965,45.916243394452813],[-111.51915417038764,45.916177593985772],[-111.51936650380625,45.916139327376129],[-111.51957090419478,45.916122994509323],[-111.51978317101921,45.916139527899283],[-111.51999537124949,45.916188994116276],[-111.52012890399907,45.916238394413448],[-111.52022317116325,45.916298794453255],[-111.52030970403933,45.916364727251619],[-111.52046657076049,45.916639127280703],[-111.52060790439235,45.91704512795927],[-111.52073337092352,45.917270194059164],[-111.52074130499412,45.917324994373516],[-111.5207255044876,45.917401794495746],[-111.52049717182051,45.917785794236458],[-111.52046577163051,45.9178571276437],[-111.52045777096573,45.917983327944903],[-111.52046557184799,45.918114994735319],[-111.52061450449855,45.918619794767537],[-111.52066950503684,45.91872399472895],[-111.52079517135049,45.91889972779888],[-111.52086570497808,45.919025927900414],[-111.52091297122824,45.919069794565758],[-111.52103857198827,45.919146594444697],[-111.52121150559263,45.919207127406658],[-111.52136077225457,45.919234528061892],[-111.52145517156654,45.919240127919394],[-111.52159670498091,45.919234594657915],[-111.52210777150586,45.919141594666982],[-111.52220997170012,45.919108594095633],[-111.52228857154611,45.919075794017203],[-111.52236730562097,45.919020993984191],[-111.52246950581527,45.918922193957037],[-111.52252457190716,45.918828994376788],[-111.52268997204645,45.918450527232871],[-111.52283957167919,45.918170727301579],[-111.52285537218572,45.918093794324875],[-111.52283957167919,45.918066527748991],[-111.52254097176119,45.917890794211907],[-111.52223457200141,45.91761632725926],[-111.52219530537549,45.917555927205768],[-111.52217190480975,45.91746272750234],[-111.52216410496798,45.917363927596099],[-111.52217197140389,45.917303593866194],[-111.52225077207294,45.91711159410734],[-111.52239250526979,45.916826327760788],[-111.52248677139345,45.916667193747429],[-111.52270717207098,45.916431394012861],[-111.52278590510532,45.916365593768745],[-111.5229745715815,45.916288793660179],[-111.52302957211977,45.916277793871565],[-111.52373710496265,45.916245194090429],[-111.52387857178283,45.916223326969138],[-111.5239651046589,45.91619039415751],[-111.52405150538718,45.916140993817621],[-111.52424037164587,45.915866794021213],[-111.52433477199838,45.915784593541069],[-111.52457070472472,45.915625526760209],[-111.52460997135064,45.915581593667213],[-111.52460997135064,45.915554126779426],[-111.5245393721694,45.915477326995671],[-111.52453157128711,45.915383993495482],[-111.52453950535774,45.915334727086936],[-111.52457890517199,45.915257926999551],[-111.52466537145389,45.915131793616283],[-111.52483850484076,45.914934194014648],[-111.5249721718192,45.914813593598417],[-111.52589237209204,45.914034793333634],[-111.52591597139977,45.914001926549503],[-111.52591597139977,45.91397452693009],[-111.52567230542586,45.91406219364724],[-111.52554650488332,45.914116993509964],[-111.52542850522308,45.914188193361696],[-111.5252633048663,45.914418726606435],[-111.5251609714837,45.91452292721744],[-111.52500370519753,45.914648993935195],[-111.52467337211868,45.914945126744477],[-111.52419357155486,45.915449793455664],[-111.52404397192211,45.915696593647688],[-111.52398110494792,45.915833793673976],[-111.52390230531942,45.915965527097477],[-111.52385517121706,45.916025794234507],[-111.5238079049669,45.916058727143813],[-111.52368997190081,45.916102527383366],[-111.52350137201881,45.916151793834146],[-111.5233441046921,45.916173727583327],[-111.52295897189802,45.916124194029045],[-111.52288030441731,45.916118727056642],[-111.52280170457129,45.916129593677248],[-111.5227231047253,45.916151594034957],[-111.52262877200748,45.91619539420121],[-111.52251857114845,45.916272193715116],[-111.52241637199472,45.916370927517882],[-111.52217237200944,45.91672739424726],[-111.52210937184692,45.916864593896697],[-111.52201477171189,45.917133527477148],[-111.52194390511347,45.917407794127556],[-111.5219359720834,45.9175119275952],[-111.5219517049552,45.917621727486178],[-111.52203010501871,45.91778639434029],[-111.52209290539874,45.917868594026814],[-111.52237570481023,45.918159593967516],[-111.5224307053485,45.918269327427488],[-111.5224541714679,45.918346194287594],[-111.52244630503199,45.918400994263209],[-111.52241470505948,45.918510727245781],[-111.5223753718394,45.918581994572016],[-111.52233610521348,45.918636927508217],[-111.52223377183088,45.918730127411074],[-111.52203717232463,45.918850728002162],[-111.52191930481217,45.918910994177295],[-111.52182490550018,45.918943994142275],[-111.52166770476765,45.91896579431895],[-111.52158117189157,45.9189603276265],[-111.52147110526141,45.918949327643574],[-111.52127457130879,45.918894394292771],[-111.52110970496337,45.918811994164606],[-111.52099170530312,45.918735194546429],[-111.5208033052036,45.918499127801518],[-111.52070910463358,45.918317994028115],[-111.52066197157176,45.918169927409991],[-111.52065417173003,45.918054594500724],[-111.520669971196,45.917939527742099],[-111.52077237117277,45.917665194226352],[-111.52085117184181,45.917522527550616],[-111.52101650434638,45.917149527777703],[-111.52102437182282,45.917034327392734],[-111.52096957106706,45.916891593943966],[-111.52083610491164,45.916704994523442],[-111.52058477124379,45.916408727771838],[-111.52038057063776,45.916205594086236],[-111.52025477113575,45.916117727336108],[-111.52015270412981,45.916068327655452],[-111.52001897055722,45.916018927930772],[-111.51965757129972,45.915919994425565],[-111.51931157090267,45.915897927376008],[-111.51895010401047,45.915919728025543],[-111.51881650362621,45.915941727742528],[-111.51869070412423,45.915985527350493],[-111.51849410357741,45.916089594715608],[-111.51804570424416,45.916369327682794],[-111.51796697016928,45.916435127922441],[-111.51789617016502,45.916528327903997],[-111.51785690353911,45.916681994674811],[-111.51781737053653,45.916780727748439],[-111.51772297018401,45.916862994799708],[-111.51747137013948,45.917027527812444],[-111.51736897016272,45.917137194740945],[-111.51729817015847,45.917290794675097],[-111.51723517103649,45.917471794985886],[-111.5172193039358,45.917597994715656],[-111.51724290428406,45.917718594871829],[-111.51730557043521,45.91790519450327],[-111.51736837081522,45.918053395022717],[-111.51760377078824,45.91850339434724],[-111.51763510438407,45.918613127851252],[-111.51765070406756,45.918766794639723],[-111.51761130425329,45.918969794443406],[-111.51728070479778,45.919567728009554],[-111.51722537128867,45.919688394823346],[-111.51718610466274,45.919809127969984],[-111.51706770439698,45.920302794886631],[-111.51700470423445,45.920456394744249],[-111.51691817135837,45.92060999490046],[-111.51654830423639,45.921026928458332],[-111.51639090476191,45.921262728208134],[-111.51633590422364,45.92131759479215],[-111.51622570440512,45.921383328361394],[-111.5160527042066,45.921438128232772],[-111.51587190416633,45.921449128446099],[-111.51573830482259,45.921432528597109],[-111.51483430462126,45.92115232821611],[-111.51470870386123,45.921102928674365],[-111.51463010401524,45.921058994851045],[-111.51453577025687,45.920987595346936],[-111.51448870378921,45.920927195343886],[-111.51444157072741,45.920839395425922],[-111.51441017053737,45.920718728219924],[-111.51441030372573,45.920625394849324],[-111.51442597104392,45.920565128364728],[-111.51446550404648,45.92047732859767],[-111.51457570386499,45.920329195356146],[-111.51485110404029,45.920060528443031],[-111.5149217708562,45.919972795196479],[-111.51500070367304,45.919764328105906],[-111.51500857010895,45.919703928218908],[-111.51500077026719,45.919643528266164],[-111.51494577076946,45.919522794759175],[-111.51482810408005,45.919374728460539],[-111.51474157016344,45.919292328321816],[-111.51454517043967,45.91916599491006],[-111.51402657044966,45.918907995166606],[-111.51391657041364,45.918836595066054],[-111.51385377003363,45.918781728200237],[-111.51380670356596,45.918721328691397],[-111.51376750353423,45.918628128049868],[-111.51370470315422,45.918392128170368],[-111.51366550312245,45.918337194991821],[-111.51343757002036,45.918194395401528],[-111.51315490275667,45.917936394759813],[-111.51298210338118,45.917837594973079],[-111.51269117011655,45.917771595155244],[-111.51240830307036,45.917760594936709],[-111.51174790328932,45.917793195275401],[-111.51148850236251,45.917781995267781],[-111.51125270282452,45.917754595343006],[-111.5110641029425,45.917710595166113],[-111.51091476968641,45.917655595438802],[-111.51082830236398,45.917606194955461],[-111.5107577021422,45.917551328320783],[-111.5106869687321,45.917463528851954],[-111.51057710292497,45.917221994900402],[-111.51056150220094,45.917046395505537],[-111.51061670252172,45.916892794894864],[-111.51070336858612,45.916788728312127],[-111.51075836912442,45.916744795416143],[-111.51091570200474,45.9166571285933],[-111.51103356951721,45.916602195144911],[-111.51137176903197,45.916476195120147],[-111.51197716931526,45.91634479518256],[-111.51217370222737,45.916284528391976],[-111.51231530223588,45.916218727973707],[-111.51242536886605,45.91615299480106],[-111.51248036940432,45.916098128177318],[-111.5126301022254,45.915878728463866],[-111.51269290260542,45.915829395170547],[-111.51274796973787,45.915801995005594],[-111.51280296923559,45.915785528115222],[-111.51289736958812,45.915779995233216],[-111.51303096893187,45.915785727915775],[-111.51336116986292,45.915818728291548],[-111.51341616936067,45.915813327889218],[-111.51347910292901,45.915785794515926],[-111.51347910292901,45.915769328344716],[-111.51343976970892,45.915752928044888],[-111.51312550247272,45.91567052831904],[-111.5129369025907,45.915593594771629],[-111.51286616918061,45.915555127957923],[-111.51275630233293,45.91543979468134],[-111.51277196965111,45.915374127910603],[-111.51283490217894,45.915308327860693],[-111.51334596974442,45.915132928004283],[-111.51383356910947,45.914913594695619],[-111.51414030288059,45.914716194845354],[-111.51425036951075,45.91462852771344],[-111.51452590287437,45.914299394850808],[-111.51499030249668,45.913586328004413],[-111.51503756978735,45.913460194441505],[-111.51505330265918,45.913350527485711],[-111.51503756978735,45.913300994307242],[-111.51491990309796,45.913213194629009],[-111.51490410259142,45.913169327677458],[-111.5148889690671,45.91248352795094],[-111.51491276919786,45.912274994353609],[-111.51496790292447,45.912088527821908],[-111.51504670255298,45.911934927967472],[-111.51525130272401,45.911666127742336],[-111.51525916915992,45.911561927559148],[-111.51524350288226,45.911550927557585],[-111.51518056931391,45.911550927557585],[-111.51490536892112,45.911622127805586],[-111.51483476869937,45.911622127805586],[-111.51477976920162,45.911583594529688],[-111.51476396869512,45.911556194440266],[-111.51476410188344,45.91151232762698],[-111.51482710204594,45.911419127908879],[-111.51493716867614,45.911320327378156],[-111.51506296921865,45.91123259406799],[-111.51520456922717,45.911161327438506],[-111.51529096891491,45.911133927864611],[-111.51536970194924,45.91112299438398],[-111.51580190225154,45.911112194112768],[-111.5159199019118,45.91109032786477],[-111.5164467023491,45.910887527289091],[-111.5166039696758,45.910838193902642],[-111.51725650302096,45.910679393848696],[-111.51799536945967,45.910515127263913],[-111.51819976984818,45.910476727156549],[-111.51886010303508,45.91041672693558],[-111.51898576934875,45.910416593722339],[-111.5190487029171,45.910427727161938],[-111.51914297008128,45.910488127010176],[-111.51919790298484,45.910581394174081],[-111.5192215033331,45.910652727430531],[-111.51929196932601,45.911031327395307],[-111.5193227701685,45.911733593616837],[-111.51936977004202,45.911942127076522],[-111.5194403036696,45.912134127346178],[-111.51950316960323,45.912254927606817],[-111.51958177048976,45.912337327336445],[-111.51972310308109,45.912425126952435],[-111.5200531697833,45.912573394232396],[-111.52043817042957,45.912727126975433],[-111.52066610353168,45.912803926945465],[-111.52138117088018,45.912935927460119],[-111.52203357103697,45.91295812744675],[-111.52245817128002,45.912936327081702],[-111.52252890469011,45.912952793369548],[-111.52258390418785,45.912980326700541],[-111.52263097065551,45.913018727247589],[-111.52274877053324,45.913155927378895],[-111.52281957053751,45.913205326756376],[-111.52289030394762,45.913227326825485],[-111.52295310432763,45.913227326825485],[-111.52299250414187,45.913221793688372],[-111.52305537111606,45.91318892714667],[-111.52308677130605,45.913155993982215],[-111.52312630430866,45.912920127203343],[-111.52313430393288,45.912766526754623],[-111.52320497074882,45.912689726732843],[-111.52333877091559,45.912634926908723],[-111.52357457149412,45.912590993620086],[-111.52380257119037,45.912503326750752],[-111.52392837069239,45.912470393903369],[-111.52407777158317,45.912459526566231],[-111.52430570468526,45.912481593535141],[-111.52452577135143,45.912519993703306],[-111.52469077088519,45.912481726743422],[-111.52500530449807,45.91237759324784],[-111.52538257085627,45.912322793115507],[-111.52564197178305,45.912328393670528],[-111.5259093046994,45.912361393206432],[-111.52600350526941,45.912416326509089],[-111.52605070492541,45.91246572654488],[-111.5260663046089,45.912526126347167],[-111.52605057173709,45.912619326378156],[-111.52600337104056,45.912701593083021],[-111.52593250444214,45.912882726366895],[-111.52577517156179,45.913085593495069],[-111.52576717193756,45.913107527008272],[-111.52578290480938,45.913129527116141],[-111.52579870531589,45.91314592674334],[-111.52583010446537,45.913156926428826],[-111.52588517159781,45.913156926428826],[-111.52595590500788,45.913134993659064],[-111.52603450485391,45.913058193423254],[-111.52611317129406,45.912953993681768],[-111.52616837161483,45.9128169269827],[-111.52621557127081,45.912575393077176],[-111.52630997162333,45.912350526571871],[-111.5264123716001,45.912141993198787],[-111.5265147049827,45.911988526701833],[-111.52690010519402,45.911598993363846],[-111.52699450450599,45.911478392939507],[-111.52731697114895,45.911116393172748],[-111.52744277169147,45.911012126075569],[-111.52767090457606,45.910902526680204],[-111.52792237143224,45.910825792857068],[-111.52823690504512,45.910776392809531],[-111.52855117124079,45.910787592783144],[-111.52866917194157,45.910809526480527],[-111.52875557162933,45.910836992820713],[-111.52884210554593,45.910875392678832],[-111.52892050560943,45.910924926574225],[-111.52897557170135,45.910968726521844],[-111.52909337157909,45.911122392760163],[-111.52915617195912,45.911177326565173],[-111.52917977230739,45.911111392671444],[-111.52918777193162,45.910974326489558],[-111.52921137227987,45.91094679288738],[-111.52932137231588,45.910886526026381],[-111.52939217232014,45.910831725869741],[-111.52932157209838,45.910776793170662],[-111.52905430473567,45.910672526159452],[-111.52866137209983,45.910584592730018],[-111.52838630489538,45.910567993250616],[-111.52807977194728,45.91056239324196],[-111.52741957090821,45.910600726683676],[-111.52734877090394,45.910617126334166],[-111.52721510496605,45.910715792732219],[-111.52718370477604,45.910770726215723],[-111.52715997123943,45.91087492643635],[-111.52712850445526,45.91095179340352],[-111.52684530443823,45.911203993455239],[-111.52663297101962,45.911417926839519],[-111.52653857170762,45.911533126576352],[-111.52627890440417,45.911906126454298],[-111.52616097133809,45.912048726485502],[-111.52605870454964,45.912152926478683],[-111.52601150489366,45.912180326997486],[-111.52583850469513,45.91221872665016],[-111.52573637109504,45.912213193412505],[-111.52551637102302,45.912224126678375],[-111.52506837125473,45.912163593338384],[-111.52496610446633,45.912163526733828],[-111.52489537105623,45.912185526491982],[-111.52466737135997,45.91231712667954],[-111.52448650472554,45.912393793284508],[-111.52442370434552,45.912399326504172],[-111.52436857061892,45.912393793284508],[-111.52431357112118,45.912371793608962],[-111.52425857058292,45.912333393338216],[-111.52424277111692,45.912283993184623],[-111.52424290430524,45.912196193345366],[-111.52425870481177,45.912135927117056],[-111.52436890463028,45.911905527010816],[-111.52443977122871,45.911696993413614],[-111.52447130460703,45.91151599309034],[-111.52445577047718,45.911334927019176],[-111.52438517129596,45.911137326929996],[-111.52436950397777,45.91104959333051],[-111.52422030391,45.910797193482679],[-111.52419677119646,45.910731326467634],[-111.52409477078469,45.910594126858285],[-111.52397697090693,45.910462392991995],[-111.52381197033266,45.910303193670302],[-111.52372557064491,45.910165993002636],[-111.52367850417725,45.910056326777365],[-111.52364710398724,45.90992459308265],[-111.52363937073967,45.909787393651087],[-111.52370237090217,45.909524126667399],[-111.5237497037465,45.909441792988872],[-111.5237969034025,45.909386926245986],[-111.52399337076096,45.909249793541385],[-111.52412710329303,45.909189592893838],[-111.52470890426861,45.908964793035139],[-111.52485037004826,45.908898926741536],[-111.5251571038194,45.908728993153119],[-111.52518850400939,45.908695992905486],[-111.52518070416765,45.908674126429609],[-111.52514137094757,45.908668592838566],[-111.52499990412738,45.908674126429609],[-111.52491350339912,45.908663126579704],[-111.52484276998899,45.908641126149355],[-111.52476410354883,45.908597193319345],[-111.52474850386534,45.908575192862862],[-111.52479570352133,45.908542326465557],[-111.52490577015153,45.9085093934399],[-111.52511010394588,45.908509593266608],[-111.5252279704178,45.908493126384492],[-111.52551890368241,45.908361526541924],[-111.52610070361744,45.907988592620747],[-111.52642317026041,45.90775279293586],[-111.52654897080293,45.907670526135853],[-111.52668270437555,45.907599192666815],[-111.52682410356101,45.907544392884617],[-111.52735870384009,45.907451326240256],[-111.52750017066028,45.907412926185266],[-111.52786170414663,45.907292392687872],[-111.52806610453516,45.907259526255046],[-111.52834897054082,45.907248592735243],[-111.52858477111936,45.907259726086252],[-111.52872630453371,45.907254192354209],[-111.5287891715079,45.907237792434124],[-111.52883637116389,45.907204925968976],[-111.52889930473224,45.907133592625641],[-111.52900157152067,45.906996526032977],[-111.5290723038902,45.906947126197437],[-111.52915097137092,45.906870326087407],[-111.52921390389874,45.906760592531924],[-111.52924537068291,45.906678192487277],[-111.52930057100369,45.90638752549247],[-111.52930070419202,45.90621739234502],[-111.52928497132019,45.906102192435775],[-111.52924590447678,45.905904592542647],[-111.52921450428676,45.905833325588539],[-111.52881397055116,45.905229726028381],[-111.52870397051515,45.905092525853],[-111.52862557045164,45.905015592123107],[-111.52852337025737,45.904938792236955],[-111.52817777046586,45.904713792700079],[-111.52797350326566,45.904587392792507],[-111.52784777035782,45.904472192396931],[-111.5277457033519,45.904356992486377],[-111.52751790343815,45.904033192294747],[-111.5274003033429,45.903884992709891],[-111.5273845038769,45.903813726059298],[-111.5273295699328,45.903703925639505],[-111.52732177009106,45.903643592264423],[-111.52734537043932,45.903484392211517],[-111.52738470365941,45.90340219221747],[-111.52734557022183,45.903248525604234],[-111.52689017017678,45.90253519223586],[-111.52612876889648,45.901283925526528],[-111.5255479023203,45.9002249255241],[-111.52532030218904,45.899912125266404],[-111.52516316909119,45.899714392549129],[-111.52504530261926,45.899588191979696],[-111.52495116864343,45.899538792068874],[-111.52482536914144,45.899505925390308],[-111.52469190194549,45.899456525406293],[-111.52458190190949,45.89938512562432],[-111.52445630218999,45.899264325595588],[-111.52429916805163,45.899044791991557],[-111.52414996798386,45.898792392591005],[-111.52394596820086,45.89837532529075],[-111.52354556765357,45.897798992156758],[-111.52338870093239,45.897601525643793],[-111.52322376799282,45.897431392364297],[-111.52292192785238,45.897247965944487],[-111.52263901190111,45.897076039288372],[-111.52203642730238,45.896526780833192],[-111.5217523927772,45.896219658961058],[-111.52168205476998,45.896079618042052],[-111.52169245282477,45.895965126338908],[-111.52186073420228,45.895727849679659],[-111.52183303415062,45.895504458873397],[-111.52176896223823,45.895285263080936],[-111.52168863406553,45.895102801427861],[-111.52140220110982,45.894944109162289],[-111.52060793768943,45.894321094318649],[-111.51992596660114,45.893946125220879],[-111.51987890013348,45.893907725238996],[-111.51972176703563,45.893874792221858],[-111.51969036684562,45.893852792448605],[-111.51958056659213,45.89362779216053],[-111.5195491664021,45.893594792350619],[-111.51931336686411,45.893512525572078],[-111.51928989970419,45.893479525693714],[-111.51931369983494,45.893314992397507],[-111.51940029930518,45.893144925648052],[-111.51976990005049,45.892629325410631],[-111.51998230006326,45.892283725113757],[-111.5200688995335,45.892113725456028],[-111.52020256651195,45.891789992188698],[-111.52028149932876,45.891521192185323],[-111.52031309930128,45.891274325054759],[-111.52028976637021,45.890978125345192],[-111.52025056633846,45.890703591933971],[-111.52025089930929,45.890434925003568],[-111.52020396602997,45.89013852527016],[-111.52012549937231,45.889919125062541],[-111.52000789927703,45.889672124790664],[-111.5199059758648,45.889535579284299],[-111.51994788024402,45.889402685880569],[-111.51997252736935,45.889225949017124],[-111.52022844562934,45.88897616955667],[-111.52029084228221,45.888748708006084],[-111.52025895408185,45.888613270534506],[-111.5200229162616,45.888455005152267],[-111.51961480223687,45.888339769111553],[-111.51915812441629,45.888299690008957],[-111.51883293469623,45.888325595813832],[-111.5183035974374,45.888328671077176],[-111.51805934044027,45.888322838506213],[-111.51780385608286,45.888316737953595],[-111.51778945717545,45.88831557332233],[-111.5173310531092,45.888278511526472],[-111.51701704704699,45.888140824033087],[-111.51670038554241,45.887991849060391],[-111.51658910252814,45.887925227086903],[-111.51639188286373,45.887807155840257],[-111.5159839654999,45.88762233018668],[-111.51563752495704,45.887557937113336],[-111.5152908981586,45.887563121531308],[-111.5149981512435,45.887515722258513],[-111.51458701758953,45.88752834072632],[-111.51419485598932,45.887480807431324],[-111.51370100197531,45.887282698724682],[-111.51324471539543,45.887103442557269],[-111.51270590407587,45.886643880012166],[-111.51237617034452,45.886368884804504],[-111.51221762836386,45.886011744342497],[-111.51219992472093,45.885971864192307],[-111.51217096770439,45.885916759135597],[-111.5121509873734,45.885878736759445],[-111.51209697222069,45.885775945476581],[-111.51192996341607,45.885458126203666],[-111.51182353969492,45.885076244519936],[-111.51171692555604,45.884763939834428],[-111.51159988110588,45.884336912010049],[-111.51149345946577,45.883955029862122],[-111.51122578317326,45.883591735868734],[-111.51122863735762,45.883589589664744],[-111.51107022232208,45.88349373980504],[-111.51081051651886,45.883164304268462],[-111.51073350556804,45.882836997075948],[-111.51069632833411,45.88267898686626],[-111.51051387800715,45.882436041905827],[-111.51009422550256,45.882184755681756],[-111.50983708669635,45.882128889194327],[-111.50963596190839,45.882085191806389],[-111.509121101597,45.881831658486519],[-111.50883656657506,45.881627882520114],[-111.50880365240828,45.88154684753998],[-111.50872947795276,45.881364227751618],[-111.50874291436637,45.881133996200568],[-111.50888824052659,45.88079393753091],[-111.5090552399664,45.880546008599353],[-111.50922237051347,45.880250751322599],[-111.50929633061904,45.879942574567679],[-111.50925144094818,45.879655981364557],[-111.50901726464299,45.879091553511913],[-111.50899147709256,45.879054626094486],[-111.50901808250259,45.879045359646483],[-111.50877300452427,45.87886736704867],[-111.50849804345427,45.878512663781159],[-111.50818850648491,45.878106747094364],[-111.50801447199576,45.877606359744682],[-111.50794276568652,45.877109951470715],[-111.50809424868554,45.876779134275644],[-111.50810107146599,45.876767799218356],[-111.50821288203092,45.876582033476822],[-111.50826464130624,45.876371044678237],[-111.50825561155348,45.876332658625223],[-111.50815562249365,45.876147045008594],[-111.50791512078317,45.875890885318725],[-111.50749913095774,45.87565495004344],[-111.50673939140998,45.875490169797551],[-111.5059978455966,45.875354831125016],[-111.50554648490399,45.875351645752723],[-111.50508041002219,45.87538169488311],[-111.50434943083005,45.875387068792236],[-111.50396414923962,45.875281639235531],[-111.50350985840369,45.875026450661359],[-111.50312928106678,45.874557748493459],[-111.50303721151009,45.874166201514115],[-111.50315145484315,45.873837624217693],[-111.50328736000989,45.873601175272896],[-111.50370120425454,45.873301160453501],[-111.50415891532523,45.872996089367206],[-111.5043984202043,45.872751545893465],[-111.50454060395226,45.872630664750226],[-111.50518233447498,45.87210073722742],[-111.50543188258676,45.871776935141504],[-111.50551139602148,45.871137447648323],[-111.50542963191204,45.870382436073967],[-111.50513893484862,45.869879491189998],[-111.50446598102667,45.86938036214935],[-111.50368348188199,45.869047915129876],[-111.50366475851587,45.869037791349704],[-111.5034841582581,45.868955391115414],[-111.50317795828084,45.868850991226957],[-111.50277749113941,45.868746591866952],[-111.5026283576658,45.868719124991898],[-111.50253409154215,45.868724524903818],[-111.50253395835382,45.868762924906292],[-111.50251049119389,45.86879032510322],[-111.50242409150614,45.868867124990786],[-111.50232975774779,45.868927391816932],[-111.50225115790178,45.86893292502139],[-111.50208629155638,45.868905324925521],[-111.50170149173312,45.868828325121228],[-111.50159935813301,45.868773324781671],[-111.50152869131709,45.868740391353342],[-111.50144249141185,45.868674591819321],[-111.5012932913441,45.868597591695391],[-111.50108895754971,45.868701791365282],[-111.50108895754971,45.868740191383516],[-111.50111249130383,45.868773124811952],[-111.50130089140333,45.868877391533758],[-111.50147355759049,45.868954391994635],[-111.50193675851779,45.869113725089768],[-111.50207029126736,45.86913572524228],[-111.50223529184163,45.869135791898444],[-111.50234509105461,45.869119524900277],[-111.50276949151515,45.86899899159927],[-111.50292649142466,45.868993525057739],[-111.50300509127065,45.869004524796594],[-111.50303649146066,45.869020991797193],[-111.50305209114416,45.869048525179409],[-111.50303635827234,45.86908139176893],[-111.50298915861634,45.869119791524923],[-111.50277709157439,45.869229391527767],[-111.50270629157014,45.869251324978521],[-111.50236855821453,45.869305991565426],[-111.50221149171087,45.869300391742193],[-111.50175595847752,45.86920152495491],[-111.50108075814298,45.869036524880862],[-111.50081375819745,45.868953992056461],[-111.50020195759043,45.868783725379593],[-111.49999769039026,45.868712525259816],[-111.49977769031821,45.868619325425186],[-111.49877955718156,45.868093191730807],[-111.4986773569873,45.868016391498415],[-111.49852029048363,45.867923191945621],[-111.49843375656701,45.86785739216878],[-111.49832368993685,45.867753191640531],[-111.49822148974258,45.867627124940952],[-111.49801675638322,45.867248592008345],[-111.49796175688549,45.86708412520224],[-111.49793808994305,45.86696892525854],[-111.49792188987153,45.866634124950131],[-111.49792955652497,45.866502525164961],[-111.49800009015254,45.866266525397606],[-111.49818835706371,45.866068925042747],[-111.49836095665671,45.865942591506361],[-111.49848655637621,45.865854724905397],[-111.49862789000805,45.865799791906518],[-111.49883989045583,45.86573932460697],[-111.49911455705474,45.865689791700781],[-111.49957015688227,45.865645724897227],[-111.49969575660175,45.865640124705251],[-111.49987649004785,45.865667524992354],[-111.50011195661503,45.86560699161312],[-111.50013555696329,45.865590525050258],[-111.50031615722106,45.865573924437143],[-111.50046529069468,45.865540924626465],[-111.50081769037489,45.865431591238881],[-111.50104549028865,45.865343924536845],[-111.50146975756086,45.865135724713205],[-111.50169775725712,45.864960190978849],[-111.50186288997919,45.86480119087777],[-111.50194949048998,45.86465299093733],[-111.50203608996021,45.864411724281574],[-111.50204409062499,45.864279990983427],[-111.50203635737742,45.864104391507809],[-111.50198155662166,45.863912391080007],[-111.50191895706466,45.863835590868085],[-111.50187175740867,45.863802591474723],[-111.50185609009048,45.863797124422149],[-111.50184049040699,45.863802591474723],[-111.5018167568704,45.863824524168436],[-111.50180895702866,45.863851991288335],[-111.50184015743615,45.864071524149225],[-111.50183209017723,45.864246991129242],[-111.50180049020472,45.864400591034823],[-111.50176895682637,45.864438991126043],[-111.50172975679463,45.864444524777291],[-111.50169835660462,45.864405991366262],[-111.50157308985595,45.864065791198819],[-111.50143989007722,45.863829791230863],[-111.5012829567619,45.863643190984781],[-111.50109468985069,45.863461991260131],[-111.50081615662799,45.863258191404803],[-111.50065108945955,45.863126590873691],[-111.50049395636171,45.863044391286913],[-111.49977115680618,45.86279252463715],[-111.49969255591965,45.862781524393597],[-111.49935495575237,45.862798191055134],[-111.49928428997698,45.862814724384236],[-111.49922135640864,45.862847724363974],[-111.49930008944297,45.862913524273907],[-111.49941015607314,45.862962791550437],[-111.499692889931,45.863055924785868],[-111.50033708964054,45.863242124850032],[-111.50058855649674,45.863368124686751],[-111.50081195703338,45.863522191486879],[-111.5010002905387,45.86362652457656],[-111.50107875719638,45.863686991275856],[-111.50121215675762,45.86381872453002],[-111.5013139573869,45.863955924509568],[-111.50138468975645,45.864076724526015],[-111.5014394905122,45.864197390955859],[-111.50146289003746,45.864290724282661],[-111.50143915650087,45.864433324875293],[-111.50139969009244,45.864575991039175],[-111.50136035687235,45.864669191131917],[-111.50119529074443,45.864883124844965],[-111.50114015701784,45.864926991544905],[-111.50081015690982,45.865091391551076],[-111.50033935696379,45.865233724895788],[-111.50010375720829,45.865327191253257],[-111.49998609051887,45.865343724554798],[-111.49984469029286,45.865338325039048],[-111.49946769031133,45.865294591260565],[-111.49940475674298,45.865278124605162],[-111.49934975620472,45.865250724850711],[-111.49938888964229,45.865108124905682],[-111.4993495564222,45.865080725067386],[-111.4992395563862,45.865053324491058],[-111.49920035635445,45.865075191479484],[-111.49906708998155,45.865245391262121],[-111.499012157078,45.865283924815927],[-111.49876875644021,45.865382791325537],[-111.4984861568112,45.865520125113392],[-111.49834488977352,45.865503725185278],[-111.49829769011754,45.865476324817479],[-111.49822689011329,45.865388591525338],[-111.49811675688893,45.865207525014732],[-111.49793588921395,45.865031991507095],[-111.49789648939972,45.864971724804953],[-111.49788075652789,45.864922325261752],[-111.49788855636963,45.864834525158599],[-111.49790428924145,45.864812591414207],[-111.4979434892732,45.864796124616035],[-111.49811635628339,45.864894791284932],[-111.4981477564734,45.864900324890755],[-111.49817135682167,45.864889325064304],[-111.49815555631515,45.864806991862842],[-111.49795895576837,45.864560124850101],[-111.49773868931968,45.864214724537888],[-111.49764435660185,45.864099525169088],[-111.49734568904913,45.863830791892937],[-111.49724328907237,45.86372652512464],[-111.49719615601055,45.863644324975667],[-111.4971251562238,45.863408391330765],[-111.49708588959786,45.863337124908682],[-111.49699935568125,45.8632273915551],[-111.49666928897908,45.862975191692151],[-111.49645695556045,45.862794324558223],[-111.49599335506817,45.86250372495229],[-111.49580475518617,45.862437991221505],[-111.49573408837023,45.862394124731409],[-111.49555328832997,45.862158191577798],[-111.49552968902223,45.862147325262406],[-111.49550615526813,45.862158324906815],[-111.4954355550464,45.862317391260277],[-111.49540428908523,45.86235032487096],[-111.49537275570691,45.862361325199828],[-111.49528648816695,45.862344991728726],[-111.4951528888232,45.86226819152543],[-111.4949563548706,45.862109125031154],[-111.49475988855266,45.861895324842067],[-111.4944688886939,45.86154979130945],[-111.49439028780736,45.861429124930062],[-111.4943665553113,45.861346791676453],[-111.4943665553113,45.86127012487465],[-111.49439008802487,45.861187724719883],[-111.49444475455176,45.861105391833441],[-111.49452335439777,45.861028524701148],[-111.49464108872189,45.860946191578954],[-111.49482935459254,45.860841791865539],[-111.49552795549283,45.860512191597813],[-111.49590468805717,45.860352991094089],[-111.49649335551563,45.860078324461497],[-111.4967601546381,45.859918991555027],[-111.49707415549764,45.859748791407803],[-111.49755308825623,45.859562124565016],[-111.49812595520815,45.85932579098067],[-111.4986127554432,45.859144524284957],[-111.4988167552262,45.859056591140998],[-111.49909928826102,45.858908324436378],[-111.49912275542094,45.858880791104255],[-111.4991463557692,45.858820524255847],[-111.49914628917506,45.858754591237265],[-111.49907515515943,45.85841999074205],[-111.49908255543617,45.857904190685581],[-111.49909815511967,45.857805390590094],[-111.49923108852174,45.85729512426802],[-111.49924648842274,45.857064724153744],[-111.49920708860846,45.856938523788386],[-111.49886855508235,45.856203523765906],[-111.49853848838015,45.855945724209363],[-111.49848335465356,45.855868990535079],[-111.49845975430529,45.855792190807506],[-111.49842015470854,45.855440990588399],[-111.49837275422951,45.855254590469187],[-111.49838848814187,45.855166723644167],[-111.49852155473226,45.854848390855985],[-111.4986000879841,45.854782590822431],[-111.49870208735533,45.854727723702638],[-111.49879628792537,45.854694723976372],[-111.49896108767661,45.854667124058572],[-111.49929088800212,45.854639524127023],[-111.49936935465979,45.854612124202411],[-111.49946355418929,45.85455712356719],[-111.49971468807465,45.854375923943614],[-111.4998322881699,45.854266123622907],[-111.49994988826515,45.854117923863974],[-111.50012228807563,45.853794123558515],[-111.50011428845139,45.853634990062261],[-111.49998815493804,45.853261990111669],[-111.50000388780985,45.853185123732096],[-111.50018375449125,45.85268032374524],[-111.50019935417473,45.85254859019097],[-111.50019928758059,45.85247179022624],[-111.50017568723233,45.852389523430681],[-111.50005768757207,45.85215912328416],[-111.49959355432642,45.851528390517174],[-111.49949928716224,45.851424190547469],[-111.4993735542544,45.851320123737509],[-111.49919275421415,45.851199390223314],[-111.49899648767872,45.851095323717509],[-111.49883935354036,45.851040523261489],[-111.49873728757495,45.851018590598144],[-111.49856455375311,45.851002323371937],[-111.49902808765124,45.851243390203514],[-111.4993107538744,45.851402323263251],[-111.49936588760102,45.851451723223121],[-111.49942095369292,45.851522990384424],[-111.4996647538957,45.851928923662989],[-111.49994788731854,45.852312789922628],[-111.49999508801507,45.85242259047623],[-111.49998768773833,45.8527737235137],[-111.49988595474376,45.853152390516442],[-111.4998860879321,45.853218123629397],[-111.49997275503704,45.853497990003888],[-111.49998855450302,45.853591190548954],[-111.49995735513605,45.853848990149984],[-111.49991048845089,45.853958923918256],[-111.49987908826088,45.854024723476904],[-111.49975368832389,45.854156390484192],[-111.49949468800261,45.854326723703949],[-111.4993062879031,45.854414590406726],[-111.49903168789837,45.854518990592489],[-111.49886675495878,45.854568524030114],[-111.49860768804334,45.854612390896648],[-111.49844295488627,45.85468392360054],[-111.49840355403148,45.854689390824554],[-111.49834868772209,45.854667524099462],[-111.49831728753207,45.854629123781642],[-111.49828568755956,45.854497523842575],[-111.4982620872113,45.854480990939066],[-111.49824628774532,45.85444252381869],[-111.49826175424047,45.854217590751055],[-111.49829308783632,45.854129790411136],[-111.49837928774154,45.853992590824049],[-111.49898315427797,45.853251523558207],[-111.49907708743079,45.853053990727581],[-111.49908475408421,45.852889390612035],[-111.4990766878658,45.852724790734079],[-111.4989501537469,45.85187992346318],[-111.49891875355689,45.851781190212456],[-111.4988557544349,45.851687923580769],[-111.49869068726646,45.851528923935156],[-111.49851768706795,45.851298523847269],[-111.4984312873802,45.851282190025422],[-111.49833715340435,45.851287723536593],[-111.49793668730344,45.851375724047202],[-111.49785035420985,45.851381190146945],[-111.49769335325981,45.851370323899665],[-111.49756768694614,45.851348523996485],[-111.49731635327829,45.851244323689805],[-111.49726128718639,45.851205990584951],[-111.49721415308402,45.851134590386721],[-111.49720615345979,45.851035923940238],[-111.49722175314326,45.850898723968214],[-111.49732315316702,45.850371990603797],[-111.49733088641459,45.850212790058791],[-111.49733088641459,45.850103123573831],[-111.49726775306374,45.849905590432513],[-111.49703975336749,45.849603923513016],[-111.49697688639328,45.849488723587449],[-111.49693748657906,45.849373590103191],[-111.49692168607253,45.849285790088494],[-111.49694508663829,45.849208923286959],[-111.49697648682829,45.849159590189537],[-111.4970313531377,45.849137523424226],[-111.49710215314195,45.849137523424226],[-111.49763608643883,45.849208589886807],[-111.49787155300598,45.849224923592864],[-111.49805215326374,45.849224790232832],[-111.49813855295149,45.849213790204203],[-111.49820915317325,45.849186323825521],[-111.49825608645257,45.849060123700873],[-111.49825615304675,45.849005190053475],[-111.49820095376651,45.848917523542831],[-111.49811455303823,45.848840790318064],[-111.49751755298469,45.84855019026476],[-111.4973526866393,45.848456989969499],[-111.49727395256441,45.8484021898132],[-111.49721108663077,45.848341923205069],[-111.49716395252841,45.848286990297886],[-111.49700655305391,45.848029323645818],[-111.4968179531719,45.847804390008285],[-111.49676295263363,45.847711189912985],[-111.49662915246687,45.847398523750989],[-111.49654268618494,45.847277923786613],[-111.49640895261234,45.847129790208875],[-111.4961496859144,45.8468719899044],[-111.49607895250431,45.846784323655783],[-111.49603168625417,45.846668990322954],[-111.49595275239678,45.846301523325238],[-111.49584255257828,45.845983389858254],[-111.49582675207175,45.845900990245148],[-111.49584235175524,45.845752923308957],[-111.49591288538282,45.845599189983076],[-111.49593635254277,45.845582723293262],[-111.49615595200925,45.845439990274087],[-111.49623448526108,45.84540159010853],[-111.49652475258402,45.845291723506385],[-111.49662675195526,45.845231189688377],[-111.49672088593111,45.845099523296618],[-111.49679935258878,45.845011723059066],[-111.49690128536585,45.844929323456334],[-111.49712888549712,45.844819523331608],[-111.49716015249878,45.84479198954746],[-111.49717588537059,45.844759123095329],[-111.49716808552886,45.844704189549383],[-111.49710495217802,45.844517723001083],[-111.49672835176149,45.844687990061267],[-111.49661848595434,45.844715523172034],[-111.4965478857326,45.844781323518617],[-111.49651648554257,45.844797923091441],[-111.496398752259,45.844819923443339],[-111.49635955222725,45.844852789859594],[-111.49628908519381,45.845033990066568],[-111.49623415229026,45.845061389636072],[-111.4960063523765,45.845072389761022],[-111.49596715234475,45.845094390004419],[-111.4957868850578,45.845248189960472],[-111.49573975199598,45.845220789758123],[-111.4957082852118,45.84518792355928],[-111.49569248574581,45.845132923027009],[-111.49566855242674,45.844715989969963],[-111.49572328554778,45.844485589929526],[-111.49573095220121,45.844381323127251],[-111.49567555209794,45.84398619013384],[-111.49565988477976,45.843953389891965],[-111.49563635206617,45.843964390235996],[-111.4955893521927,45.844139990254298],[-111.49555835156769,45.844474723059975],[-111.4954724856738,45.844880723000095],[-111.49543328564205,45.844968523444408],[-111.49540975188796,45.844984990316036],[-111.49537048526201,45.844973990173813],[-111.4953389518837,45.844908190055115],[-111.49529948547527,45.844754589940024],[-111.49525195180793,45.844321189883644],[-111.49514135138386,45.843651789996713],[-111.49508615106312,45.843393990245616],[-111.49503068436567,45.842900189657541],[-111.49502268474141,45.842708189947125],[-111.49503035139485,45.842499723421454],[-111.49511615173509,45.842060722803303],[-111.49513175141858,45.841901589805303],[-111.49511575112955,45.84163272315061],[-111.49520975087654,45.841369323005026],[-111.49554675169634,45.840891789856961],[-111.49557808425162,45.84082052284721],[-111.49558588409337,45.840694322590117],[-111.49553835146655,45.840425522590984],[-111.49553048399009,45.840288322543934],[-111.49555375136754,45.8401565893613],[-111.49566328420384,45.839739589288349],[-111.49567888388732,45.839684722551787],[-111.49578868414083,45.839498122469287],[-111.49607088420483,45.839179722473318],[-111.49634515123876,45.838757122328438],[-111.49640008414234,45.838702189380292],[-111.49649428471236,45.838641789026823],[-111.49658055121176,45.838592389289104],[-111.49678455099476,45.838498922937006],[-111.49685515121652,45.838455122378399],[-111.49692575143827,45.83840012243909],[-111.49705115137529,45.838257522501429],[-111.49713735128051,45.838098189419554],[-111.49719215099576,45.837939122655605],[-111.49719195121324,45.837779989468125],[-111.49711315054422,45.837434389459332],[-111.49711308395005,45.837352122171374],[-111.49712855044521,45.837275322247677],[-111.4971755503187,45.837127122163245],[-111.49709688387853,45.836891189099511],[-111.4970888842543,45.836770522134913],[-111.49709668409604,45.836693722133433],[-111.49712015021542,45.836644322116157],[-111.49715935024717,45.836605922404061],[-111.49722195084469,45.836556522308797],[-111.49732395021593,45.836501522667703],[-111.49745735081771,45.836441122100283],[-111.49763788448129,45.836380722192267],[-111.49867395132001,45.836275789194126],[-111.49903495101249,45.836198789147936],[-111.49921535148779,45.836127388535388],[-111.49962335105377,45.835918721913067],[-111.49976448490312,45.835781522352512],[-111.49981148477661,45.835715588843676],[-111.49989768468186,45.83553452212815],[-111.4999210842071,45.83540832220617],[-111.4999595506625,45.83474978897376],[-111.49986495052747,45.834360388837801],[-111.49994315080845,45.834107921758921],[-111.50002928411955,45.833948788489934],[-111.50031135099522,45.8335481215275],[-111.5003818846228,45.833394388550936],[-111.50042095042569,45.833262721695959],[-111.50043648455555,45.833109122054694],[-111.50042855048493,45.83303232207507],[-111.50039708370075,45.832993922045503],[-111.50023995060292,45.832757988132876],[-111.50021615047216,45.832560588425132],[-111.50019248352973,45.832483721713459],[-111.50009028333547,45.832269788052535],[-111.50007448386948,45.832209388692107],[-111.50010555004812,45.83197352177929],[-111.50007408326394,45.831847388457831],[-111.5000504839562,45.831797988488468],[-111.49974388337343,45.831359188364971],[-111.49958655049309,45.831079521635203],[-111.49954728386716,45.831035588358162],[-111.4991387505073,45.830695722005757],[-111.49895014958477,45.830492721402145],[-111.49876154970273,45.830267921319148],[-111.49828988299205,45.829637188299046],[-111.49816408244951,45.829450721282655],[-111.49807768276176,45.829286121652665],[-111.49798314922093,45.829028321319221],[-111.49792008246425,45.828797921570043],[-111.49786494977815,45.828572988482946],[-111.49784114964741,45.828391921730237],[-111.49784108305323,45.82826572156246],[-111.49788808292674,45.828117588116797],[-111.49794288264196,45.827996788294016],[-111.49811508266995,45.827678521156663],[-111.49816994897937,45.827607187919575],[-111.49827188279696,45.827519321649675],[-111.49838954948638,45.827458921484379],[-111.49866414949113,45.827370988274254],[-111.49897794952766,45.827288521217042],[-111.49916634962716,45.82721712149889],[-111.49924474969065,45.827178587669586],[-111.49931528227771,45.827129187906742],[-111.4995033494064,45.826931587691945],[-111.49958174946988,45.826755921037687],[-111.49958948271748,45.826679120992267],[-111.49956574918089,45.82650352097361],[-111.49947928289896,45.826377520997106],[-111.4993928821707,45.826317121043068],[-111.49922808241945,45.826240387824846],[-111.49917294869283,45.826201988184827],[-111.49912588222517,45.826147121151891],[-111.49914154954335,45.826103187607046],[-111.49939248260569,45.825900187655918],[-111.49943934929085,45.825801321284587],[-111.49943148285494,45.825724521372265],[-111.49939208200017,45.825625788105555],[-111.49915628246215,45.825192521110061],[-111.49914828179737,45.82512112087872],[-111.49912468248964,45.825071721465306],[-111.49894394904355,45.824940187917363],[-111.49892828172536,45.82485238777241],[-111.49893588178459,45.824676787792193],[-111.49897494862803,45.824501187983159],[-111.49903768241386,45.824353121380717],[-111.49911588165435,45.82422132074521],[-111.49940588156008,45.823864521277102],[-111.49962528228461,45.823491320981546],[-111.50036208222311,45.822783120575707],[-111.50057374865951,45.822645787114944],[-111.50080994880305,45.8224653210696],[-111.50088854864904,45.822399520437244],[-111.50104554855855,45.822333720452278],[-111.50155588254768,45.822152920558132],[-111.50187774880258,45.82209272050887],[-111.50255254853158,45.822054720458681],[-111.50272528235344,45.822027320436931],[-111.50283514920113,45.821999920401701],[-111.50343968271974,45.821747920080519],[-111.50361248209524,45.821643720166875],[-111.50386374916891,45.821457320642153],[-111.50406008229849,45.821281786818595],[-111.50440574972473,45.820875986687689],[-111.50482228270883,45.820360520123792],[-111.50489294952476,45.820300120167879],[-111.5049793492125,45.820245319834235],[-111.505418948751,45.820015120135388],[-111.50562314935702,45.81986152019379],[-111.50582748211086,45.819675119778616],[-111.50636154963658,45.81911018663159],[-111.50661294885806,45.81881951976262],[-111.5066915497446,45.818687919955089],[-111.50680168296894,45.818424586698242],[-111.50684914900158,45.818111919850899],[-111.50629294932087,45.817211786696681],[-111.50593254897589,45.816580719361575],[-111.50579154831487,45.816372119421182],[-111.50536834863038,45.81582318660621],[-111.50512554838062,45.815444519345746],[-111.50500028163195,45.815142719968669],[-111.50494534768785,45.81505478616053],[-111.50484368128744,45.814944986554849],[-111.50472594800387,45.814840786238747],[-111.50467114828862,45.814758386197362],[-111.50456948084771,45.814401786445117],[-111.50442888079222,45.813809119412745],[-111.50440548126699,45.813606119599065],[-111.50441368067374,45.813353719388218],[-111.5044767474304,45.812991586376455],[-111.50453974759293,45.812766586522471],[-111.50460268116127,45.812624119627593],[-111.50468928063151,45.812470519605185],[-111.50494074748771,45.81206998596857],[-111.50523928081155,45.811647719574545],[-111.50534928084755,45.811510585658652],[-111.50551414719297,45.811335119115562],[-111.50605614774878,45.810857986082674],[-111.50665288142565,45.810419385714688],[-111.50686474764456,45.810282385854251],[-111.50695894717403,45.810200119049419],[-111.50707674809233,45.810073918984578],[-111.50716334756258,45.809925919182163],[-111.50732054725457,45.809541785856403],[-111.50733648094945,45.809454118818927],[-111.50740788030119,45.808477518854673],[-111.50743954790839,45.808225118611553],[-111.50748688075274,45.808005718553204],[-111.50757348022296,45.807687518463126],[-111.50777008076975,45.807199185550509],[-111.5080923476302,45.806584918916116],[-111.50842234669767,45.806074718801668],[-111.50858734727197,45.805751118338023],[-111.50865808068207,45.805641518720456],[-111.5089016800618,45.805367184707663],[-111.50898794760177,45.805252118055932],[-111.50910594726201,45.804913584908761],[-111.50912954761027,45.804845984950603],[-111.50915328010633,45.804686984912436],[-111.50915347988884,45.80444558507908],[-111.50916948017783,45.80424798487325],[-111.50919294733778,45.804160318208474],[-111.50924808002387,45.804072517937492],[-111.5093029473738,45.804012185183176],[-111.50984474710654,45.803589984641356],[-111.5099702802319,45.803469318022188],[-111.51005667991964,45.803321184610319],[-111.51010388061616,45.8032059846145],[-111.51016708056117,45.80283291787638],[-111.51018334722684,45.802218518224272],[-111.51021514698186,45.80178498493872],[-111.51020748032846,45.801521584811923],[-111.51021594611186,45.800885118166988],[-111.51015427991373,45.799776784410838],[-111.51014654666615,45.799502518000217],[-111.51015467947875,45.799233584355107],[-111.51005334604918,45.798602584621172],[-111.5099125462112,45.798125117634576],[-111.50963094549468,45.797422717479343],[-111.50959174546294,45.797263584534605],[-111.50959967953355,45.797170383947289],[-111.50963894615946,45.797104517877877],[-111.50971754600546,45.797016784111925],[-111.50978814622724,45.796956384228814],[-111.50989807862852,45.796901717624337],[-111.51008647872804,45.796824917752005],[-111.51021194629973,45.796786584156266],[-111.51096507949809,45.796605784020365],[-111.51112207940757,45.796545517178046],[-111.51124767912708,45.796479783856462],[-111.51132614578474,45.796424917280028],[-111.51144387906832,45.796320783882166],[-111.51163234576201,45.796117784172679],[-111.5118600790816,45.795821583782391],[-111.51206427968765,45.795487116974293],[-111.51219007918964,45.795234717363883],[-111.51223714565729,45.795102983473278],[-111.51234727888163,45.794867183529512],[-111.51237094582406,45.794675183532455],[-111.51239514551982,45.793917984023977],[-111.51257614534259,45.793270583402737],[-111.51259974569085,45.793133516699889],[-111.5126156793857,45.792974383840267],[-111.51259247860244,45.792590183683508],[-111.51263187841668,45.792431183494152],[-111.51278107848445,45.792228183400766],[-111.51289887836221,45.7919979165044],[-111.51296194511887,45.791613783620534],[-111.51297047853699,45.790889583006361],[-111.51299407888526,45.790735916522038],[-111.51304127854127,45.790648116862535],[-111.51326894526669,45.790351983172833],[-111.51348887874452,45.789962516276866],[-111.51360674521645,45.789781516239664],[-111.51376374512596,45.789578583404676],[-111.51402274544722,45.789287783453396],[-111.51428187895681,45.789024583277367],[-111.51489407808832,45.788465183000817],[-111.51505887888008,45.788295182917629],[-111.51516107803383,45.788141582563917],[-111.51531814557802,45.78784538258946],[-111.51538887898811,45.787757582730158],[-111.51544374529753,45.787724782729065],[-111.51591447864936,45.787516383094086],[-111.51597727902939,45.787472583053606],[-111.51604787821059,45.787395782521877],[-111.51613434553305,45.787258715882771],[-111.51618134540654,45.787159915865843],[-111.51636234522931,45.78656751624537],[-111.51642514560932,45.786430316235958],[-111.51648007851288,45.78634251559896],[-111.51718654480858,45.785607582186621],[-111.51746127800166,45.78529491542217],[-111.51773594460059,45.785009715944888],[-111.51824614540138,45.784554582610276],[-111.51826974470912,45.784466781921438],[-111.51808147883848,45.784499582388342],[-111.5179638787432,45.784499582388342],[-111.51792467871147,45.784488582627695],[-111.51786974476735,45.78445558260708],[-111.5178070786162,45.784406181950487],[-111.51779914454559,45.784373315396529],[-111.5178070786162,45.784334915911366],[-111.51786987795569,45.784241581955484],[-111.51792487849397,45.784192315350722],[-111.51811327859348,45.784066181904784],[-111.51822294461812,45.783972982466615],[-111.51827794515638,45.783912582233675],[-111.51837227787419,45.783737115840601],[-111.51839587822248,45.783627382215187],[-111.51839594481665,45.783517582340664],[-111.51837234446837,45.783451782132438],[-111.51833327866549,45.783418782223791],[-111.51810587831673,45.783303515683208],[-111.51807467790921,45.783276115463273],[-111.51801974500566,45.783133382304108],[-111.51800427851049,45.783023582182302],[-111.51794947775473,45.782847982374705],[-111.51779294504492,45.782474915757689],[-111.5176519443839,45.782200515574345],[-111.51700194473868,45.781179715616766],[-111.51692367786352,45.781004115081288],[-111.516861077266,45.780806515197618],[-111.51682207701674,45.780587115293017],[-111.51679107743227,45.780279781699541],[-111.51679894386818,45.780016515043016],[-111.51684634434721,45.779709115169467],[-111.51705087688354,45.778831382065633],[-111.51733374392974,45.778107181565012],[-111.51744374396574,45.777893314750173],[-111.51773427662482,45.777410581604357],[-111.5177892771631,45.777344781445755],[-111.51804827748437,45.77694978146684],[-111.51813467717211,45.77677431493192],[-111.51824474380227,45.776445115112786],[-111.51831547721237,45.776159781823637],[-111.51838654359329,45.775545381285497],[-111.51839474300003,45.775106381721692],[-111.5183322766314,45.774782714625339],[-111.51827754351032,45.774579581312103],[-111.51816027638591,45.774228381661274],[-111.51791754273032,45.773772981049156],[-111.51780794329983,45.773619314554949],[-111.51760427648766,45.773383181316298],[-111.51733787588965,45.773130781041445],[-111.51725954242033,45.773037381153976],[-111.51714214314809,45.77281791439048],[-111.51709514223407,45.772598381443089],[-111.51708747558067,45.77246678130426],[-111.51711907555318,45.772335114808541],[-111.51719754221084,45.772137581458843],[-111.51750387537645,45.77156711465873],[-111.51762154206584,45.771391514333949],[-111.51828087529972,45.77053038089484],[-111.51883014294391,45.769855780862741],[-111.51905774203465,45.769532113777778],[-111.51915194260468,45.769378513987398],[-111.51927767551251,45.769115180620332],[-111.51943467542199,45.768742114299776],[-111.51955267612279,45.768325180317973],[-111.51954487524051,45.768281313665817],[-111.5194980751495,45.767930180326054],[-111.51945114187018,45.767754580890163],[-111.51931814187394,45.76742531403557],[-111.51916934241171,45.767134513937208],[-111.51905974194071,45.766958780616946],[-111.51895014146969,45.766838113799508],[-111.5188482752868,45.766750180688753],[-111.51834687532131,45.766398913588297],[-111.51824494150371,45.766305514041221],[-111.51807274147572,45.76607511393486],[-111.51778307454082,45.765526314128188],[-111.51770474107148,45.765416580231154],[-111.51733654088473,45.765004913779251],[-111.51721927480084,45.764719513973546],[-111.51715667420333,45.764615314084516],[-111.51682774064251,45.764198114068556],[-111.51670234070552,45.763994980676259],[-111.51662427465337,45.763841314099899],[-111.51649914109304,45.763468180567543],[-111.51631927441164,45.762837180259069],[-111.51631934100581,45.762771380327486],[-111.51634307350187,45.762661580760827],[-111.51641367372362,45.762507980199238],[-111.5165942739814,45.762178913943153],[-111.51687674042206,45.761718113536389],[-111.51719087342939,45.761235380482212],[-111.51727713992879,45.761081780349677],[-111.51736347406292,45.760906313253585],[-111.51745774018656,45.760664913247354],[-111.51757567325267,45.760291780248799],[-111.51759947338343,45.759940713495418],[-111.51757594066987,45.759830913439565],[-111.51752914057884,45.759699180092611],[-111.51748213966484,45.759611380192958],[-111.51741947351368,45.75954558008663],[-111.51734893988609,45.75949071345363],[-111.51693387301418,45.759073513590884],[-111.51676947282793,45.758908780013016],[-111.51667533989261,45.758848513067498],[-111.51647167308045,45.758689313556474],[-111.51587633996213,45.758271979931429],[-111.51550027229895,45.75805231350639],[-111.51542193987015,45.757986513739411],[-111.51535933927262,45.757915179813466],[-111.51513247271774,45.757338913631862],[-111.51505413924839,45.757168780165877],[-111.5149759389674,45.757015113663542],[-111.51489767209223,45.756916379843041],[-111.51481927202873,45.756883380202545],[-111.51456847215474,45.756905313658429],[-111.51433327196422,45.756910579951629],[-111.51416087215375,45.756899579830502],[-111.51298513861842,45.756745380438446],[-111.51285973868143,45.756701513392329],[-111.51281287199625,45.756674113168728],[-111.51265627165175,45.756520313174008],[-111.51260147193651,45.756448980277639],[-111.51254673881542,45.756245913776162],[-111.51253127127976,45.755987980088484],[-111.51263353806819,45.755505313618379],[-111.51286907122952,45.755049980119288],[-111.51306533880548,45.754764779863017],[-111.51357547197156,45.754084579586838],[-111.51371667137454,45.753952913262154],[-111.5140459379062,45.75371717957497],[-111.5143990711628,45.753410113193425],[-111.51481467182857,45.753102979779207],[-111.51502647145331,45.752982379555448],[-111.51566153839725,45.752669913202865],[-111.51587327142781,45.752532779351426],[-111.51604587206134,45.752401179791747],[-111.51616353875076,45.752302512590383],[-111.51632827190784,45.752126979405652],[-111.51643807216135,45.751973379611123],[-111.51650873897727,45.751841779458495],[-111.51657153831675,45.751688179605075],[-111.51659513866501,45.75157851287743],[-111.51681507214286,45.751051779227204],[-111.5173253384973,45.750130178872851],[-111.51745073843429,45.749932778906079],[-111.51749913782582,45.749855978946663],[-111.5177111382736,45.749422579316239],[-111.51793873840485,45.749131912644877],[-111.51807207137192,45.749000178727037],[-111.51815827127717,45.748939911971497],[-111.51834647159419,45.748824778922042],[-111.51848753780884,45.74875351242855],[-111.51869933847411,45.748616379119483],[-111.51875413818935,45.748567112263132],[-111.51881693856937,45.748484779038478],[-111.51893467185295,45.748259912262029],[-111.5188879383561,45.74795257914591],[-111.51842673733488,45.746372178573147],[-111.51837207080798,45.746251512250559],[-111.51829373733862,45.746125311868816],[-111.51805873797115,45.745976978857406],[-111.51795693734188,45.745872712016357],[-111.51783947043498,45.745702578448331],[-111.51774553728215,45.745505111993779],[-111.51770653703289,45.745384312366554],[-111.51758947073152,45.744895978879434],[-111.51756593697741,45.744747912000499],[-111.51754273723468,45.74441857835069],[-111.51738653749571,45.743820511601974],[-111.5173709367717,45.743688778220033],[-111.5173709367717,45.743611911576878],[-111.51741813746823,45.743403511918778],[-111.51765367062954,45.742843978563265],[-111.51780287069731,45.742426978121479],[-111.51791273650446,45.742229511699186],[-111.51801467032206,45.742086911674555],[-111.51832853695272,45.741702911309588],[-111.51846193651397,45.741434111298098],[-111.51867393696175,45.740923977815129],[-111.51869746967529,45.740841711746206],[-111.51871327018183,45.740753911225362],[-111.51869787028083,45.740391711648236],[-111.51864327034809,45.740013111300165],[-111.51858867041538,45.73976071109427],[-111.51855747000786,45.739480911249672],[-111.5185184697586,45.739222977786575],[-111.51829993579878,45.738141977748533],[-111.51805773593706,45.737220111233441],[-111.51803433641183,45.737066511087868],[-111.51806613616684,45.736490377506485],[-111.51811326922868,45.736259910934763],[-111.51823113570059,45.735914311332948],[-111.51828606860417,45.735799110748317],[-111.51838046895668,45.735415110714378],[-111.51841186914668,45.735244977959269],[-111.51845913539684,45.734800577343805],[-111.51858493593936,45.734454910608342],[-111.51860846865294,45.734306911181179],[-111.51861646931771,45.734114777448951],[-111.51860086859369,45.733917177770472],[-111.51857753566263,45.733823977326615],[-111.51829606813446,45.733006310981359],[-111.51824926804346,45.73280331098502],[-111.51819466811072,45.732463111114868],[-111.51816366852624,45.732078977743079],[-111.51815606846701,45.731733310867099],[-111.51817186793298,45.731541310638434],[-111.51825833525544,45.731157177463359],[-111.5182820677515,45.73084997753385],[-111.51830566809976,45.730762310924668],[-111.51845466838502,45.730504377136924],[-111.51877613507494,45.730120377012454],[-111.51883113457266,45.730005176823461],[-111.51887046779275,45.729851577170322],[-111.51887053438693,45.729774777185305],[-111.51883146754351,45.729621176898561],[-111.51883153517821,45.729544377323144],[-111.51885513448595,45.729390710305601],[-111.51890226754776,45.729275576888043],[-111.51896493473944,45.729198776837386],[-111.51927073515172,45.728886177351882],[-111.51942766846706,45.728661177158017],[-111.51950606749003,45.728524109984562],[-111.5195531349982,45.728469177263769],[-111.51967073509346,45.72836497723705],[-111.51981966774402,45.728255310450344],[-111.51992153496747,45.728183977022724],[-111.52002346774452,45.72812917689113],[-111.52036053515846,45.727789109802558],[-111.52040766822029,45.727695910027812],[-111.52043146835106,45.727377576892749],[-111.5204471346287,45.727295376578049],[-111.52048646784878,45.727207576548402],[-111.52056473472396,45.727108909851907],[-111.52063533494571,45.727053976465697],[-111.52076093466522,45.726779776510938],[-111.52083146829281,45.726669976590337],[-111.52095693482397,45.726516376482174],[-111.52136466801329,45.726110576271772],[-111.52156073476621,45.72573751007431],[-111.52167053501974,45.725589376408372],[-111.52190573416971,45.72532610950806],[-111.52198413423321,45.725205376634534],[-111.52218826824505,45.724656910014573],[-111.5222509343962,45.724569109469833],[-111.52252533461848,45.724322309804059],[-111.52260373468197,45.724218109305852],[-111.52278406752255,45.723888909536186],[-111.52286253418021,45.723768176462229],[-111.52287826809257,45.723652976247877],[-111.52283913465499,45.723609109345496],[-111.52277653405746,45.723565176304604],[-111.52266666720979,45.723702309401084],[-111.52261186749456,45.723800976303266],[-111.52255693459098,45.723965575963263],[-111.52250986812332,45.724036976522896],[-111.52242366821807,45.724108309435017],[-111.52236093443221,45.724064309956759],[-111.52232193418297,45.723992976262075],[-111.52229846806358,45.723888709772261],[-111.52228286733954,45.723729576168459],[-111.52229873444023,45.723559509514374],[-111.52237713450374,45.723400376425666],[-111.52235353415549,45.723378509710308],[-111.52232226715381,45.723356509324944],[-111.52229106778684,45.723312576085398],[-111.52225973419098,45.723235776553246],[-111.52225193434924,45.723136976443698],[-111.52225193434924,45.723038176159484],[-111.5223148679176,45.722851709751254],[-111.52235406794934,45.72268710971516],[-111.5223699340095,45.722500576029859],[-111.52225246710258,45.722451176436515],[-111.522087933728,45.722357775977187],[-111.52192353354174,45.722258976494231],[-111.52186873382651,45.722204176361586],[-111.52178273370376,45.722011976296038],[-111.52171233430504,45.721902309386429],[-111.52128953418556,45.721512575863422],[-111.52114873330703,45.721336976375717],[-111.52106266659011,45.721265575997592],[-111.52093733324729,45.721139375804093],[-111.52084333350031,45.72102950958687],[-111.52077306728992,45.720886909181118],[-111.52032673341633,45.720672775787349],[-111.52016226663592,45.720562976213138],[-111.52002926663967,45.720453109588959],[-111.51993533348684,45.720332376354669],[-111.51988833361337,45.720156776063554],[-111.51986506623594,45.7200031762086],[-111.51985746617669,45.719783709335651],[-111.51988093333662,45.719635509756031],[-111.51997513286609,45.719410576187208],[-111.52006133277135,45.719300976092313],[-111.52019466677895,45.719169309091889],[-111.52034353283535,45.719054109565384],[-111.52046113293059,45.718971909353158],[-111.52093913337085,45.718747108964848],[-111.52115066661892,45.71867037580509],[-111.52130733355759,45.71859357570353],[-111.5214170661764,45.718527775916634],[-111.52150333267583,45.718401576077575],[-111.52143306646542,45.71808337596061],[-111.52148013293309,45.717907775866252],[-111.52151946615317,45.717836509139566],[-111.52164493268434,45.717677375732919],[-111.52174686650193,45.717567709033119],[-111.52197413262184,45.717282509076163],[-111.52202133331835,45.717101375602219],[-111.5220212667242,45.71704110928647],[-111.52201353243608,45.716898375922156],[-111.52191233323538,45.716102775274258],[-111.52189673251137,45.71604237565554],[-111.52177153235685,45.715828375537939],[-111.52172453248338,45.71568577566191],[-111.52166226589721,45.715323575513565],[-111.52163093230138,45.715235775558185],[-111.52152926590097,45.715038175205279],[-111.52147466596824,45.714736375587826],[-111.52144333237239,45.714681575342347],[-111.52135733224965,45.714593708990137],[-111.52096573253768,45.714478308951229],[-111.52085613206668,45.714417975871228],[-111.52075433247794,45.714330175219594],[-111.52065266503701,45.714198375173957],[-111.52056666491426,45.714000908469444],[-111.52052766570553,45.7138361755568],[-111.52049646529804,45.713605775346267],[-111.52048873205047,45.713441175680622],[-111.52038713224421,45.713144908865331],[-111.5203482651833,45.712864975674471],[-111.52034046534155,45.712678508736481],[-111.52034853155996,45.712376708727412],[-111.52037213190822,45.712212108348162],[-111.5204114651283,45.712140708661444],[-111.52048193216174,45.712052975635679],[-111.5203332648473,45.711899308457014],[-111.52028626497382,45.711833508779677],[-111.52020026485106,45.711663308554897],[-111.52018466516756,45.71156997507147],[-111.52017706510833,45.711213375602085],[-111.52015366454256,45.71104877542956],[-111.52010686445158,45.71085670846491],[-111.51989586499738,45.710263975113762],[-111.51981786449886,45.709934908198328],[-111.5197944639331,45.709704374922147],[-111.51979466475613,45.709539775391846],[-111.51984233057129,45.708590575358286],[-111.51983453072954,45.708458908553069],[-111.51978766404437,45.708316175067253],[-111.51972513108157,45.708200974965152],[-111.51967826439642,45.708151508233115],[-111.51939646389739,45.707926508092228],[-111.51930253074458,45.707827708523766],[-111.5192008643442,45.707646574922563],[-111.51911486422144,45.707372175083783],[-111.51907573078387,45.70730090800047],[-111.5189818642252,45.7072019750794],[-111.51879393028484,45.707059308140742],[-111.51866892991285,45.706900175290031],[-111.51863766395174,45.706834308689963],[-111.51862206322768,45.706735508644286],[-111.51862986410995,45.706636775274795],[-111.51866132985361,45.706510574741053],[-111.51881812998062,45.706252774584804],[-111.51884166373472,45.706170508310343],[-111.51883393048715,45.706153974964622],[-111.51881826316894,45.706148508415893],[-111.51863806351672,45.706197774913441],[-111.51846566370622,45.706274575337986],[-111.51841086399099,45.706263574685714],[-111.51837173055338,45.706230574895734],[-111.51834832998765,45.706181308427091],[-111.51834053014589,45.706109975154092],[-111.51835626301772,45.706038574938582],[-111.51852893024541,45.705539374725049],[-111.51853692986964,45.705352908053264],[-111.51852126359199,45.705243108169476],[-111.51841986356825,45.704941307977492],[-111.51811486332653,45.704310175047809],[-111.51802892979796,45.704052308063524],[-111.51797432986521,45.703788908436174],[-111.51794326264604,45.703410307766262],[-111.5179433292402,45.703273108154683],[-111.51804552943447,45.702735508256353],[-111.51813972896394,45.702515975020809],[-111.51821812902746,45.702367907687325],[-111.51845332921795,45.702071707894419],[-111.5184846628138,45.702016774599223],[-111.5187986626328,45.701166507596206],[-111.51893212878822,45.700738574299251],[-111.51901846292232,45.700513707832698],[-111.51911246266931,45.700332574513979],[-111.51936326254329,45.700047374536524],[-111.51949646232204,45.69993217410871],[-111.51953566235379,45.699888307479156],[-111.51955146286031,45.699849974112496],[-111.51952786251205,45.699816974170233],[-111.51944966223104,45.699789574370698],[-111.51933212872994,45.699778507763519],[-111.519050129489,45.699833307360009],[-111.51898752889149,45.699778374045671],[-111.51891712949276,45.699652107884866],[-111.51888606227358,45.69950950743258],[-111.51890192937428,45.699262574553231],[-111.51882366249909,45.699119907701274],[-111.51880812836923,45.699064974412806],[-111.51880812836923,45.698977307345196],[-111.51883952855925,45.698834574358791],[-111.5189494620011,45.698477974310386],[-111.51896532910177,45.698099374013076],[-111.5189498615661,45.698027974467834],[-111.51891846241662,45.697984173932184],[-111.51885586181911,45.697940307227874],[-111.51884026213561,45.697901774122414],[-111.51883252888804,45.697814107411318],[-111.51888746179161,45.697638507584323],[-111.51902866223513,45.697314774163637],[-111.51913832825977,45.697122907107449],[-111.51965572851427,45.696442707387469],[-111.51985966170311,45.696069573926614],[-111.5202358615141,45.695570374091005],[-111.52031412838924,45.695389373749251],[-111.52049452886455,45.695060307212586],[-111.52077672892854,45.694676306953916],[-111.52110586123132,45.694193573424471],[-111.52129406154833,45.693957706634791],[-111.52134886126356,45.693869973415623],[-111.52148212867701,45.693612106974719],[-111.52164672864575,45.693348773724956],[-111.52191346117408,45.692641106624613],[-111.52202326142759,45.692421573002981],[-111.522109527927,45.692300973273106],[-111.52243852808199,45.691982773554827],[-111.52262652861651,45.691730573518583],[-111.52272866117606,45.691516573352111],[-111.52282266196359,45.691269706206299],[-111.52285406111305,45.691127106182421],[-111.52285432853026,45.690770373395516],[-111.52287806102633,45.690556373189345],[-111.52291732765224,45.690232706343146],[-111.52294092800051,45.690128506242033],[-111.52297226159635,45.690057172839204],[-111.523113327811,45.689848706371777],[-111.52320746178685,45.689766373074839],[-111.52351286159357,45.689563505983131],[-111.52362246102405,45.689470306413504],[-111.52377146130931,45.689234373184306],[-111.5237636614676,45.689146572952538],[-111.52373246106006,45.689036906240482],[-111.5236932610283,45.688992906042557],[-111.52366192847302,45.68899297291437],[-111.52363052828301,45.68902037291614],[-111.52356006124957,45.689130106532268],[-111.5234190616291,45.689393373148896],[-111.52337192752674,45.689437306160507],[-111.52333286172386,45.689453706345958],[-111.52327806096807,45.689459173073338],[-111.52321546141111,45.689453706345958],[-111.52308232822652,45.689387772672347],[-111.52291812782278,45.689234106424969],[-111.52287886119684,45.68917377299109],[-111.52285552826578,45.689107906586059],[-111.52283992754178,45.688987173235937],[-111.52290272792179,45.688646972596842],[-111.52316952808479,45.687785705889233],[-111.52326386080263,45.687385172755938],[-111.52330326061687,45.687105306099326],[-111.52330326061687,45.68691330588441],[-111.52324906024914,45.686134172428609],[-111.52334346060165,45.685431905878922],[-111.52346912691532,45.684910706061544],[-111.52352392663055,45.684735105698351],[-111.52382192720108,45.683983505752508],[-111.52409632742332,45.683451372352003],[-111.5243236601374,45.683111305969035],[-111.5245037266013,45.682897305537765],[-111.5246917271358,45.682683371894242],[-111.52499726013086,45.682387171785066],[-111.52543592735104,45.682036172025796],[-111.52585872747053,45.681767505078632],[-111.52617206030732,45.681597505556901],[-111.52638346036706,45.681449371927883],[-111.52663406045858,45.681246505205287],[-111.52684552711247,45.681037971734121],[-111.52730772704621,45.680462105104503],[-111.52784066039004,45.679589904946525],[-111.52795026086105,45.67945817129899],[-111.52809906032326,45.679337571244226],[-111.52818526022853,45.679282705036051],[-111.52828692662894,45.679244305201294],[-111.52865486043899,45.679167571609241],[-111.52897586096975,45.679079904611086],[-111.52906986071673,45.679041504637141],[-111.52914032670965,45.678997571457799],[-111.52920292730715,45.678942771073089],[-111.52928126077647,45.678833104712652],[-111.52934392692762,45.678772771692636],[-111.52943792771516,45.678723371253227],[-111.52975106076946,45.678657571059347],[-111.52983712748637,45.678630171070722],[-111.53006426041794,45.678525971166486],[-111.53017386088895,45.678465771584115],[-111.53028346031941,45.678388904609442],[-111.53035392735285,45.678323104749268],[-111.53048712713158,45.678147570950053],[-111.53053412700508,45.678054304377582],[-111.53081632706909,45.677297171482465],[-111.53086346013092,45.677149104259243],[-111.53094966003616,45.676754104708991],[-111.53102812669383,45.676468704511791],[-111.53117706038492,45.676073704520881],[-111.53120846057493,45.675931104290861],[-111.53128712701509,45.675305570801065],[-111.53129512663934,45.674850170821635],[-111.53116245961392,45.674219170846939],[-111.53102966044072,45.673840503756168],[-111.53098272612085,45.673664970436661],[-111.53089672703864,45.67348930424],[-111.53076386023073,45.67316557063441],[-111.53049812661492,45.672452170345956],[-111.53033412599366,45.671859570801821],[-111.53028745909101,45.67149190396573],[-111.53024865966479,45.670948703781903],[-111.53024105960554,45.670668903958301],[-111.53024905922977,45.670169570491602],[-111.53026492528994,45.669922703664113],[-111.53035105860101,45.669708703688478],[-111.53042932547619,45.669609970381174],[-111.53056245866075,45.669483770627274],[-111.53095392622494,45.669193170037126],[-111.53154105889598,45.668907970505181],[-111.53165845920873,45.668842170403785],[-111.53173672608391,45.668776370224997],[-111.53179945882921,45.668705103395375],[-111.53190132605265,45.668523970309352],[-111.53221472548363,45.667849170128115],[-111.53233232557888,45.667563903394978],[-111.5324341251676,45.667240169691006],[-111.53248125926996,45.667064569859754],[-111.53264605902119,45.666247103183132],[-111.53262272504962,45.665890503334822],[-111.53259145908848,45.665638103495461],[-111.53256032527514,45.66551736967083],[-111.53249772571814,45.665352769501887],[-111.53236485891024,45.665067370062204],[-111.53208345797624,45.664639369980293],[-111.5317001253057,45.664106969711419],[-111.53129365844607,45.663607569706983],[-111.53105905760306,45.663196103061274],[-111.53088705735757,45.662938103220711],[-111.530707124082,45.662713102955721],[-111.5303865241568,45.662416703324674],[-111.53003452404157,45.662136769949363],[-111.52990932388705,45.661983103028795],[-111.52967492386708,45.661582502987486],[-111.5295811239026,45.66147816952968],[-111.52939332419112,45.661319103320444],[-111.52926032419488,45.661247703367842],[-111.5292369236291,45.661225703254082],[-111.52910392363287,45.661170769837007],[-111.52890065742623,45.661060969746352],[-111.52872065651597,45.66094030313706],[-111.52859545740199,45.660841503457235],[-111.52847825687176,45.660731703448114],[-111.52835305671725,45.660588969586691],[-111.5282045236317,45.660358503400857],[-111.52804812306969,45.660215703136302],[-111.52797772367097,45.660177369487613],[-111.52771952352022,45.660094903074267],[-111.52741452327849,45.659968702958679],[-111.52686685597533,45.659688703527095],[-111.5267338559791,45.65963377005648],[-111.52664785585635,45.659617169863218],[-111.52656185677414,45.659617302949854],[-111.52594352265507,45.659677370085156],[-111.52568532250433,45.659677303178242],[-111.52548972295112,45.659666303541186],[-111.52516892220285,45.659611370048587],[-111.52473085641125,45.659501369814791],[-111.5244961223799,45.659424503700549],[-111.52415205529476,45.659265303660106],[-111.52384692186469,45.659084103666245],[-111.52375312190021,45.659018303653404],[-111.52329945538459,45.658804103447324],[-111.52305705574037,45.658661303581965],[-111.52295532170524,45.658546103730743],[-111.52281452186729,45.658331970081299],[-111.52242392210835,45.657525303219515],[-111.5221349211151,45.656817503692992],[-111.5220413209331,45.656389503088711],[-111.5220259210321,45.656175369919573],[-111.52208892119464,45.65562130358969],[-111.52208112135285,45.655434703210297],[-111.52202672120265,45.655006702946672],[-111.52206612101688,45.654551369821235],[-111.52202732055012,45.654090370070783],[-111.52202745477901,45.653964169513785],[-111.52209812055439,45.653591169469337],[-111.52217645402372,45.653437503097194],[-111.52230965380247,45.653229103111705],[-111.52245852089939,45.653042569676714],[-111.52261512124389,45.65287796992574],[-111.52292045445645,45.652614769332793],[-111.52366425406618,45.651857769434216],[-111.52397745371465,45.651440969296026],[-111.5241027204633,45.651254369534662],[-111.52420452109257,45.651073369099642],[-111.52434552071306,45.650700302523042],[-111.52443985447141,45.650206502260836],[-111.52461232087606,45.649592102594561],[-111.5246359201838,45.649372568805049],[-111.52464405403691,45.649125702644078],[-111.52463645397768,45.648719702116203],[-111.52465232003782,45.648472769067148],[-111.52466792076184,45.648373969211022],[-111.52474645401368,45.648105169029577],[-111.52473872076609,45.647858169259962],[-111.52475452023208,45.647644302433235],[-111.52490365370568,45.646936502407264],[-111.52499772004683,45.646607369097303],[-111.52503692007856,45.646557902441906],[-111.52524032051409,45.646459302158533],[-111.52527965373416,45.64628370188948],[-111.52530331963607,45.645965368486934],[-111.52538951954131,45.6456307686461],[-111.52550711963657,45.64533450191324],[-111.52564805370339,45.645038301992741],[-111.52579685316564,45.644813368742078],[-111.52587512004081,45.644714702100458],[-111.52612565353813,45.644456901535065],[-111.52634472025127,45.644281301536182],[-111.52654825283457,45.644155168352803],[-111.52667345298909,45.64409490197739],[-111.52722125348056,45.643859101867889],[-111.52751072063297,45.643689101408974],[-111.52764385381755,45.643573901311377],[-111.52812132046392,45.64306376848436],[-111.52867705398549,45.642592101122595],[-111.52879445325772,45.642471367799089],[-111.52891965341222,45.642328767807378],[-111.52909965328195,45.642043501262059],[-111.52925632022061,45.641889901417436],[-111.52950672052961,45.641703501176792],[-111.52965532020934,45.641610168058222],[-111.5304300538499,45.641072700824729],[-111.53062571999729,45.640957568096312],[-111.53125172076976,45.640535167325567],[-111.53145512016472,45.640414567794245],[-111.53168211990796,45.64029950064343],[-111.5321749209017,45.6401239676388],[-111.53228452033217,45.640080100670552],[-111.53240185405078,45.640014300881248],[-111.53295745334344,45.639663300920894],[-111.53385725395017,45.639120367374723],[-111.5344284539669,45.638807700659534],[-111.5349840543001,45.638423766838919],[-111.53560212100197,45.637941100162081],[-111.53577425443581,45.637831367291831],[-111.5359541211172,45.63773269999443],[-111.53647045378396,45.637491367109455],[-111.53687732124915,45.637250100118777],[-111.53760505397567,45.636706966395487],[-111.53815285446714,45.636235166942875],[-111.53830132095854,45.636125499849591],[-111.5387786544166,45.635928166349167],[-111.53891952084874,45.635862299841691],[-111.53904465440908,45.635785499502454],[-111.539177521217,45.635681299872424],[-111.53952192127298,45.635368699819807],[-111.54000705457277,45.634968166221718],[-111.54000692138445,45.634946165969971],[-111.54008525485378,45.634830966084778],[-111.54017912141244,45.634726766135039],[-111.54028865424876,45.634644499433513],[-111.54035912128217,45.634518299444899],[-111.54049225446673,45.634342699581666],[-111.54064085414646,45.634172699350643],[-111.54070345474399,45.634117899464172],[-111.54093032129887,45.633843499784177],[-111.54119632129137,45.633426566332972],[-111.54166612128435,45.632181165848266],[-111.54219832105181,45.63108929916573],[-111.54226105379712,45.630979565975359],[-111.54233132104805,45.630875365413189],[-111.5427539203445,45.630392565321905],[-111.54287132065724,45.630244499187086],[-111.5431607212155,45.629805565797078],[-111.54362245394952,45.629213098427172],[-111.54398232050066,45.628779698741752],[-111.5446472538877,45.628039098359103],[-111.54486632060085,45.627819698407649],[-111.54510885447392,45.627611098330689],[-111.54513232059332,45.627572764923201],[-111.54524185447016,45.627473965319901],[-111.54560165442716,45.627216098524478],[-111.5456329203883,45.627183164890631],[-111.54575805394862,45.627117498402157],[-111.54577372126681,45.627095498706929],[-111.54585192050729,45.627046098506469],[-111.54596145438413,45.626991298200686],[-111.54640725446384,45.626804764715757],[-111.54654812089599,45.626711498468218],[-111.54686092097947,45.626365898260083],[-111.54708772094021,45.626168364482623],[-111.54739285437026,45.625866697997942],[-111.54806552100487,45.625317964948124],[-111.5485518540402,45.624936564247299],[-111.54889592112535,45.624695097665146],[-111.54906025471743,45.624508697714241],[-111.54946685476541,45.624135564117225],[-111.54967032075453,45.623987364292304],[-111.55007705399083,45.623663697400076],[-111.55030385395158,45.623427897907931],[-111.5506714547908,45.623213897799793],[-111.55092952071269,45.623120564449145],[-111.55110932079994,45.622895697488289],[-111.55136745435651,45.622621364396466],[-111.55153952119616,45.622396363713705],[-111.55178192084037,45.622193497658976],[-111.55197752143413,45.62204529706662],[-111.55222772092009,45.621875164201541],[-111.55232945495517,45.621814763973838],[-111.55256405475767,45.6217215636538],[-111.55301765467911,45.621463763548384],[-111.55329125473084,45.621266296916055],[-111.55358845513084,45.621112563705402],[-111.55391685489781,45.620893163571026],[-111.55403412098168,45.620832896919737],[-111.55447212121966,45.620651763992861],[-111.55508992154486,45.620355563860379],[-111.5553088550697,45.620223896779393],[-111.55543392203586,45.620119696600057],[-111.55555912114981,45.619976897085991],[-111.55559032155733,45.619954963726094],[-111.55564505467839,45.619927563388877],[-111.55591092148255,45.619861763225543],[-111.5563098548771,45.619620363573333],[-111.55666945505155,45.619444763611661],[-111.55689625501229,45.61922529654575],[-111.55718552134168,45.619022296750551],[-111.55755312218092,45.618813762915153],[-111.55803792146936,45.618588896147251],[-111.55816292184136,45.618506562819505],[-111.55823345546895,45.618446296514037],[-111.55840545467393,45.618254163390915],[-111.55881985560414,45.617875563209459],[-111.5588746553194,45.617837296651757],[-111.55919512205627,45.617683562772619],[-111.55942192201701,45.617464096091197],[-111.55948445497981,45.617420162622984],[-111.56011785498852,45.617058096113865],[-111.56056345528573,45.616827562893683],[-111.5611029221416,45.616520362833519],[-111.56147832178208,45.616273496026949],[-111.5619396549511,45.615735762500918],[-111.56247912180699,45.615571096079769],[-111.56287005557728,45.615417562689451],[-111.56362052188737,45.615165162457465],[-111.56444152286559,45.614956561873761],[-111.56475425635489,45.614912761817301],[-111.56491065587637,45.614879762001401],[-111.56507485628012,45.614863361798982],[-111.56532505576607,45.614852295134995],[-111.56562212297773,45.614791962308537],[-111.56578632234094,45.614742562183807],[-111.56608345614677,45.614671295005195],[-111.56658372297089,45.61457796199052],[-111.56681052293162,45.614555961741438],[-111.56712325642094,45.614506562136668],[-111.56810065692061,45.614303561998597],[-111.56838205681409,45.614232161795378],[-111.56891365619352,45.614029095158308],[-111.56909352287489,45.613941361822917],[-111.56932012305316,45.613804094931382],[-111.56971105682346,45.613491361218095],[-111.56989865675243,45.613354161642995],[-111.57007072359208,45.61324449490624],[-111.57063365656735,45.612926161590607],[-111.57067265681661,45.612893161333588],[-111.57073512318527,45.612755961022927],[-111.57077425662285,45.61272869473305],[-111.57084465706211,45.612717694610822],[-111.57096972298773,45.612717694610822],[-111.57121985692005,45.612734094712856],[-111.57127465663528,45.612728561535008],[-111.57141532328497,45.612679161048362],[-111.57164985649327,45.612569494447428],[-111.57210325663223,45.612316961299484],[-111.57218145691323,45.612256560965477],[-111.57224405647021,45.612185294266972],[-111.57261912313983,45.611702360863198],[-111.57346332386076,45.611005494512497],[-111.5735884574211,45.61089016098871],[-111.5736587236315,45.610807961206],[-111.57390105668155,45.610434761176762],[-111.57418245657503,45.610105560496265],[-111.57433092306641,45.609891494254441],[-111.57436212347393,45.609781761059224],[-111.5743855240397,45.609628160866357],[-111.57437772315741,45.609540360958619],[-111.574244656567,45.608942360597389],[-111.57421345615948,45.608656960501477],[-111.57420552312942,45.608349760813795],[-111.57421325637701,45.607866894109286],[-111.57422885606049,45.607713293768114],[-111.5742209230304,45.607466360531284],[-111.57430692315316,45.607224893687196],[-111.57443985655523,45.607010893612191],[-111.57463512313763,45.606774960757015],[-111.57472885650793,45.606599360607014],[-111.57492425627866,45.606335960079235],[-111.57529945613662,45.60596829398591],[-111.57541665666687,45.605825560347235],[-111.57554945584009,45.605512893521812],[-111.57554932265175,45.605167293674498],[-111.57560405577283,45.604936693375244],[-111.57556492233523,45.604761160266946],[-111.57555705589932,45.604612960190813],[-111.57556485574106,45.60449789378908],[-111.57551792246174,45.604058760271911],[-111.57547872242999,45.603916160089433],[-111.57536132211723,45.60372415990625],[-111.57511905566135,45.603586960461769],[-111.57505652269852,45.60353215979395],[-111.57461072261881,45.602632359941659],[-111.57437612177581,45.602078160112853],[-111.57436052209232,45.601990493258953],[-111.57437605518163,45.601842293143513],[-111.57447765498789,45.601556893323547],[-111.57446192211607,45.6014526934024],[-111.57443845495612,45.601359493455767],[-111.57436025571566,45.601277093336485],[-111.5740867222581,45.601068692989429],[-111.57407105493992,45.601030160160178],[-111.57407885478166,45.600942359898674],[-111.57411012178335,45.600860160098129],[-111.57412572146683,45.600772360298635],[-111.57408652143509,45.600459559746923],[-111.57403172171983,45.600316892902505],[-111.57398485503468,45.600256559728422],[-111.57384425497919,45.600174293401231],[-111.57372685466643,45.600059093403679],[-111.5735002544882,45.600004292930031],[-111.57342192101886,45.59994935990246],[-111.57316392169116,45.599658560135715],[-111.5730623208444,45.59951595968932],[-111.57290605451125,45.599258093171628],[-111.5728200543885,45.599088093564667],[-111.57246812086744,45.598221093017663],[-111.57245245458981,45.598127893527305],[-111.57246032102572,45.598045560010817],[-111.57247592070921,45.597979693401825],[-111.57256952089116,45.597771159950554],[-111.57255392120769,45.597732693293587],[-111.57238985399228,45.5975955600113],[-111.57232732102948,45.597513293422843],[-111.57224912074847,45.597376093351116],[-111.57188165413808,45.59695909326539],[-111.57147512068428,45.596454359971631],[-111.57135785355986,45.596240359582609],[-111.57130312043878,45.596075759697129],[-111.5710217205453,45.595763093139738],[-111.57091225326265,45.595521693142686],[-111.57076365358292,45.595296692939087],[-111.57070111957955,45.595181493120506],[-111.57059945317917,45.59489615989591],[-111.57045092009359,45.59460535942371],[-111.57027891984812,45.594084159363575],[-111.57023985300468,45.593908559536153],[-111.57022412013288,45.593732959887355],[-111.57024765284645,45.593590359672085],[-111.57038045306017,45.593134892954218],[-111.57064605244713,45.592542292927078],[-111.57074765329389,45.592245959621742],[-111.57088045246711,45.591993559240251],[-111.57112265232881,45.591691759141426],[-111.5712242531756,45.591631492419069],[-111.57170871949319,45.591466692612876],[-111.57193545285975,45.59140635938855],[-111.57226365284423,45.591346092359728],[-111.57278725259941,45.591296559452736],[-111.5730686535334,45.591280092647636],[-111.5735140530076,45.591274492549331],[-111.57384231958622,45.591214159118394],[-111.57412365288552,45.591181159194463],[-111.57449085311926,45.591148292500456],[-111.5749442532582,45.591137292515015],[-111.57540532005056,45.591076758698357],[-111.57605392017776,45.590928558882531],[-111.57619452023324,45.590879158856978],[-111.57628832019773,45.590818758740092],[-111.57714005334321,45.59016029196485],[-111.57723385330772,45.590077958408621],[-111.57733531992561,45.589957291822053],[-111.57762445410718,45.589551158265259],[-111.57767132079235,45.589446891631304],[-111.57776505416267,45.589161558376823],[-111.5778352537789,45.589018891933854],[-111.57792125390166,45.588903691607555],[-111.57808512029402,45.588640291740496],[-111.57809292013577,45.588525092093498],[-111.57794445364438,45.588146491482163],[-111.57791312004855,45.58803129154991],[-111.57789745377086,45.587861158170767],[-111.5778113204598,45.587504558123349],[-111.57765491989778,45.587038158466918],[-111.57756891977505,45.586862558439556],[-111.5773577194978,45.586132891824917],[-111.5773186526544,45.585957291878515],[-111.57727951921679,45.585556691453533],[-111.57728725246437,45.585293358168734],[-111.57730285318841,45.585178091210963],[-111.57738871908229,45.584892758103287],[-111.57747465261087,45.584783091797703],[-111.57763871982627,45.584618357813937],[-111.57779485297108,45.584481291523751],[-111.57793551962074,45.584387957796238],[-111.57805285333932,45.584333091042843],[-111.57876385324099,45.584102491047645],[-111.57938885301992,45.583948757919522],[-111.57954511935304,45.583893891465081],[-111.57965445344739,45.58386649098825],[-111.58018585304433,45.583794958101144],[-111.58051405302879,45.583772957430746],[-111.58072505352352,45.583745557623097],[-111.5809829196629,45.583734491374059],[-111.58167845306942,45.583734357378965],[-111.58188165372242,45.583723490663992],[-111.58255352018648,45.583657490727553],[-111.58291292057847,45.5836463574635],[-111.58327245415877,45.58365189059699],[-111.58345225424601,45.583668290457673],[-111.58401485425046,45.583744957558054],[-111.58510892044599,45.583947757329248],[-111.58535905437833,45.583986090701728],[-111.58611692096514,45.584018957220223],[-111.58640612070035,45.584046290625466],[-111.58723452091479,45.584194156878453],[-111.58792232107371,45.584380690100922],[-111.58809425472502,45.584419090174507],[-111.58831305506153,45.584429890486312],[-111.58870372141463,45.584413356854633],[-111.58893812143461,45.584358490126057],[-111.58914125549344,45.584330957338707],[-111.58975072218304,45.584413156592561],[-111.5905869222392,45.584495156920774],[-111.59072765548302,45.584500689970596],[-111.59121992268291,45.584478690304969],[-111.59194672205055,45.584566289849178],[-111.59274392289801,45.584681290077413],[-111.59321272293796,45.584768956301794],[-111.59344725614628,45.584823690093124],[-111.59404892299412,45.585004556416827],[-111.59437732276108,45.585147156600165],[-111.59447112272558,45.585212956710727],[-111.59461972344582,45.585344689963492],[-111.59474472277729,45.585410356579601],[-111.5948229230583,45.585437756302902],[-111.59490885658688,45.585448756677089],[-111.59558872371574,45.585443089729658],[-111.59583885660754,45.585421089705157],[-111.59616705659199,45.585371556666821],[-111.59657325707497,45.585300156047779],[-111.59669832404114,45.585267156287877],[-111.59689365721769,45.585179356121621],[-111.59700292367734,45.585091556546232],[-111.59738565700037,45.584745756632664],[-111.59768245679483,45.584432889318428],[-111.59790112394298,45.584251756078032],[-111.59812745670402,45.583982889397504],[-111.5981744565775,45.583911489196929],[-111.59827565681874,45.58357128943593],[-111.59827552363041,45.583379289546912],[-111.59825205647049,45.583170755731921],[-111.59818945691349,45.583033556279993],[-111.59813465719824,45.582945756261587],[-111.59804085723377,45.582852556163125],[-111.59793132335692,45.582655089040294],[-111.59789212332515,45.582561755917887],[-111.59787652364167,45.582463089659186],[-111.59787645704752,45.582347888987108],[-111.59789192354268,45.582254489082906],[-111.5978685229769,45.582155756013051],[-111.59775892354642,45.581892489068352],[-111.59765725610551,45.581607089011122],[-111.59766485616474,45.581508356259256],[-111.59779765637848,45.581310756233769],[-111.59796152277087,45.581019889012637],[-111.59807085686522,45.580888155807287],[-111.59811765591567,45.580811355901396],[-111.59814885632319,45.580696155481519],[-111.59814872313486,45.580547955932644],[-111.59813305581666,45.580410755897432],[-111.5981095231031,45.580334089341783],[-111.59798432294858,45.580109155700953],[-111.59781225610894,45.579692155495728],[-111.59763232283336,45.57937948942979],[-111.59735865618748,45.579127155729452],[-111.59706945541173,45.57879248899328],[-111.59703025537998,45.578715755409327],[-111.59694405547475,45.578359089255535],[-111.59698305572398,45.578188955694955],[-111.59698292253564,45.578073755720943],[-111.59696732181163,45.577964089204656],[-111.59682632219113,45.577481155454173],[-111.59674805531598,45.577366088766702],[-111.59641185570727,45.576751555540383],[-111.59622412154944,45.576510288630388],[-111.59591925553656,45.576252489018714],[-111.59571605488355,45.576054955711115],[-111.59553612160799,45.575840955472785],[-111.5954344552076,45.575692955783929],[-111.5951842546811,45.575215688689816],[-111.59506685436834,45.575029155607631],[-111.59493392096628,45.574853555891167],[-111.59429292089834,45.574195355607436],[-111.59395672128962,45.573789355658725],[-111.59376132047838,45.573580888924639],[-111.59329232065592,45.573169555768423],[-111.59278425399006,45.572703155744755],[-111.59258885317878,45.572544155811542],[-111.59247152050074,45.572478355420742],[-111.59203391982777,45.572291955280953],[-111.59156511978782,45.572078089293434],[-111.59133851960958,45.571946488799391],[-111.59100245318923,45.571661155458131],[-111.59088511947061,45.571584355314606],[-111.59051791923692,45.571419889258188],[-111.59007245316857,45.571151155611041],[-111.58968951902249,45.570898889096313],[-111.58924405295413,45.570569688804731],[-111.58893925249491,45.570322889296932],[-111.58882205196464,45.57020215548102],[-111.58865785260143,45.569977289058528],[-111.58849371879185,45.569785289302189],[-111.58841551851086,45.569735888880835],[-111.58814205164745,45.569598755665005],[-111.58786071834815,45.569368489229419],[-111.58772785154025,45.569231155528804],[-111.58762625173402,45.569077689077048],[-111.5875558523353,45.568923955601932],[-111.58746971798368,45.568572889350584],[-111.58726645177705,45.568199755857584],[-111.58714131821672,45.567930955812471],[-111.58710991802671,45.56766215593796],[-111.58711771786845,45.567541489247134],[-111.5871723178012,45.567365755394874],[-111.58721911789218,45.567310955778865],[-111.58728171848971,45.567261555366677],[-111.58761751853341,45.567047488840061],[-111.58775025111245,45.566970688943975],[-111.5880548517892,45.566822488864744],[-111.58839065183288,45.566613888459408],[-111.58854685157185,45.56654248875379],[-111.58911705163554,45.566333755457386],[-111.58926545153277,45.566295488707098],[-111.58940605158826,45.566273488464461],[-111.5895153180479,45.56626795507534],[-111.58999205215848,45.566306155554514],[-111.59016371839259,45.566311688211393],[-111.5908434523331,45.56642115530321],[-111.59128105196557,45.566437555097437],[-111.59149191927197,45.566431955434759],[-111.59171065197376,45.566415488620642],[-111.59302285256413,45.566234155205613],[-111.59358525278604,45.566179087868555],[-111.59385085321355,45.566140555123994],[-111.59399145222848,45.566091288448234],[-111.59406951932115,45.566047288522853],[-111.59411631941217,45.566003354853279],[-111.5941711191274,45.565932088409319],[-111.59428811987513,45.565663088110817],[-111.5944520528617,45.565421688332108],[-111.59453771897307,45.56516368775258],[-111.59456085212163,45.564587554834048],[-111.59458425268741,45.564461354527943],[-111.59463091959006,45.564335154666779],[-111.5948418524501,45.563983954833219],[-111.59491191887801,45.563819354333958],[-111.59496651881074,45.563610887747316],[-111.59498205294061,45.563402287800436],[-111.594958319404,45.563155488125787],[-111.59492705240231,45.562990754797077],[-111.59481751852547,45.562765887916925],[-111.59477065184031,45.5626396878896],[-111.59471571893675,45.562310488002382],[-111.59471571893675,45.562228154399669],[-111.59475465259185,45.561953887401117],[-111.59482451819669,45.561229554084562],[-111.59486351844595,45.561086887329893],[-111.59494151894445,45.560922287813526],[-111.59506631849341,45.560735687589158],[-111.5951913188654,45.560603954154246],[-111.59529285207746,45.560532554095495],[-111.59579245191941,45.560131887381672],[-111.59640131822097,45.559577554196196],[-111.59657311868396,45.559467753935877],[-111.59710405212172,45.55908895373971],[-111.59736171847861,45.558951687434032],[-111.59761151839956,45.558770553594258],[-111.59773651877157,45.558704686797384],[-111.59790045175812,45.558561953889551],[-111.59794725184909,45.558457687260642],[-111.598017318277,45.55812295344947],[-111.59811085186482,45.557826553574991],[-111.59809505239883,45.557524886730725],[-111.59816491904425,45.55697615393143],[-111.59817265229182,45.556844486726121],[-111.59816485140954,45.556778553556086],[-111.5981414518843,45.556734686953725],[-111.59808665216906,45.556679887167547],[-111.5973989186043,45.556087486657795],[-111.59664105097693,45.555517087280855],[-111.5965706515782,45.555451286615941],[-111.59637531736112,45.555187887191217],[-111.59592185062799,45.554529686695446],[-111.59558591739595,45.554227887030613],[-111.59546085042976,45.55408535332203],[-111.59532791702772,45.553887887048539],[-111.59524191690497,45.553789086618316],[-111.59504671691674,45.553684886910013],[-111.59499985023157,45.553646553254048],[-111.59487471667126,45.553498353728735],[-111.59471845033811,45.553295353640436],[-111.59458545034185,45.553065086682047],[-111.59437451644128,45.552801687002521],[-111.59404611667432,45.55234088724324],[-111.59394465005643,45.552176286880197],[-111.5938195164961,45.55201175379915],[-111.59298331643993,45.55100235389569],[-111.59271764941829,45.550640286501313],[-111.59265511645546,45.550541486919769],[-111.5925300494893,45.550278153380383],[-111.59237364892728,45.549883153308379],[-111.5922171162175,45.549339953814552],[-111.59217791618575,45.549027287099527],[-111.59215424924331,45.548643153199556],[-111.59199751571047,45.547529353425361],[-111.5919895150457,45.547353752997793],[-111.59201264819426,45.546662353045129],[-111.59200471516419,45.54653075349357],[-111.59198924866904,45.546464953237944],[-111.59192664807152,45.546333153555182],[-111.59169204826904,45.5458723532306],[-111.59166084890207,45.54577368664107],[-111.59163731514798,45.545609086721143],[-111.59163724855381,45.545444352961496],[-111.59171511482344,45.545016486436182],[-111.59175404847852,45.544720086664256],[-111.59165171509594,45.543337486024086],[-111.59162044809425,45.543211152724524],[-111.59155791409093,45.543046685952525],[-111.59147964825628,45.542914952589285],[-111.59140164775776,45.542854685983052],[-111.59115164805431,45.542722952898664],[-111.5907220480461,45.542421352920044],[-111.59052671382902,45.542190886183228],[-111.59046424746035,45.542103086445152],[-111.59034704693011,45.541806886302247],[-111.59030004705662,45.541642286428115],[-111.59026864686662,45.541444753116522],[-111.59029191424403,45.541214353068611],[-111.59036204726611,45.54088508596432],[-111.59037764694959,45.540753352637665],[-111.59035411423602,45.540588752594417],[-111.59032284723436,45.54046808606217],[-111.59014304714711,45.539963285817969],[-111.59012731323475,45.539864552739623],[-111.59012731323475,45.539765752437908],[-111.59019744729736,45.539436552646258],[-111.59019744729736,45.53934875297977],[-111.59012671284673,45.538415952315518],[-111.59014971280696,45.537878286061982],[-111.59014951302447,45.537153952174158],[-111.59012584608202,45.536802885654758],[-111.59013351273545,45.536671085913994],[-111.59023491275919,45.536182752769541],[-111.59025824673076,45.536116885738181],[-111.59033624618876,45.536001685484457],[-111.59041431328143,45.535924752046753],[-111.59070311345161,45.535765552542479],[-111.59085924659644,45.535661352220053],[-111.59130404672311,45.535271685296834],[-111.59145231343201,45.53516735213487],[-111.59156944632757,45.535101552427498],[-111.59180364656505,45.535008151944112],[-111.59199091352319,45.534903885349017],[-111.59208464689353,45.534870952187347],[-111.59264664650992,45.534728085133089],[-111.59273244685016,45.534695151868455],[-111.59294324652188,45.534557952076888],[-111.59303684670387,45.53450848496697],[-111.59316184707585,45.534464685532235],[-111.59336484690584,45.534415152012734],[-111.59406744657771,45.534288752016842],[-111.59420784685071,45.534250284868278],[-111.59493371390002,45.533937352004699],[-111.59511324657008,45.533723351673679],[-111.59522244643554,45.533635551832951],[-111.59565951331466,45.533371951773098],[-111.59594824689071,45.533174351504201],[-111.59617464728645,45.532998685100026],[-111.59635404676814,45.532839551659421],[-111.59673631393201,45.532444351788456],[-111.59704064719155,45.532186351407979],[-111.59753224740922,45.531681484832042],[-111.59764924711645,45.531500284970072],[-111.59778164672466,45.531160084825324],[-111.59781284713216,45.531105151495503],[-111.59799231320804,45.530907684672499],[-111.59846824714806,45.530534351348351],[-111.5985463132002,45.530452084174478],[-111.59888951352065,45.529925151110326],[-111.59899084695023,45.529793484681534],[-111.5990844471322,45.529694751240967],[-111.59918604693846,45.529595884231732],[-111.59933424705318,45.529491550745071],[-111.5997868470216,45.529200684165211],[-111.5999428469781,45.529041483849646],[-111.60012224645978,45.528810950608097],[-111.60042644653097,45.528514550691469],[-111.60057471323987,45.528393750363989],[-111.60085564697418,45.528207150750696],[-111.60113651411432,45.528075350546125],[-111.60155804686357,45.527916083626074],[-111.6018312473503,45.52776788405663],[-111.60194824705752,45.527690950289511],[-111.60246304701793,45.527251883674985],[-111.60258011331932,45.527175084061142],[-111.60271284693891,45.527141950281127],[-111.60290011389704,45.527136550084727],[-111.60304071395254,45.527141883945006],[-111.60309524729111,45.527130883814372],[-111.60318124741384,45.52709795047474],[-111.60326704775409,45.527054084035328],[-111.60344651382997,45.526900350031937],[-111.60369611396844,45.526763083841423],[-111.60380544702224,45.526680683581169],[-111.60385211392489,45.526631283898091],[-111.60389124736248,45.526521550488781],[-111.60405491397236,45.526389749979529],[-111.6042967142691,45.526164750498317],[-111.60450744734663,45.525934283467855],[-111.60458531361625,45.525736683311258],[-111.60461651402379,45.525610483236164],[-111.60469431369924,45.525445749930277],[-111.6047801140395,45.525314150289127],[-111.60503764720802,45.525056150006179],[-111.60516231356866,45.524962883013295],[-111.60560711369536,45.524666349824827],[-111.60566951451035,45.52460048315649],[-111.60574751396834,45.524479749510654],[-111.60578631443509,45.524375483079716],[-111.60593431372679,45.523804749506127],[-111.60604331380976,45.523475483250891],[-111.60609791374252,45.523376749655633],[-111.60624611385722,45.523212082710529],[-111.6064800466775,45.522981549635773],[-111.60673751429242,45.522778349675313],[-111.60697164689519,45.522608283263757],[-111.60737724699013,45.522339282626206],[-111.6079468477063,45.521976882636274],[-111.60838371376239,45.521779149016943],[-111.60845391441914,45.521757149572352],[-111.6088286470774,45.521707682868374],[-111.60896904735039,45.521663682456669],[-111.61002991427289,45.5208840826851],[-111.61042004787268,45.52065894890935],[-111.61048251424131,45.520642482534612],[-111.61142691420993,45.520614682302273],[-111.61177811415462,45.520554149020448],[-111.6120121146096,45.520493682017467],[-111.61230091477981,45.520378349152487],[-111.61322144802349,45.519834682321068],[-111.61344771419036,45.519680949002222],[-111.61371291505284,45.519472348582894],[-111.61387664825691,45.519274748330091],[-111.61432891421394,45.518879481584023],[-111.61453171426143,45.518681882165481],[-111.61464084857327,45.518550148591245],[-111.61471864824874,45.518352548745206],[-111.61477331477565,45.518281148236099],[-111.61483564795597,45.518231881890358],[-111.61522584814993,45.518006681362579],[-111.61570164786109,45.517666148070937],[-111.61610711476767,45.517391748190612],[-111.61632551449863,45.517265481275473],[-111.61701991476377,45.51691934838027],[-111.61723831449473,45.516787547976882],[-111.6174879146332,45.516617348258244],[-111.61767504840302,45.516458281483715],[-111.61774511483091,45.516370348242759],[-111.61797124780945,45.516002547913182],[-111.61807251464484,45.515892881265508],[-111.61839231544006,45.515728080862019],[-111.61875891528575,45.515491948110345],[-111.61896171533321,45.51530534799037],[-111.61917984868751,45.514975947414747],[-111.61927344782897,45.514877147864979],[-111.61956984805842,45.514684947449759],[-111.6200924489011,45.514377480688331],[-111.62016264851734,45.514322547739198],[-111.62021711526174,45.51427308106117],[-111.62025624869932,45.514212747302267],[-111.6203105146207,45.513965881101726],[-111.62035724811753,45.513867080507765],[-111.62040404820851,45.513801147239974],[-111.62047424886528,45.513735280975979],[-111.62059904841425,45.513652947673016],[-111.6212853148263,45.513251947518825],[-111.62136331532479,45.513191547041835],[-111.62149591471548,45.513048880853354],[-111.62158164846159,45.512889680765113],[-111.6216984483863,45.512719547276916],[-111.62205704860773,45.512362680898661],[-111.62228304839795,45.512022347513621],[-111.62235324801416,45.511934547340857],[-111.62276644816835,45.511473480435995],[-111.62307824829878,45.511176946880589],[-111.62315611560895,45.511089146847318],[-111.62323404847277,45.510946346994039],[-111.62324951496791,45.510880680100641],[-111.62325724821551,45.510715946687462],[-111.62322564824299,45.510386746754854],[-111.62326451530392,45.510255080534726],[-111.62333464832598,45.510156279988934],[-111.62342824850796,45.510062946732525],[-111.6236309153671,45.509942146889784],[-111.62425484859882,45.509601546566167],[-111.62429384884807,45.509563146392281],[-111.62432511480921,45.509502747060772],[-111.62448844844825,45.509003346453817],[-111.62451164819099,45.508833279971746],[-111.62462044849147,45.508449146388188],[-111.62478384872468,45.508015546755615],[-111.62492371520382,45.507538146716662],[-111.62499384822587,45.507357079832239],[-111.62507171449549,45.507258280033305],[-111.62539911430945,45.506945279410132],[-111.62547704821378,45.506846479617565],[-111.62557051520743,45.506648879512298],[-111.62557824845501,45.506561079707922],[-111.62548404788498,45.506089279571938],[-111.62545251450665,45.505825946407789],[-111.62545231472414,45.505628346366372],[-111.6254910475562,45.505332079550442],[-111.62562344820495,45.505068679399066],[-111.62581551410521,45.504772946371602],[-111.62597911412092,45.504663279719217],[-111.62614331452467,45.504405479364493],[-111.62629951426364,45.504268345713186],[-111.62680691498785,45.504115079625628],[-111.62710364818813,45.503950545921427],[-111.62792391454944,45.503007279350491],[-111.6281194475085,45.502568346096943],[-111.62828351472392,45.502403879342538],[-111.62875191415833,45.502184678805982],[-111.62900984793241,45.501773278853349],[-111.62924411476405,45.501581278733248],[-111.62951731421025,45.501471678793528],[-111.6297515144477,45.501307278848593],[-111.63008751427394,45.500978145683774],[-111.63018131423841,45.50074774541622],[-111.6304781150734,45.500457078842928],[-111.63098551475707,45.500199478751412],[-111.63121371423583,45.499935145122791],[-111.63127624823919,45.499863878780474],[-111.63144824848466,45.499452345177218],[-111.63211204768983,45.498849078462968],[-111.63236191420495,45.498668144814033],[-111.63245564757526,45.4985200782547],[-111.63239404797132,45.497669545150892],[-111.6324880477183,45.497296478471732],[-111.63280064801928,45.496731477997628],[-111.63280084780179,45.496528477910715],[-111.63268391468873,45.496374744380333],[-111.63259831413096,45.496116744880815],[-111.63270871373199,45.495030477657544],[-111.63261544756136,45.49470114441845],[-111.63263104724486,45.494580477911072],[-111.63259211358977,45.494509144252071],[-111.63267051365325,45.494168944350989],[-111.63256911362953,45.494070144747582],[-111.63250691363756,45.493905544488918],[-111.63253044739163,45.493784877735585],[-111.6326866471306,45.493675144456816],[-111.6329208473681,45.49343927805225],[-111.63331124734454,45.493176077552917],[-111.63357651376066,45.493066544404954],[-111.63373264690546,45.492956877561781],[-111.63387324696096,45.492803277975334],[-111.6342794474439,45.492199877296081],[-111.63449051349231,45.491733544219024],[-111.63446751353206,45.491228744269492],[-111.63478024702137,45.490691144165275],[-111.63473371330704,45.490224877376178],[-111.63483544734214,45.490043743866778],[-111.63482771305402,45.489851743869977],[-111.63477324735015,45.489730943694617],[-111.63486691308577,45.489538944090476],[-111.63486704731466,45.489456677519755],[-111.63478944638112,45.488962743666654],[-111.63471164670565,45.48883654354831],[-111.63470391345808,45.488726877222],[-111.63462611274208,45.488468876970089],[-111.63458731331588,45.488194476992071],[-111.63458784606919,45.487755543522695],[-111.63442431264765,45.487464677118446],[-111.63429184644527,45.487289077355669],[-111.63408944596283,45.486904877014204],[-111.63402724597084,45.486509744036709],[-111.63397284582058,45.486383543528966],[-111.63367671300833,45.485971943507067],[-111.63331864554021,45.48523094383593],[-111.63288984570255,45.484961944001171],[-111.63286651173094,45.484934477040987],[-111.63262491225727,45.4846929436114],[-111.63250011166777,45.484572143315148],[-111.63205604511745,45.484149477024225],[-111.63151811200848,45.483787076968895],[-111.63151744502628,45.483786343791429],[-111.63116744481709,45.483468543662589],[-111.63098044527615,45.483292943844887],[-111.63084791143908,45.483166677038056],[-111.63083231175558,45.483155677065589],[-111.63076991094059,45.483045943504784],[-111.63060704450122,45.482195343760885],[-111.63066204399897,45.481838743500283],[-111.63077924452921,45.481602877137526],[-111.63081844456097,45.481383476709262],[-111.63077964409422,45.481273676954302],[-111.63062371073191,45.481097943351145],[-111.63042891134921,45.480916743284482],[-111.63036671135724,45.480768543234007],[-111.63036684454556,45.480614943239907],[-111.63043751032095,45.480121143434296],[-111.63056271047546,45.479753676784171],[-111.63067204456979,45.479643943163445],[-111.63085931048741,45.479506876884514],[-111.63101551126692,45.479331276392315],[-111.63128091087137,45.479046143393766],[-111.63131211127887,45.479024276812112],[-111.63217051112474,45.478706343300033],[-111.6327713112079,45.478360942936177],[-111.63316164459017,45.478070343213389],[-111.63335671139006,45.477988143068629],[-111.63391851122398,45.47764274267989],[-111.63442591090767,45.477247875982627],[-111.63516751082878,45.476501942395963],[-111.63540171106627,45.476321075580529],[-111.63576844410028,45.476129142632907],[-111.63590104453152,45.476035942671579],[-111.63640851080935,45.475471075491278],[-111.63652571133962,45.475289942696818],[-111.63658044446071,45.475097942028626],[-111.63655731131212,45.474730275530021],[-111.63659631156139,45.474675475360392],[-111.63658084402567,45.474648075620401],[-111.6366981111501,45.47429147574973],[-111.63685431088908,45.474110475609223],[-111.63720544423961,45.473830741934677],[-111.63760351086944,45.473452275444757],[-111.63770511067571,45.473271275527608],[-111.63772104437054,45.472920142392603],[-111.63776024440229,45.472711675144097],[-111.63788511054543,45.472453742373389],[-111.63801011091741,45.472206941876749],[-111.63795591054968,45.471855742276347],[-111.63794811070797,45.471817275496768],[-111.63796411099696,45.471378342122158],[-111.63819851101694,45.470857141514401],[-111.6385109104949,45.470412941693276],[-111.63860451067687,45.470209875208376],[-111.63872164357241,45.470155141424684],[-111.63872171016659,45.470127675272764],[-111.63876844366342,45.470100274781146],[-111.63879964407093,45.470083741806945],[-111.63915064423313,45.470056474830393],[-111.63930671078377,45.469957741659911],[-111.63934571103302,45.469919341447948],[-111.63940051074825,45.469699941498391],[-111.63955664389306,45.469409141681929],[-111.63955684367555,45.4692335418301],[-111.63972851095021,45.469080074579566],[-111.63982991097394,45.468970341335208],[-111.63988464409503,45.468833141824213],[-111.63996271014716,45.468778341758124],[-111.64019664400799,45.468762074745577],[-111.64027471110066,45.468679741347906],[-111.64033711087512,45.468679741347906],[-111.64041491055059,45.468844474427762],[-111.64045384420567,45.468871874800143],[-111.64064911078808,45.468679941292677],[-111.64084404439963,45.468679941292677],[-111.64124971108873,45.468405741198488],[-111.6414839113262,45.468076674805751],[-111.64181171070513,45.46781347474672],[-111.64229531129857,45.467605141124984],[-111.64243571053103,45.467577674460216],[-111.64249044469264,45.467533741196],[-111.64252931071302,45.467495474334633],[-111.64251391081204,45.467303474112185],[-111.64256851074477,45.467193674651142],[-111.64313044376702,45.466754940978561],[-111.64323184379074,45.466628740735707],[-111.64328651135818,45.46649154063342],[-111.64375484419843,45.46587174059777],[-111.64379404423018,45.465751074362473],[-111.64373171104987,45.465679674274284],[-111.64369271080061,45.465531540695828],[-111.64370844367244,45.465460141059403],[-111.64384891053959,45.465323073849881],[-111.64388804397719,45.465240740537432],[-111.64399784423067,45.464335474112282],[-111.6439591103581,45.463989740458551],[-111.64397471108211,45.463869073843725],[-111.64401371029084,45.463759340671956],[-111.64413084422691,45.463605740291094],[-111.64422471078558,45.463292940745482],[-111.64422471078558,45.463210740210179],[-111.64406891061161,45.46301867357807],[-111.64427964368915,45.462854073811741],[-111.64434211005779,45.462673074160392],[-111.64452951020428,45.462332940342698],[-111.64443611084532,45.462096940516716],[-111.64445171052881,45.462031073610149],[-111.64464691051703,45.461712940593429],[-111.6448420439111,45.461531940197766],[-111.64495911021248,45.46138387381103],[-111.6453651098724,45.460544473289268],[-111.645263843037,45.460423740183948],[-111.64534191012967,45.460368873556014],[-111.64552131065193,45.460352473476519],[-111.64557591058464,45.460308540420002],[-111.64566944313192,45.460198873301515],[-111.64573204372945,45.460078273746078],[-111.64604411023657,45.459749073349968],[-111.6460831104858,45.459650340371404],[-111.64607544383242,45.459502139860852],[-111.64615364307288,45.459293739760412],[-111.64615370966705,45.459200339714783],[-111.64634870987277,45.459002940268945],[-111.64683231046621,45.458662939768793],[-111.64705071019715,45.458465473484246],[-111.64705090997965,45.458410539993302],[-111.647128843884,45.458328339638072],[-111.64736290989261,45.458180272866691],[-111.64757350978182,45.457878540091578],[-111.64772971056132,45.457741472695581],[-111.64794024385637,45.457598873290706],[-111.64819764383657,45.457489139592795],[-111.648618843615,45.457214939805326],[-111.65027984363846,45.456661339477989],[-111.65084131050153,45.456387139314593],[-111.65148884408153,45.455986739298169],[-111.65183204440197,45.455641272681035],[-111.65216744384017,45.455421872632002],[-111.65237804372937,45.45512013896483],[-111.65253411028002,45.454955538766391],[-111.65308011064792,45.454538739223011],[-111.65348571074286,45.454154872492012],[-111.65391471036303,45.453891472400016],[-111.65453851040641,45.453606338428408],[-111.65457751065567,45.453562472377811],[-111.65460891084567,45.453326538760884],[-111.65468691134417,45.453233338319734],[-111.6548039110514,45.453161938436828],[-111.65502231078236,45.453013938391571],[-111.65515484461942,45.452821872060369],[-111.65548244421586,45.452586071842752],[-111.65606751038668,45.452048471631485],[-111.65614551088518,45.451993672037943],[-111.65632484377272,45.451922338470219],[-111.65667571074657,45.451702938551499],[-111.65726044394654,45.451631738196184],[-111.65784524478123,45.451631938201373],[-111.65804011075808,45.451522271726446],[-111.65840651082128,45.451494871680701],[-111.65899131165594,45.451368738011247],[-111.65970863800342,45.451253738732937],[-111.6589770417747,45.450732675425378],[-111.65848525842308,45.450382326753001],[-111.6583370447814,45.450276738345011],[-111.65832131086906,45.450315138067864],[-111.65783791109865,45.450644271637344],[-111.65746364459953,45.450781338035362],[-111.6571518444691,45.450852671586318],[-111.65691784401412,45.450869071508983],[-111.65659044420021,45.450923871465257],[-111.65637211106339,45.450989538200297],[-111.65608364386402,45.451132138259702],[-111.65517124447346,45.451669672021133],[-111.65491371026437,45.451845138258093],[-111.6548357108064,45.451943938189132],[-111.65472644434675,45.452218138788837],[-111.6540635108658,45.452602138411706],[-111.65392324378114,45.452700872052674],[-111.65355664393546,45.453046472011458],[-111.65283911052173,45.453540071825046],[-111.65225404331039,45.454033672427904],[-111.65217604385244,45.454198272397406],[-111.65196544396322,45.454423139123378],[-111.65124004411359,45.454752139233946],[-111.65054584363095,45.455234872704821],[-111.65017911059692,45.455690139075401],[-111.64986704408983,45.4560192726629],[-111.64949270995602,45.456255072393617],[-111.64929771079082,45.456337272851712],[-111.64910284377342,45.456375672827527],[-111.6489858440662,45.45637553925858],[-111.64889231047839,45.456348139381127],[-111.64882990966338,45.456293273166558],[-111.64873644371025,45.456282273057461],[-111.64851804293876,45.456353472650783],[-111.64777710999982,45.456698939284088],[-111.64756651011061,45.456836072713749],[-111.64733244306147,45.457028072822624],[-111.64698130971094,45.457549072857695],[-111.6469032436588,45.457620473025116],[-111.64649771015803,45.45779587330609],[-111.64630264335814,45.45796047324243],[-111.64613090948932,45.458223673323467],[-111.64595151000761,45.458415740233718],[-111.64566284302573,45.458607673656012],[-111.64550684306926,45.458744739676284],[-111.64521804289903,45.459117873386099],[-111.64502290950499,45.459408473766885],[-111.64496830957225,45.459584073571889],[-111.64499144376134,45.45988594026889],[-111.64487424323109,45.460077873795512],[-111.64452324306889,45.460439873853993],[-111.64436704332992,45.460796473784669],[-111.64407824315971,45.46110914048689],[-111.64398444319522,45.461383473869745],[-111.64378930980116,45.461630273590998],[-111.64363304346801,45.461992340312555],[-111.64353944328604,45.462113073707975],[-111.64324304305657,45.462250140694366],[-111.64307131022828,45.462359873884466],[-111.64300904364214,45.462431140243929],[-111.64304770988001,45.462678074041619],[-111.64314904330958,45.462853673880922],[-111.64314891012125,45.462979873817424],[-111.64309424359435,45.463089540635202],[-111.64282111074232,45.463325340721163],[-111.64272751056033,45.46346254050173],[-111.64276630998656,45.463599740678255],[-111.64280524364163,45.463638140816762],[-111.64282071013677,45.463764340456855],[-111.64278944417565,45.463994740952813],[-111.64306191004547,45.464587540857877],[-111.64308511082874,45.464790540754834],[-111.6429132437716,45.465163673861738],[-111.64281184374785,45.465311740538361],[-111.64261671035379,45.465492674066581],[-111.64256204382689,45.465602473921891],[-111.64232791018357,45.465876674516814],[-111.64215604416695,45.466315541272792],[-111.64198424370396,45.466589874133192],[-111.64171104425776,45.466918941178434],[-111.6414379103652,45.467116341369156],[-111.64077484369589,45.467511141136271],[-111.64072011057483,45.467566074517208],[-111.64065764420617,45.467763541037037],[-111.64054044367593,45.467966541172828],[-111.64036884403598,45.468092674933835],[-111.64036871084764,45.468120074941986],[-111.64013471039264,45.46825727472914],[-111.63970564417832,45.468355741608121],[-111.63969011004846,45.468339274527629],[-111.63935471061029,45.468366675145639],[-111.63919871065382,45.468448874730512],[-111.63869151075265,45.468849141737579],[-111.63867584343447,45.468920475055093],[-111.6387381100206,45.469057675083192],[-111.63869904421772,45.469150941314162],[-111.63867564365196,45.469233274753236],[-111.63840251079995,45.469425141431785],[-111.63830884402378,45.469644675258785],[-111.63813704356077,45.46978714203825],[-111.6381368437783,45.470116475004154],[-111.63755131040779,45.47075814194713],[-111.63745764363162,45.470911741811634],[-111.63726211067257,45.471570141664351],[-111.63724644439492,45.471696275387828],[-111.63725404445415,45.471784075559093],[-111.63727731079106,45.472009075004628],[-111.63730051053378,45.472228541852196],[-111.63744811130103,45.472793875689149],[-111.63735424474235,45.473139475811585],[-111.63726844440211,45.473194342415184],[-111.63721411084603,45.472919875333211],[-111.63712031088154,45.473035075595149],[-111.6371202442874,45.473271075599129],[-111.63707324441388,45.473452141916319],[-111.63701064381638,45.473644075225643],[-111.63671404380443,45.473956742179183],[-111.6366047107506,45.474066475930663],[-111.63630804414449,45.474483341991288],[-111.63605804444103,45.47492214246661],[-111.6357848439543,45.475212875897284],[-111.63504331062732,45.475777675620904],[-111.63448131101092,45.476271276363015],[-111.63427044474506,45.47675394306205],[-111.63403611131923,45.477028276191575],[-111.63329471118058,45.477521676280361],[-111.63302164388219,45.477647742692561],[-111.63252204404027,45.47805914306403],[-111.63225671102997,45.47820167612565],[-111.63177291065405,45.478426342788175],[-111.6316636441944,45.478585343390264],[-111.63108611044812,45.478925343392554],[-111.63062551085548,45.479259876726189],[-111.6304148443721,45.479435343197096],[-111.63033664409109,45.479610876972828],[-111.63028171118752,45.479874143050424],[-111.62982064439515,45.480784876819754],[-111.6298049104828,45.480976877079812],[-111.62982044461265,45.481042743735614],[-111.62999971090602,45.481125076582295],[-111.63007751058147,45.481361076995881],[-111.63023324416129,45.481646543360284],[-111.63023311097297,45.481800077070694],[-111.63017811147523,45.482057943717436],[-111.63017811147523,45.482129277096369],[-111.6302559111507,45.482266477069295],[-111.63021691090144,45.482332343676589],[-111.63021684430728,45.482414676827389],[-111.63033371082616,45.482458543775927],[-111.63043511084989,45.482551943953041],[-111.63049684468271,45.483166543532633],[-111.63054351158537,45.483237876966989],[-111.63073064431465,45.48344647671626],[-111.63077744440564,45.483495877103323],[-111.63098004467062,45.483682544006641],[-111.63107351166428,45.483770343741497],[-111.63128004514719,45.483966676704732],[-111.63156444489977,45.484237076871331],[-111.63197751186563,45.484637743870529],[-111.6323204458094,45.48496714398086],[-111.63248404582511,45.485120743781778],[-111.63249971210277,45.48513727672168],[-111.63306864583674,45.485631476832474],[-111.63344244617667,45.48632834398564],[-111.63363724555937,45.486602877068243],[-111.63381631311078,45.486948543504496],[-111.63394091287724,45.487195677007961],[-111.6339952464333,45.487552276916716],[-111.63403391267121,45.487689476813365],[-111.63405731323697,45.487875943804468],[-111.63408031319722,45.488128477179664],[-111.63411924685229,45.488375343626544],[-111.63443864704197,45.48891874391412],[-111.63416524677274,45.489182077375624],[-111.63408691330342,45.489445277574404],[-111.63408684670925,45.489566077633008],[-111.63424264688322,45.489867944250591],[-111.63426544706097,45.490515344381492],[-111.63421051311686,45.490734877746611],[-111.63409344681547,45.490981677332996],[-111.63405411359538,45.491157277255141],[-111.63407744652645,45.49139327722024],[-111.6340226468112,45.491486477308705],[-111.63384311414117,45.491640077568739],[-111.63374931417668,45.491793543924906],[-111.63355424737679,45.491903277222768],[-111.63351504734504,45.49199654430366],[-111.63355384677125,45.492216077730731],[-111.63351471333367,45.492435543924998],[-111.6333820473488,45.492506744539021],[-111.63314784711132,45.492545077570767],[-111.63308551393099,45.492588944654436],[-111.6330308474041,45.49265474448648],[-111.63291344709134,45.492989344367253],[-111.63275731394653,45.493099077523446],[-111.63262464692113,45.493236144286328],[-111.63242911396208,45.493565344588532],[-111.63231211425486,45.49363107763358],[-111.63219504691293,45.493729878007237],[-111.63202304666746,45.49405894486133],[-111.63208511347109,45.494404677867728],[-111.63188964710619,45.494843544933552],[-111.63187391423438,45.494991678052507],[-111.63193611422636,45.4952550779402],[-111.63213084701489,45.495611744983464],[-111.63215391460982,45.495842277861641],[-111.63209871428906,45.496489677879069],[-111.63211411419005,45.496654344979753],[-111.63223111389728,45.496764144660212],[-111.63223104730308,45.496802544812823],[-111.63202011444305,45.496994478081902],[-111.63186384810992,45.497296145156568],[-111.63180884757163,45.497669278208754],[-111.63165264783267,45.497970945315103],[-111.63165244805018,45.498036878163695],[-111.63171484782465,45.498108144630429],[-111.63169131407057,45.498162945348014],[-111.63148051439885,45.498344078271764],[-111.63144124777293,45.498574344695733],[-111.63126931412161,45.498848745156998],[-111.63101951420064,45.499013144987359],[-111.63056664785553,45.499375078772736],[-111.63049624741629,45.499605545191393],[-111.63039464761005,45.499742678531412],[-111.63010584743984,45.499935678985487],[-111.62958104794913,45.500281145447886],[-111.62916691443607,45.500719878469255],[-111.62912784759267,45.500829545510285],[-111.6291822477429,45.501049078781371],[-111.62912751462184,45.501142345301645],[-111.62883071482737,45.501389078859042],[-111.6279095146015,45.501854945454902],[-111.62767524776986,45.502046945370985],[-111.62671411393585,45.50326447934912],[-111.62608151409768,45.503840279665511],[-111.62581591471074,45.504327746465215],[-111.62576304726686,45.504393679162725],[-111.62568524759139,45.504558279393059],[-111.62549824805043,45.504766879674072],[-111.62517084823651,45.505167546486135],[-111.62506184815355,45.505359746587665],[-111.62498391424921,45.505529879716605],[-111.62489084786107,45.505952346188607],[-111.62487571433675,45.506451679793329],[-111.62485244799984,45.506627346695865],[-111.62482924825711,45.50670414664782],[-111.62478251476028,45.506781079944439],[-111.62465771417078,45.50694027981006],[-111.62429144833646,45.507302546209139],[-111.62421344783797,45.507395879667499],[-111.62415891449939,45.50748367962823],[-111.62415131444016,45.507560479870286],[-111.62415924851078,45.507725079591751],[-111.62414371438092,45.5078019465926],[-111.62395664824581,45.508032479877407],[-111.6237774485466,45.508306880183099],[-111.62346564841613,45.508702146814024],[-111.62322444850746,45.509240080311571],[-111.62300624855902,45.509635147152615],[-111.62295184840876,45.509761346602154],[-111.62280404785902,45.510194946640873],[-111.62274951452046,45.510304746895592],[-111.62271831515349,45.510354147059878],[-111.62253124797785,45.51051888007359],[-111.62239864858714,45.51065608016652],[-111.62204031474235,45.511199480571868],[-111.62193111487689,45.511320280632724],[-111.62169711442191,45.511523346972815],[-111.62158804774477,45.511633147552679],[-111.62140884804556,45.511836280576425],[-111.62133091518176,45.512017346906191],[-111.621292114715,45.512165547134394],[-111.62126884837811,45.512368546987844],[-111.62123771456476,45.51245648064868],[-111.62108951445003,45.512511347607642],[-111.62102711467554,45.512516880456275],[-111.62081631500382,45.512500480968839],[-111.62075391522936,45.512511547396869],[-111.62064471536388,45.512566347219717],[-111.62047311468338,45.51268174713784],[-111.62022364773325,45.512879347210195],[-111.6200052480023,45.513104480759729],[-111.61984164798659,45.513340547698071],[-111.61971691503177,45.513494280840234],[-111.61939724846542,45.513807147341154],[-111.61869564770603,45.514575680714671],[-111.61866444833906,45.514625080775893],[-111.61864111436746,45.514718347407445],[-111.61864904843809,45.51483354750664],[-111.6186413151905,45.514998147832891],[-111.61861804781307,45.515064081156559],[-111.61854791479101,45.515129880973284],[-111.6183685153093,45.515245281467834],[-111.61801744855293,45.515442947638583],[-111.6178848481217,45.515541747653266],[-111.61758071464466,45.515816281233583],[-111.61715184821283,45.516167548018196],[-111.61687124848989,45.516442147810587],[-111.61627064818923,45.516941681457091],[-111.61613804775799,45.517035081319882],[-111.61601324820903,45.517100948096278],[-111.61583384768677,45.517166881872598],[-111.61566991470023,45.517243748373559],[-111.61468711487041,45.517875148165025],[-111.61440624773026,45.518017948664799],[-111.61438291479919,45.518039948113199],[-111.61414871456172,45.518111348199312],[-111.61403171485451,45.518182748194782],[-111.61391471410674,45.518270548826763],[-111.6138056474296,45.518385881637784],[-111.61340011496938,45.51886334860508],[-111.61329104829223,45.518962281867594],[-111.61304911480717,45.519126948856972],[-111.61277611410294,45.519341082005489],[-111.61262791398823,45.51952768186608],[-111.61238624792037,45.519752748720208],[-111.6120586472834,45.519955948672425],[-111.61191811486262,45.52001634917977],[-111.61176991474788,45.520065748839194],[-111.61128604777778,45.520186749315279],[-111.61102071476749,45.520219748670897],[-111.61080991405525,45.520252748736247],[-111.61063044797939,45.520252748736247],[-111.61027911380582,45.520225482710686],[-111.61010751416586,45.520291482086215],[-111.60982664702573,45.520417748772537],[-111.60910884723535,45.520791149242058],[-111.60884351422507,45.520917548952035],[-111.60821924698197,45.521175682675121],[-111.60808664759126,45.521241549708016],[-111.60791504691078,45.521356882990681],[-111.6078838475438,45.521395282408065],[-111.60782151436348,45.521581882746467],[-111.60779031395596,45.52163128248943],[-111.60769671377398,45.521730082574273],[-111.60705704767042,45.522185683002405],[-111.60645644736977,45.522630349445976],[-111.60627704684754,45.522773083200597],[-111.60614431426849,45.522893883205107],[-111.6056918474884,45.523201283020782],[-111.60562944667338,45.523261682960211],[-111.60556704689891,45.523349482956966],[-111.60552031340208,45.523459283062266],[-111.60549691387683,45.52357454983246],[-111.60552844725518,45.523870749786028],[-111.60552851384935,45.523936682919619],[-111.60550511432412,45.524035349921448],[-111.60545844742144,45.524139683322453],[-111.60524791412641,45.524425083032703],[-111.60520104744124,45.524463549611269],[-111.60505271413818,45.524529350100735],[-111.60486551377421,45.524589750072359],[-111.6046391133785,45.524628349945452],[-111.60432691368304,45.524721683102918],[-111.60413964672489,45.524837083609164],[-111.60403044685941,45.524924883334215],[-111.60395251399562,45.525012683651205],[-111.60387451349709,45.525127883087102],[-111.60380431388087,45.525259550231326],[-111.6037264465707,45.525523083338257],[-111.60364084705348,45.525715083440979],[-111.60344584684778,45.526033483497251],[-111.60335224666578,45.526126750173134],[-111.60300111331524,45.526373750370126],[-111.60289971329151,45.526461550612744],[-111.60282944708111,45.526532883880627],[-111.60269691428458,45.526719550281818],[-111.60260324750841,45.526807350713661],[-111.60249411423709,45.526873284050389],[-111.60179951314893,45.527180750326991],[-111.60149511329523,45.527334483564047],[-111.60112831366703,45.527537683834034],[-111.60099584642413,45.527630950931766],[-111.60074611309734,45.52783948392495],[-111.60006744674455,45.528481683767453],[-111.59964604718363,45.528800150535261],[-111.59956804668512,45.528887950635287],[-111.59952904643586,45.528986684034223],[-111.59942764641212,45.529074550905882],[-111.59906864662571,45.529310684242745],[-111.59879551377367,45.529601484649469],[-111.59859271372619,45.529870350697941],[-111.59828844706082,45.530095484787665],[-111.59801531316828,45.530227284632296],[-111.59739104696571,45.530737751445997],[-111.5973287137854,45.530798084251145],[-111.59714931326315,45.531154884737731],[-111.5970401133977,45.5313303513473],[-111.59690764719531,45.531500551022852],[-111.59665004639207,45.531753084820927],[-111.59644724634461,45.531928684411895],[-111.59640031306529,45.531989084456598],[-111.59613511324332,45.532257951483061],[-111.59604151306134,45.532395285172214],[-111.59584651389613,45.532779351516432],[-111.59505831366651,45.533344751874672],[-111.59470711372181,45.533514884956688],[-111.59451191373358,45.533569885176952],[-111.59416064615418,45.533646751863429],[-111.59387964686624,45.533729085066028],[-111.59376251293014,45.533778552132617],[-111.59365331306469,45.533838951648441],[-111.59343484673956,45.533998152233579],[-111.59289624664838,45.534190285218742],[-111.59266204641091,45.534300152357936],[-111.59256831304059,45.534333085125049],[-111.59206091335693,45.534399085443098],[-111.59164711281471,45.534437551760938],[-111.59153004651333,45.534470485176428],[-111.59128031318652,45.534607752237541],[-111.59092904664766,45.534772485679795],[-111.59078071230405,45.534865752442855],[-111.59068711316259,45.534953552549567],[-111.5906559127551,45.53499748571496],[-111.5906247123476,45.535085285615992],[-111.59053904623622,45.535469352540204],[-111.59050784582871,45.535529685371557],[-111.59035951252564,45.535644952189493],[-111.59009404632702,45.535721886009931],[-111.58988331324949,45.535771285726625],[-111.58980524615681,45.535804285415807],[-111.58952431242251,45.536001885919092],[-111.58944624637036,45.536089685709698],[-111.5894073127153,45.536177486092022],[-111.58939164643763,45.536270752711438],[-111.58943864631112,45.53662748568069],[-111.58948564618463,45.536786485957144],[-111.58950124586812,45.536797485657097],[-111.58961844639835,45.537093752276512],[-111.58962631283427,45.537170552923975],[-111.58957951274328,45.53737908626146],[-111.58948604679016,45.537691886275319],[-111.58934564651719,45.538010152940686],[-111.58922071273933,45.538158286166208],[-111.5891114462797,45.538229686228433],[-111.58904911309938,45.538279085928487],[-111.58902571357415,45.538311952957791],[-111.58905691294112,45.538388752670265],[-111.58911164606219,45.538476552378164],[-111.58929131296109,45.538635685901809],[-111.58936164680618,45.538745352676877],[-111.58924464709897,45.538948486213563],[-111.58915104691698,45.539211752575468],[-111.5891589133529,45.539425753156216],[-111.58918244710698,45.539595886061271],[-111.58919024694873,45.539639752922426],[-111.58926064634746,45.539743953160816],[-111.58930751303262,45.5397824865166],[-111.5894793134956,45.539859153035941],[-111.58956511383585,45.539908552762057],[-111.58961204711518,45.539952486429087],[-111.58961991355109,45.540040285881645],[-111.58953424743972,45.540468286480937],[-111.58953424743972,45.540572485912662],[-111.58962031415662,45.540929152965532],[-111.5896282471867,45.541044352598696],[-111.5895893135316,45.541395552969234],[-111.58965204731747,45.541812486232807],[-111.58962091350412,45.542152753117179],[-111.58968344750747,45.542394086707993],[-111.58975384690621,45.542525752787427],[-111.58991011427986,45.542734286669749],[-111.59001171408612,45.542794553405038],[-111.59019131439085,45.542860486219496],[-111.59048024774938,45.542937152914341],[-111.59065984805412,45.543035886427127],[-111.59085511463651,45.543255286405987],[-111.59087864735008,45.543354086405834],[-111.59089431466826,45.543485753152034],[-111.59089451445077,45.543771086036763],[-111.59087124811386,45.543880752997914],[-111.59072304799913,45.544314353193002],[-111.5906684480664,45.544605153266076],[-111.59062984842268,45.545505086822537],[-111.59076284841892,45.545839686648044],[-111.59088004790864,45.54599888677874],[-111.59121604877538,45.546393753100467],[-111.59127071530227,45.546476086585969],[-111.59135671542505,45.546733886593486],[-111.59136471504928,45.546942486482145],[-111.59131811578132,45.54740888688076],[-111.59130291566282,45.548319687012885],[-111.59130304885115,45.548687286988702],[-111.59134244866542,45.549131687086906],[-111.59130351605086,45.549576153624564],[-111.59131144908093,45.549680353663923],[-111.59145991557233,45.549916353844495],[-111.59179591643908,45.550305753870518],[-111.59192871561228,45.550486886577943],[-111.59196784904987,45.550558153668639],[-111.59203044964737,45.550821553661621],[-111.59209325002739,45.551304353774555],[-111.5921322492361,45.551381153955923],[-111.59220264967536,45.551474353822556],[-111.59232771664153,45.551584086635998],[-111.59249951606398,45.551699353331138],[-111.59262451643599,45.551765086981511],[-111.59271044996458,45.551798086756236],[-111.59282771604845,45.551907687052513],[-111.59292925030105,45.552033953446347],[-111.59301524938326,45.552165553958012],[-111.59328091640491,45.552461753441918],[-111.59335131684416,45.552566087301642],[-111.59357011718068,45.553032353602134],[-111.59364064976772,45.553213486994586],[-111.59375791689216,45.553427353400757],[-111.59389071710588,45.553613886817693],[-111.59425805052794,45.554041753477868],[-111.5946644507934,45.554376353491094],[-111.59525831779951,45.555166286974519],[-111.59540691747924,45.555341887038544],[-111.59566471806498,45.555588686791801],[-111.59639165166151,45.556395086833191],[-111.59666511852488,45.556652887247921],[-111.59673551792361,45.556762553849246],[-111.59681365161046,45.556921687342758],[-111.59692331867564,45.557256353995072],[-111.59701725182845,45.557645886766224],[-111.59703325211747,45.558161686948971],[-111.59700191852163,45.558249487105144],[-111.59689271865615,45.558386687369897],[-111.59665851841869,45.558595286996692],[-111.59642425158704,45.55877635364557],[-111.59615885198259,45.558941087674413],[-111.59583865162237,45.559122153937487],[-111.59566691879407,45.559204554018784],[-111.5950499186394,45.559385887539285],[-111.59470631875394,45.559599954119463],[-111.59416771866277,45.560060954446648],[-111.59403505163735,45.560214554084716],[-111.59392585177189,45.560406754118056],[-111.59391031868256,45.560637154185379],[-111.59392605155439,45.560812754638071],[-111.59394171887257,45.560927954321663],[-111.59403565202538,45.561257154296023],[-111.59404345186715,45.561366887677863],[-111.59401225145962,45.561498554485468],[-111.59397331884506,45.561597354474507],[-111.59378605188694,45.561986954773083],[-111.59373151854835,45.562140687563605],[-111.59367691861561,45.562338288023639],[-111.59362231868289,45.562607087875733],[-111.59365371887287,45.562804554835779],[-111.59373985218396,45.56300208812408],[-111.59384131880185,45.563205088115552],[-111.59399785255222,45.563424488047438],[-111.59400565239393,45.563517887946993],[-111.59406045210918,45.563649487791551],[-111.59413871898435,45.564137755008126],[-111.59411545264746,45.564269488170737],[-111.59406071952638,45.564423154979714],[-111.59400611959364,45.564532888005701],[-111.59374085213697,45.564977355125414],[-111.59365511943145,45.565180487846703],[-111.59351471915845,45.565575488213256],[-111.59333511885373,45.565795087957881],[-111.59327271907924,45.565838954771429],[-111.59321025271059,45.565866487884939],[-111.59308511915026,45.565893888404254],[-111.5928977190038,45.565899354811343],[-111.59274925251239,45.565893954694616],[-111.59199145251974,45.565811888591654],[-111.59164771840541,45.565822888440181],[-111.59067911874102,45.56588908854286],[-111.59042911903757,45.565883555115931],[-111.58952291810714,45.565828955110689],[-111.58898405163931,45.565807155013758],[-111.58887465199132,45.565790688745025],[-111.58857785115634,45.565812755467199],[-111.58830431769877,45.565862088677683],[-111.58792951844636,45.565971955115877],[-111.58764051849364,45.566092688554583],[-111.58747645127822,45.566186089117359],[-111.58736711822441,45.56626288862924],[-111.58697665165381,45.566592155685093],[-111.58615685145165,45.567311155373424],[-111.58607871776482,45.567481289110013],[-111.58589925168896,45.567980689260914],[-111.58586805128145,45.568200155768871],[-111.58583685191448,45.568265956072892],[-111.58586031803387,45.568315289314214],[-111.58607925155869,45.568628089100606],[-111.5863371187386,45.568940756028304],[-111.58643091870307,45.569099889266496],[-111.58656391869931,45.569516889462378],[-111.58666551850555,45.569703355628718],[-111.58690785155559,45.570054489112465],[-111.5870017191548,45.570219089552467],[-111.58711111880278,45.570378155797485],[-111.58752531890998,45.570822489259847],[-111.58783031915172,45.571107756207205],[-111.58829911919167,45.57139295615017],[-111.58882271894686,45.571639756054658],[-111.58935405299013,45.571908488820732],[-111.58951031932328,45.571979755694613],[-111.59006511948597,45.57219915559029],[-111.59029171966422,45.572303355927794],[-111.59043245290805,45.572380088805382],[-111.59061225299527,45.572495288805911],[-111.5910185200724,45.572769556054581],[-111.59189385356615,45.57330155545673],[-111.59237845411261,45.573641555961871],[-111.59280832049748,45.574047555522384],[-111.59295685358305,45.574168289084049],[-111.59340245388024,45.574486355781296],[-111.59355092141219,45.574634489025257],[-111.59405125483048,45.575078756038629],[-111.59418412163838,45.575215888984644],[-111.59445785487844,45.575539488779903],[-111.59452032124709,45.575632755643333],[-111.59465332124334,45.575983955480808],[-111.59477072155609,45.576208888895614],[-111.59490365495816,45.576444755813249],[-111.59531025500611,45.577064689255415],[-111.59539625512889,45.577212755975999],[-111.59584225499108,45.578128955601414],[-111.59594392243201,45.578403289287863],[-111.59597525498732,45.578562355658825],[-111.59598332224627,45.578847755898849],[-111.59607725539908,45.579067155910167],[-111.59617105536358,45.579193289171279],[-111.59629625551808,45.579423689387191],[-111.59664025600907,45.579868088929921],[-111.5967888556888,45.580087489324022],[-111.59685932272224,45.580219155949663],[-111.59690625600156,45.580438688974908],[-111.5969142556258,45.580597756134289],[-111.59690645578404,45.580789756068263],[-111.59685205667434,45.581256289204383],[-111.59685212326852,45.581398889441296],[-111.59687572257624,45.581651289399709],[-111.59688392302351,45.582123156401686],[-111.59681372340729,45.582441489733277],[-111.59682165643736,45.582545689272401],[-111.59683745694389,45.58266635577035],[-111.59690792293677,45.582957156202042],[-111.59699392305953,45.583209556437531],[-111.59713485712636,45.583527689169792],[-111.59714272356229,45.5836209558734],[-111.5970959234713,45.583889889828228],[-111.59698665701166,45.584109356067998],[-111.59673685709068,45.584317956306386],[-111.59658845719345,45.584416756211631],[-111.59633065660772,45.584575956288703],[-111.59615085652048,45.584669356700132],[-111.59601025646498,45.584729756152122],[-111.59587745625126,45.584768156715128],[-111.59573685619577,45.58479008999926],[-111.59524452344226,45.584817689557696],[-111.59511172322851,45.584812289803452],[-111.59497092339053,45.584790289531703],[-111.59465845627788,45.584702689608832],[-111.59397052293063,45.584296890156338],[-111.59388452280788,45.584269356610577],[-111.59375952243587,45.584247490119978],[-111.59367345571897,45.584247556388718],[-111.59301712234419,45.584198290302972],[-111.59222005572562,45.584083356810638],[-111.59193865583215,45.584023089929445],[-111.59161825568944,45.583935356999447],[-111.59131332204187,45.583831156398361],[-111.59027392237324,45.58341989031404],[-111.58985965463133,45.583288357179967],[-111.58961745476959,45.583233490080154],[-111.5892579211893,45.583167756832395],[-111.58892972120482,45.583140356729402],[-111.5886484544997,45.583096556590135],[-111.58833585523925,45.583063690259834],[-111.5877888549183,45.583052757144905],[-111.58715585447462,45.583058490603776],[-111.5868198546484,45.583063956796799],[-111.58634312053785,45.583091557203851],[-111.58621032136463,45.583091557203851],[-111.58592912125366,45.58306429033216],[-111.58534292090096,45.583080757362836],[-111.58446005394215,45.583047957293438],[-111.58429592013256,45.583031690520095],[-111.58388952090762,45.582965890765848],[-111.58320972037293,45.582889090789131],[-111.58280332010746,45.582883757119731],[-111.58238925318858,45.58288935732692],[-111.58152171953658,45.582955357438131],[-111.58083412020069,45.58297735770072],[-111.58021685262879,45.58302135747175],[-111.57994345340012,45.583032357591144],[-111.57953705313463,45.583015957544731],[-111.57935731964156,45.58302149146855],[-111.57909171921408,45.583065357936526],[-111.57885725259995,45.583142290940408],[-111.57828685275376,45.583433158089562],[-111.57788845315308,45.583669157785877],[-111.57759151912975,45.583828291529031],[-111.57707585240463,45.584031491525991],[-111.57681025301768,45.584196091781394],[-111.57673985257844,45.584283758035227],[-111.57666965296221,45.584399091641416],[-111.57663065271295,45.584552691727865],[-111.57659931911712,45.584859958364312],[-111.57657605278021,45.584975158251019],[-111.57649011925163,45.585183758185146],[-111.57641971881237,45.585260557935655],[-111.57630271910516,45.585469091998377],[-111.57626365226174,45.585622691341769],[-111.57627145314403,45.585787292029146],[-111.57629485266924,45.585946491860561],[-111.57630285333401,45.586412758588395],[-111.5763966532985,45.586659758275175],[-111.57647491913315,45.586818891551175],[-111.57695951967962,45.587460691483194],[-111.57702992011887,45.587597891766507],[-111.57705345283244,45.587735091714471],[-111.57705345283244,45.587811891615388],[-111.57703785314895,45.587894158590309],[-111.57698325321621,45.588053292007828],[-111.57693631993688,45.588146558474449],[-111.57685045300248,45.588409958473889],[-111.576725453671,45.588733758934744],[-111.57665525301424,45.588991558765294],[-111.57651451977043,45.589326358398004],[-111.5764364537183,45.58946355849011],[-111.57614745376557,45.589759891923215],[-111.57588965317984,45.590122092419463],[-111.57577245369012,45.590242758651733],[-111.57560052003879,45.590357959142317],[-111.57519411977333,45.590495158897234],[-111.5749440534757,45.590550092442484],[-111.57458465308373,45.590583092009311],[-111.57426411975267,45.590599559018905],[-111.57375611968097,45.590605159184541],[-111.57320911936003,45.59063815944716],[-111.57289652009959,45.590643559369113],[-111.57238851898735,45.590632692535316],[-111.57200551928764,45.590665692781741],[-111.57145851896668,45.590758959276428],[-111.57117711907323,45.59083575940884],[-111.57045045289391,45.591110159159982],[-111.5703722526129,45.591148692976475],[-111.57023945239916,45.591236359294605],[-111.57011445202716,45.591335159401588],[-111.57001271903259,45.591439492428684],[-111.56999711934911,45.591483359600076],[-111.57003631938085,45.591779692563172],[-111.57003631938085,45.591845492908504],[-111.5700129188151,45.59193875962707],[-111.56998165285395,45.591982692667841],[-111.56973165210998,45.592240559853948],[-111.56968471883063,45.592306359658963],[-111.56945811969292,45.592734359772187],[-111.56930965216101,45.593047092716212],[-111.56929405247752,45.593112960018232],[-111.56929405247752,45.593343359902157],[-111.56932545266753,45.593859159949204],[-111.56927071954645,45.594259760097763],[-111.56927071954645,45.59440236006828],[-111.56930991957822,45.594632892996373],[-111.56936465269928,45.594835892974061],[-111.56944285298029,45.595022493494461],[-111.56959131947167,45.595269359915399],[-111.56976331971717,45.595631493549369],[-111.56984931983993,45.595774092946577],[-111.56998212005365,45.595905893151652],[-111.57013851957514,45.596086893408284],[-111.57043552019263,45.59651489308456],[-111.57056845359469,45.596876893453818],[-111.57063105419221,45.597261092921087],[-111.57073272059262,45.597496960219914],[-111.57077972046611,45.597721893357196],[-111.57080325422019,45.598221293230417],[-111.57079532014959,45.598352893299705],[-111.57070172100812,45.598813759757924],[-111.57069392116641,45.598967360441769],[-111.57070952084987,45.599099093447734],[-111.57077212040684,45.599274693778014],[-111.5709128546912,45.599543560015391],[-111.57103792061685,45.599741093676847],[-111.57135072070032,45.60013609339159],[-111.57153825403512,45.600399493180952],[-111.57160872106856,45.600531093237628],[-111.57163992147605,45.600640893306569],[-111.57168692134957,45.600728693311794],[-111.5718120549099,45.600904293638088],[-111.57190585487437,45.601008493849704],[-111.57236705485509,45.601419960124744],[-111.57254685494232,45.601606559863065],[-111.57270325550434,45.601875360326368],[-111.57278925458655,45.602050893728169],[-111.5728831221857,45.602292360275918],[-111.57315705520828,45.60355976032826],[-111.57332912204795,45.604026160277471],[-111.57350892213518,45.604443160255983],[-111.57357145613852,45.604618760603948],[-111.57375932244418,45.605321093895178],[-111.57385312240866,45.605628293426825],[-111.57389232244043,45.606160560195335],[-111.57386892291517,45.606314094177989],[-111.57383765591351,45.606423893848287],[-111.57364232273696,45.606906693629767],[-111.57325932303725,45.607609093634622],[-111.5731656562611,45.607801160592977],[-111.57308745598009,45.607982294267096],[-111.57303285604735,45.608179761093773],[-111.5729782561146,45.608624160819751],[-111.57300172327453,45.609260760926979],[-111.57299392343279,45.609348560544518],[-111.57300185646287,45.609677694334067],[-111.57298632337356,45.610023361019429],[-111.57296285621362,45.610160560736013],[-111.57291592293429,45.610270293917992],[-111.57286132300158,45.610358094138881],[-111.57279872344456,45.610423960773822],[-111.57236885705971,45.610725761302803],[-111.57227505709521,45.610808094408597],[-111.57214992353488,45.610945161186983],[-111.57170432323767,45.61149396139399],[-111.57153245618052,45.611636561238079],[-111.57133705640979,45.611757360992826],[-111.57086792339901,45.612015294525925],[-111.57042245629013,45.612284161574443],[-111.56954685641971,45.612931694748966],[-111.56931232321139,45.613090894734306],[-111.569085656439,45.613222561824308],[-111.56879632351547,45.613370694755481],[-111.56869472266871,45.613392694741627],[-111.56863992295347,45.613381694749634],[-111.56844452318273,45.613277361759792],[-111.5683740561493,45.613250094995557],[-111.56820992338025,45.613228094953463],[-111.56808472322577,45.613244561868612],[-111.56774865576485,45.613261095013357],[-111.5675845229958,45.61328849496897],[-111.56727952275405,45.613370761717654],[-111.56718565619541,45.613381761711793],[-111.56663845609197,45.613491495142192],[-111.56648992300642,45.613513495080952],[-111.56638825556546,45.613518961947229],[-111.56566892202819,45.613425761666818],[-111.56539532197647,45.613359894917899],[-111.56530932185372,45.613359894917899],[-111.56513725605458,45.613392761703821],[-111.5646681220033,45.613540961875216],[-111.56445712254907,45.613590362330569],[-111.56408965593869,45.613645295102536],[-111.56402705534117,45.613661695661179],[-111.56378472229112,45.613771362309961],[-111.56340945583901,45.613859162145033],[-111.56313585578728,45.613963495508223],[-111.56275265526453,45.614067762443739],[-111.56240865477356,45.614078762301212],[-111.56201785523211,45.614166495421607],[-111.56165025543339,45.614287295549808],[-111.56154872222132,45.614364095505685],[-111.5614000549069,45.614545095899196],[-111.5613532548159,45.614583495713752],[-111.56125152182133,45.614621962462692],[-111.5611655216986,45.614638362735718],[-111.56107952157583,45.614632895978559],[-111.56104832116834,45.614616495703942],[-111.56104052132659,45.614556095662991],[-111.56105612205063,45.614484762742187],[-111.56114992201512,45.614353095704182],[-111.56115785504518,45.614314695731906],[-111.56114992201512,45.614281762525209],[-111.56108745460594,45.614265295914599],[-111.56087625536921,45.614259762159975],[-111.56080592152411,45.614259762159975],[-111.56071212155962,45.614281762525209],[-111.56063392127864,45.614364095505685],[-111.56061045515924,45.614435362346889],[-111.56062612143688,45.614682295472051],[-111.56060252108863,45.614791962308537],[-111.56054005471997,45.614940096189095],[-111.56044625475548,45.615060896106598],[-111.560352454791,45.615154162813127],[-111.56028992182817,45.615198095873218],[-111.56004752114342,45.615329762382913],[-111.55968785541533,45.615647962692584],[-111.55921092152226,45.615988163075947],[-111.55911705496359,45.616108895960281],[-111.55899185480912,45.616213096315072],[-111.55874172191731,45.61638869620802],[-111.55863232122881,45.616492963001335],[-111.5582412553107,45.616948363112137],[-111.55807705490695,45.617206162873067],[-111.55771732154415,45.617485962740396],[-111.55742812180893,45.617705496293226],[-111.55727945449451,45.617798762968064],[-111.55588765514565,45.6186435634771],[-111.55548885493941,45.618835696721469],[-111.55535585494319,45.618917963338113],[-111.55519945438117,45.619044163519895],[-111.55480852165138,45.619291096728226],[-111.55453485500551,45.619428297061589],[-111.5541751216427,45.619559896872801],[-111.55385445408278,45.619713496792755],[-111.55371372083896,45.619812296973699],[-111.55347132119475,45.620064696666141],[-111.55341652147949,45.620108564019283],[-111.55293952099228,45.620316963497906],[-111.55283005475015,45.620388297005178],[-111.55240772078982,45.620739497018391],[-111.55220445458318,45.620882097369304],[-111.55153972097864,45.621298964031929],[-111.55132072085966,45.621452564281917],[-111.55105485405552,45.621748897617643],[-111.5509844546568,45.62179829739204],[-111.55037445417334,45.622110897450789],[-111.55019465408608,45.62225909786978],[-111.55015545405433,45.62231949761879],[-111.55004592121803,45.622440164474362],[-111.54995205465937,45.622522363945293],[-111.54970972056879,45.622676097656701],[-111.54963152132832,45.622758364460466],[-111.54959232129657,45.622818697448416],[-111.5495610542949,45.622900964042927],[-111.54945932130033,45.623049097605929],[-111.54922465386315,45.623279564494716],[-111.54916992074207,45.623312497511044],[-111.54897445437719,45.623477097535684],[-111.5489274545037,45.623542897822418],[-111.54882585365692,45.623773297914596],[-111.54874752122814,45.62382816467732],[-111.54865372126365,45.623872097490938],[-111.54837225373548,45.623937898041731],[-111.54812972090292,45.624053097758342],[-111.54807492118769,45.624091497611296],[-111.54800465393676,45.624179164854382],[-111.54772292107246,45.624420564526673],[-111.54741805401906,45.624640097853408],[-111.54713645434308,45.624875965017011],[-111.54704252119026,45.624936297909194],[-111.54685345410856,45.625103897829668],[-111.54629812015197,45.625454964971631],[-111.54594625426562,45.625553698275127],[-111.54583672038878,45.625597498024391],[-111.54573505398839,45.62565789854289],[-111.54558645430866,45.625762164836686],[-111.54545345431242,45.625882764612044],[-111.54525785371868,45.62608576503704],[-111.54493725379344,45.626332698522916],[-111.54486672016586,45.626354698517517],[-111.54435065387574,45.626705698156776],[-111.54386565376429,45.626996364988166],[-111.54381865389078,45.627007365220159],[-111.5433806536528,45.627276098536186],[-111.54326331993423,45.627358365138697],[-111.54302865353759,45.62754496518204],[-111.54300525401236,45.627594365670532],[-111.54260611979477,45.627879565338844],[-111.54236372015055,45.628148365783908],[-111.54222285371841,45.628356899100154],[-111.54161265345242,45.629097498922064],[-111.54142485374095,45.629432099270652],[-111.54098652053214,45.630386766119017],[-111.54088465330871,45.630677565935947],[-111.54082205375173,45.630946366060265],[-111.54076712084816,45.631083566248307],[-111.54056372041265,45.631489565802518],[-111.54044625350575,45.63175836567062],[-111.54032092016291,45.632076565880972],[-111.53995292079921,45.633102566134326],[-111.53992952023344,45.633201366002666],[-111.53953825453281,45.633777365985544],[-111.53942072103175,45.633969499752091],[-111.53919385447684,45.634287699777346],[-111.53895912044551,45.634550966114347],[-111.53874005373234,45.634742900056523],[-111.53872432086052,45.634781299862397],[-111.53780892057034,45.63544496669877],[-111.53766032089061,45.635521899921031],[-111.53722225405848,45.635702766534095],[-111.53706572030811,45.635812499934993],[-111.53691712062837,45.635894766376978],[-111.53659632092068,45.636048299715554],[-111.53633812076994,45.636168966849048],[-111.53601745425055,45.636300566651101],[-111.53494552021003,45.636969700445952],[-111.53482032005552,45.637030100350827],[-111.53466385393989,45.637090367050369],[-111.53453872037956,45.63711230025406],[-111.53442925413741,45.637145166940343],[-111.53437445338164,45.637199966776762],[-111.53415525348014,45.637507300162461],[-111.53395972052108,45.637633366828787],[-111.53363885317867,45.63781436704069],[-111.53323991978412,45.637951500215763],[-111.53280952064593,45.638110500390596],[-111.53258271964467,45.638225700809137],[-111.53229332012695,45.638401100803442],[-111.53191765306929,45.638653367332338],[-111.53125251989977,45.639125100591144],[-111.53089252016029,45.639388367482667],[-111.53054032026256,45.639662567592282],[-111.52956225278068,45.640331767455379],[-111.52910045345249,45.640682767593105],[-111.52877972033893,45.640956967915585],[-111.52862311999442,45.6410777015926],[-111.52826312025496,45.641291568027427],[-111.52784071970046,45.641510968348776],[-111.52674505316388,45.642262301382068],[-111.52615811923481,45.642607768653413],[-111.52609565286615,45.642668101373395],[-111.52599372008909,45.642849102053354],[-111.52585271942807,45.643205701704488],[-111.5257742527704,45.643370368435725],[-111.52569605352993,45.643485502025591],[-111.52508545265844,45.644258968859489],[-111.52488185348098,45.644434502003307],[-111.52441231986467,45.644807368802617],[-111.5241695196149,45.645037768780128],[-111.52393465343576,45.645290169101258],[-111.52379371936892,45.645547968741795],[-111.52374671949542,45.645657568655672],[-111.52372325337602,45.645761902494044],[-111.52371525271126,45.645871568912717],[-111.52372305359354,45.646003368519402],[-111.523707253087,45.64620630188859],[-111.523660053431,45.646540968851419],[-111.5236129203692,45.646727569039925],[-111.52344051951816,45.647226768988787],[-111.52337785336701,45.647468302167958],[-111.52326791992516,45.647797369317466],[-111.52306425311301,45.648334969162391],[-111.52307972064868,45.648598369533858],[-111.52304832045868,45.648746569022691],[-111.5230401200114,45.649212902301208],[-111.5230085200389,45.649618902891063],[-111.522953453947,45.649986569368707],[-111.52291432050943,45.650167569679034],[-111.52281232009764,45.650502302441417],[-111.52275745378824,45.650628502798426],[-111.5226791203189,45.650765569696276],[-111.52248345417152,45.651056369229629],[-111.5215749203642,45.652235702969499],[-111.52146532093373,45.652361769953565],[-111.52144965361553,45.652411169659402],[-111.52108945409358,45.652915903445198],[-111.52099532011771,45.653085902814574],[-111.52080732062373,45.653338303238534],[-111.52079172094024,45.653464369922652],[-111.52080725402958,45.653601569527254],[-111.52084612109049,45.653771769739066],[-111.52083825361404,45.653864969860685],[-111.52081465430632,45.654128369682574],[-111.52073612105448,45.654534370279627],[-111.52072032054797,45.654709970139102],[-111.52072805379554,45.654781303515414],[-111.52079832104647,45.655000770284204],[-111.52080585451155,45.655472703364488],[-111.52087572115693,45.656202369980889],[-111.52087552137445,45.656295770426581],[-111.52082832171844,45.656696303564352],[-111.52085965427375,45.656794970192358],[-111.5209142542065,45.656871770097013],[-111.52104725420273,45.656981703495674],[-111.52113325432546,45.657129903347986],[-111.52118012101064,45.657261503370968],[-111.52135985450371,45.657634703696978],[-111.52150805461844,45.657996903752533],[-111.52152365534245,45.65829870346392],[-111.52144525527895,45.658430370557383],[-111.52138245489895,45.658677303340546],[-111.5213979213941,45.65880337036922],[-111.52142925498993,45.658880303516746],[-111.5215075218651,45.658957103470314],[-111.52171852235985,45.659116303659822],[-111.52182025535441,45.659209570521107],[-111.52187505506964,45.65923697056386],[-111.52207825572265,45.659396169957645],[-111.52231305530762,45.659527970466321],[-111.52248505555313,45.65965417012081],[-111.52253985526836,45.659670703396287],[-111.52264145507458,45.659720170106922],[-111.52300132266626,45.659945303849874],[-111.52311852215598,45.659994703411428],[-111.52385405576479,45.660143103280767],[-111.52461305549298,45.660220169854441],[-111.52472252277563,45.660220169854441],[-111.52485552277187,45.660236703689996],[-111.52519192320362,45.660368503674619],[-111.52522325575892,45.660368503674619],[-111.52523885648296,45.660379503173729],[-111.52561445590591,45.66045650324331],[-111.52611492355305,45.660829703364584],[-111.52663912369627,45.661038370320895],[-111.52693645624406,45.661170102967766],[-111.52706932305196,45.661241503019333],[-111.52722585680232,45.661340303447744],[-111.52731185692505,45.661417169840796],[-111.52756992388747,45.661603769919601],[-111.52789832365443,45.661965969753368],[-111.52839112360766,45.662443503301851],[-111.52843792369863,45.662454503120543],[-111.52871185776173,45.662663102935632],[-111.52887592393662,45.662822303495915],[-111.52914192392909,45.663118570082887],[-111.52940005748566,45.663349169620496],[-111.52964252476458,45.663524903275992],[-111.52972852488733,45.663623703310854],[-111.52988485781464,45.663848703552155],[-111.52996305809563,45.663985770090001],[-111.53001772462254,45.664117503073854],[-111.53005672487178,45.664271169953523],[-111.53011912464628,45.664688169836843],[-111.53019732492729,45.664935103381566],[-111.53027545861411,45.665077770170271],[-111.53036925857862,45.66521496968096],[-111.53051005841657,45.665390570224083],[-111.53065852490796,45.665615703708276],[-111.53076025790256,45.665796703680108],[-111.53083832499522,45.665977769966041],[-111.53086172556097,45.666087503694989],[-111.53090845801729,45.666520970399979],[-111.53101765892329,45.667195903664314],[-111.53099412516919,45.667333103800893],[-111.5309313258297,45.667558103676441],[-111.53081385892278,45.667826770498522],[-111.53065725857829,45.668101170251418],[-111.53048485876779,45.668364503834539],[-111.53024205851804,45.668688170684071],[-111.53004625918231,45.66891850369133],[-111.52902832572704,45.669856504114442],[-111.52887165878836,45.670032103912533],[-111.52869932557203,45.670262504100549],[-111.5285504584751,45.670624503947124],[-111.52841712550803,45.671068903833763],[-111.52836212601029,45.671441970681244],[-111.52837765909963,45.671710903881568],[-111.52841665934888,45.67184797080013],[-111.52854952615678,45.672166303958818],[-111.52885445876382,45.672649303935394],[-111.52916732648198,45.673060903951374],[-111.52940192628446,45.673318770616682],[-111.52973045923976,45.673631704205107],[-111.52994165951699,45.673900570899434],[-111.53001992639217,45.67396650392314],[-111.5301764601425,45.674136570980849],[-111.53021545935123,45.674218904016008],[-111.53025452619464,45.674345103999102],[-111.53026232707693,45.67447677116207],[-111.53023872672865,45.674564504263536],[-111.53020732653864,45.674602904401652],[-111.53007432654239,45.674679770760704],[-111.52993332692193,45.674816904567571],[-111.52990192673191,45.674882771077094],[-111.5297921264784,45.675178904038425],[-111.52972946032725,45.67553557121812],[-111.52979205988424,45.675546571372458],[-111.52983112672764,45.67553017074502],[-111.52989372628466,45.675464304270434],[-111.52995652666466,45.675272304090655],[-111.52998012701292,45.675080170929263],[-111.53004285975823,45.674921170996839],[-111.53007412675991,45.674893770632686],[-111.53010552694992,45.674882771077094],[-111.53015246022925,45.674893704471039],[-111.53015246022925,45.67490470402447],[-111.53012106003924,45.675140704233712],[-111.53006565993596,45.67604597101154],[-111.53000286059648,45.676265504198064],[-111.52992446053298,45.676424504673058],[-111.5299010599672,45.676501304551408],[-111.5299010599672,45.67661657142142],[-111.52994766027571,45.677082971418884],[-111.52994752708737,45.677274971202358],[-111.52991612689738,45.677390304818466],[-111.52984566090447,45.677549371164041],[-111.52974372708688,45.677719371353369],[-111.52965766036998,45.67783457101018],[-111.52946952664712,45.67799370443182],[-111.52917986075275,45.678196571316356],[-111.52874932738568,45.678437904764408],[-111.52854566057353,45.678531104540141],[-111.52820906035927,45.6786627051479],[-111.52734006059508,45.678914771450138],[-111.52687806044383,45.679079304838901],[-111.52644746048261,45.679254704856234],[-111.52564886011714,45.679605571578392],[-111.52507712630656,45.679962105130826],[-111.52478732618331,45.680197905173515],[-111.5246699269111,45.680313105543362],[-111.52445065937492,45.680548905560777],[-111.52381605963069,45.681283972419976],[-111.52339292654038,45.681794105327356],[-111.52313432682463,45.68214517203144],[-111.52289925982245,45.682529172547028],[-111.52257005988497,45.683187505664762],[-111.52195852669514,45.684471172373286],[-111.52183286038149,45.684975905734873],[-111.52180926003321,45.685173372476612],[-111.5218091268449,45.685409372992027],[-111.52185586034172,45.685716705725753],[-111.52201206008068,45.686144706007184],[-111.52203552724062,45.68623790602966],[-111.52201932716909,45.686846973058103],[-111.52198792697908,45.687192706110608],[-111.52196426107719,45.687329772907006],[-111.52176806113593,45.688048506361511],[-111.52171312719183,45.688300906173787],[-111.52163446075166,45.688805706742947],[-111.52157132740082,45.689409172958861],[-111.52143012799783,45.689831572903564],[-111.52139866121365,45.69010597306638],[-111.52131226152591,45.690358306900329],[-111.5211242609914,45.690605172980973],[-111.52104586092788,45.690676506411819],[-111.52089706146567,45.690786173543358],[-111.5206854605829,45.690989106704158],[-111.52055986086341,45.691438973486171],[-111.5204969283356,45.691844973158908],[-111.52046552814558,45.691960173531101],[-111.52043426114392,45.692069906467466],[-111.52035572789208,45.692261973294009],[-111.52029292751205,45.692377106666278],[-111.52017546164566,45.692486773370604],[-111.52010492801809,45.692536173286371],[-111.51986212776832,45.692612906713293],[-111.51960372783509,45.692711573270451],[-111.51954112827811,45.692755373575125],[-111.51950972808811,45.692793773585016],[-111.51949392758159,45.692865173272139],[-111.51951732814736,45.692980373723358],[-111.51954872833734,45.693051707032083],[-111.51960346145843,45.69311210678385],[-111.51968946158117,45.693161506874091],[-111.52004172807307,45.693271373367274],[-111.52013566122589,45.693309906756227],[-111.5201435276618,45.693320773316835],[-111.52010432763005,45.693474506831954],[-111.52004152829056,45.693523773596056],[-111.52000246144716,45.693540307042802],[-111.51954046129592,45.693622373860329],[-111.51943866170718,45.693660707135457],[-111.51932906123616,45.693720973950782],[-111.51921146114091,45.693819706872752],[-111.51908606120394,45.693962307299365],[-111.51904686117217,45.694039173954785],[-111.51903112830036,45.694110507366595],[-111.51903106170619,45.694264107160116],[-111.51906226107316,45.69441230715438],[-111.51909346148065,45.694500107114791],[-111.51922646147689,45.694779973837917],[-111.51924192797206,45.694889707055985],[-111.51923392834783,45.694960973971767],[-111.5192027279403,45.695037906845926],[-111.51903012834732,45.695295574114212],[-111.51879512793931,45.695553506924412],[-111.51873232859984,45.695663107077237],[-111.51868532872633,45.695778373716159],[-111.51862252834633,45.696036174206554],[-111.51854412828283,45.696184307002135],[-111.51819132799706,45.696666973927009],[-111.51811292793357,45.696815174094347],[-111.51804232875234,45.696996174181812],[-111.51793232871634,45.697440573936689],[-111.51792432805155,45.697588774234035],[-111.51793212893384,45.697775307500351],[-111.51795532867656,45.698000174078722],[-111.51808812889028,45.698576373979478],[-111.51812686172235,45.699059307318144],[-111.51820486222086,45.699448907471755],[-111.51820446265586,45.699854907859823],[-111.518235728617,45.699942707995703],[-111.51833746265211,45.700145774350659],[-111.51833726182907,45.700217107966843],[-111.51824306229958,45.700623107863834],[-111.51801586277385,45.70090277461879],[-111.51778812945425,45.701473374410249],[-111.51759186291883,45.702197574721751],[-111.51755266288707,45.70229077488289],[-111.51745066247531,45.702471774686465],[-111.51710572966603,45.702949107962205],[-111.51701952976076,45.703097174483169],[-111.51673712887371,45.703612775098101],[-111.51661946218431,45.703925508002769],[-111.51652532924899,45.704079108449875],[-111.51640772915374,45.704227174884707],[-111.51636852912199,45.704249174808602],[-111.51621192981803,45.704265508156922],[-111.51618066281634,45.704281975207593],[-111.51618846265809,45.704386175097873],[-111.51633706233781,45.704594774855281],[-111.51637606258704,45.704633174728563],[-111.51640732958873,45.704709975122704],[-111.51652466330732,45.704907574932747],[-111.51672006307805,45.705379574838247],[-111.51689212991771,45.705659508460997],[-111.51705632928092,45.705829708075264],[-111.51740086356577,45.706027308287247],[-111.51751826283798,45.706109708475246],[-111.51763566315073,45.706213908591977],[-111.51772172986763,45.706329175280487],[-111.51778433046516,45.706444508582273],[-111.5179248639265,45.706850508308605],[-111.51797966364173,45.70695470849774],[-111.51801866389097,45.707130374981595],[-111.51803413038614,45.707305974790174],[-111.51802626395022,45.7073937748509],[-111.51793212997437,45.707569308435609],[-111.51773626404447,45.707777708846272],[-111.51768926313045,45.707810575477467],[-111.5176030632252,45.707843508212029],[-111.51768893015962,45.708260575060237],[-111.51768093053539,45.708326375310847],[-111.51759473063012,45.708523908568253],[-111.51749273021838,45.70865550837204],[-111.51739853068888,45.708918775351265],[-111.51739853068888,45.708984708522927],[-111.5175390641502,45.709401708727995],[-111.51760173030134,45.709549908564874],[-111.51789886410717,45.710060309013564],[-111.5179223312671,45.710142575376175],[-111.51793013110883,45.710257775109596],[-111.51799266407166,45.710362108452401],[-111.51802393107333,45.710466375480905],[-111.51802386447915,45.710526708467398],[-111.51800806397264,45.710576108431177],[-111.51782786432042,45.71074617536879],[-111.51771026422514,45.710932575368993],[-111.51751413087806,45.711283775248866],[-111.5174828638764,45.711300175566706],[-111.51746713100458,45.711283709130292],[-111.51746733078708,45.711069708954462],[-111.51745953094533,45.711042175166206],[-111.5174360637854,45.711020308700363],[-111.51726366397492,45.711201375422242],[-111.51723213059657,45.711256108602257],[-111.51718506412891,45.71151397577848],[-111.51716146378062,45.711568909186887],[-111.51673826409616,45.711974708941646],[-111.5166676638744,45.712029575779475],[-111.51644833078458,45.712100775802099],[-111.51640913075282,45.712133708915218],[-111.51640126431691,45.712177575381929],[-111.5164168640004,45.712309308990058],[-111.51640893097033,45.712358708831381],[-111.51633053090683,45.712490375895364],[-111.51628353103334,45.712545176109828],[-111.51575833093709,45.713000376042444],[-111.51559366437417,45.713175909457512],[-111.51555446434242,45.713241709007477],[-111.5155073312806,45.713439176214905],[-111.51556973105508,45.713735509039019],[-111.51557753089681,45.713795908971456],[-111.51556973105508,45.713839776313137],[-111.51553046442915,45.713905709492145],[-111.51532653124033,45.714168909602613],[-111.51529513105032,45.714234709436553],[-111.51528733120858,45.714305975671067],[-111.51529506445615,45.714404776139553],[-111.51533413129957,45.714509109732901],[-111.51552986404111,45.714701175770429],[-111.51560806432212,45.714799976266775],[-111.51570186428663,45.714964709244541],[-111.51592086440562,45.71542570965579],[-111.51605373121352,45.71563417594826],[-111.51617113152628,45.715782375969262],[-111.51630426471084,45.715919576118736],[-111.51661733117098,45.716194109085848],[-111.51712613141322,45.7165289759293],[-111.51770546528304,45.717011975773161],[-111.51792453199619,45.717215176281364],[-111.51810453186593,45.717418176263578],[-111.51827666529974,45.717703576040613],[-111.51830013245967,45.717780375912469],[-111.51833106545,45.718307176467512],[-111.51835453260992,45.718411376366561],[-111.51838546560022,45.718905309431968],[-111.51836133249864,45.719569176513957],[-111.51837686558794,45.719799576111441],[-111.51837653261711,45.720265976378954],[-111.51818793273512,45.720946309776444],[-111.51814073307912,45.721176709506786],[-111.5181328666432,45.721308376135518],[-111.51814066648495,45.721440110013397],[-111.51816406601019,45.721538776552123],[-111.51821873357763,45.721643109901805],[-111.51841446631919,45.721884576256322],[-111.51848486675843,45.722016309502074],[-111.51853133283807,45.722575976739662],[-111.51849986709442,45.722833910091104],[-111.51841353296031,45.722965509615328],[-111.51824106655566,45.72311911004347],[-111.51808446621115,45.7232123101901],[-111.51802953330758,45.723228709912988],[-111.51799813311757,45.723261576901599],[-111.51795893308581,45.72328357659795],[-111.51788846709294,45.723288976819255],[-111.51784146617891,45.723250576686979],[-111.51779453289959,45.723190309739252],[-111.5177163336591,45.723025576312111],[-111.51763026694221,45.722910376745709],[-111.51763026694221,45.722888376902439],[-111.51745013284361,45.72278957690493],[-111.51742666672421,45.722800509652537],[-111.51741873265358,45.722827976627663],[-111.51743446656592,45.722871776585642],[-111.51745793268532,45.722932176813067],[-111.51757526640394,45.723118776614783],[-111.51756733337385,45.723135310027104],[-111.51755173369035,45.723140776367366],[-111.51734026599591,45.723124176852011],[-111.51735593331409,45.72317357657672],[-111.51755946693793,45.723349309764849],[-111.5176533334966,45.72344811022532],[-111.51769246693418,45.723508509829607],[-111.51770806661766,45.723563310135681],[-111.51770793342932,45.723656510267709],[-111.51765306711992,45.723777309686781],[-111.51760593301755,45.723853976993446],[-111.51755106670817,45.723908909894398],[-111.51738646673942,45.72400757643171],[-111.51725326696068,45.724056976828095],[-111.51629746690318,45.724237577087941],[-111.51617213356037,45.724253976509864],[-111.5161015333386,45.724292376678868],[-111.51602313327511,45.724413110072767],[-111.51597606680745,45.724522777138681],[-111.51577973367786,45.72506051035289],[-111.51574826689368,45.725186576748825],[-111.51570086641466,45.725685910199815],[-111.51566146660041,45.725932777206587],[-111.5156770662839,45.726053510687194],[-111.5157396668814,45.726218177075161],[-111.51584126668764,45.726382776876932],[-111.51594306731691,45.726509110502342],[-111.51620913390354,45.726755976776687],[-111.51641273412157,45.726898710382684],[-111.5165146668986,45.726937310665896],[-111.51674953411829,45.727068976793134],[-111.51717233423778,45.72722831007929],[-111.5173681335735,45.727332576873316],[-111.51757186697982,45.727480777100645],[-111.51779106792185,45.727667510614175],[-111.51804933466676,45.72795837693134],[-111.51811193422373,45.728057110405189],[-111.51815106766132,45.728161377104875],[-111.51818993472224,45.728326110641241],[-111.5182134674358,45.728490710042578],[-111.51821333424748,45.728589377203704],[-111.51818966730505,45.72875411020415],[-111.51813473440147,45.728951510245679],[-111.51796986805606,45.729319110307209],[-111.51794633430197,45.729417777457734],[-111.51793033505346,45.729779977036308],[-111.51791466773528,45.729851176958817],[-111.5178753345152,45.729949977541473],[-111.5176871341982,45.730279177183562],[-111.5175771341622,45.730564377621533],[-111.5175064683868,45.730871577669269],[-111.51742773431191,45.731305110426874],[-111.51741966809351,45.731535577110051],[-111.51745073531269,45.73187031060786],[-111.51762246814097,45.73272631096868],[-111.51767726889678,45.732841510629228],[-111.51770846826372,45.732989577853921],[-111.517810268893,45.733143311230918],[-111.51796653522612,45.73353837737006],[-111.51801346850544,45.733703111026337],[-111.51804453572466,45.733966377664615],[-111.51805233556637,45.734131110784659],[-111.51798913562136,45.734740110785189],[-111.51797346934372,45.73478391084479],[-111.51792646842968,45.734844177631281],[-111.5179341350831,45.734953977461437],[-111.51787913558536,45.735244777509713],[-111.51776113592511,45.735639777944598],[-111.51755706954793,45.73623777763445],[-111.51748633613784,45.736501111485104],[-111.51743113581709,45.7368687112426],[-111.51745453534231,45.736983977887625],[-111.51755566898939,45.737927711508377],[-111.51768833601477,45.738520311187983],[-111.51780566973338,45.738887978263243],[-111.51791513597551,45.739184311193682],[-111.51810293672753,45.739562978163342],[-111.5182046697221,45.739733111560739],[-111.5182672703196,45.739908711317668],[-111.51829066984484,45.740034911228719],[-111.51832153624098,45.740611111358696],[-111.51825853711901,45.740890778455835],[-111.51816433654898,45.741104911325706],[-111.51799953679775,45.741422978139163],[-111.51787407026659,45.741631511546224],[-111.51776427001306,45.741768578503837],[-111.51761513653948,45.741922111977594],[-111.51743493688723,45.742086578359029],[-111.51727013713599,45.742218178274349],[-111.51715267022907,45.742294978576005],[-111.51687033697672,45.742437578795439],[-111.51665086965806,45.742503311933447],[-111.51644713625171,45.742519711801933],[-111.51634527006883,45.74245931169569],[-111.51631406966132,45.742415511847028],[-111.51632987016784,45.74219051169505],[-111.51642406969732,45.74197651152241],[-111.51659667033086,45.74170771210202],[-111.51629093651275,45.741877711882616],[-111.51611053603749,45.742108111697164],[-111.5160320693798,45.742118978212467],[-111.51593806963282,45.742047711871777],[-111.51589893619523,45.742031178247835],[-111.51575793657476,45.742042111586478],[-111.51573446941482,45.742069578540509],[-111.51581266969582,45.74220117849589],[-111.51607106962906,45.742442712111895],[-111.51626687000531,45.742651312148652],[-111.51636073656397,45.742761111877194],[-111.51656427018781,45.743106778753543],[-111.51663453639821,45.743298978852827],[-111.51666586999404,45.743458111892572],[-111.51667347005328,45.743617178398374],[-111.51664987074554,45.743803778810381],[-111.51658707036553,45.744028578578025],[-111.51646127086354,45.744374312400012],[-111.51632773707344,45.744692378741298],[-111.51609233710045,45.745164179134903],[-111.51606087031625,45.74532877901428],[-111.51605287069202,45.745482378941311],[-111.51609967078302,45.745800711993951],[-111.51615433730991,45.745937912488998],[-111.51625613689866,45.746080578920463],[-111.51634227020973,45.746162912060697],[-111.51681227102574,45.746514178768855],[-111.51710207114898,45.746695512406504],[-111.51714113799241,45.746739312527865],[-111.51722727130348,45.746903978922091],[-111.51727427117697,45.746947912484913],[-111.51746227067096,45.747063178653754],[-111.51750927158498,45.747118111964241],[-111.51755613827015,45.747211378804955],[-111.51757187114195,45.747321179004295],[-111.51757933801289,45.747611912467278],[-111.51757927141871,45.747809378730317],[-111.5175555378821,45.747902711943517],[-111.51751647103869,45.747990379236938],[-111.51747727100694,45.747995912124246],[-111.5174536716992,45.74797397879717],[-111.51743793778685,45.747935578935255],[-111.51743047091597,45.74767771212332],[-111.51741487123248,45.747611912467278],[-111.51738347104245,45.747545979130095],[-111.51727393820616,45.747381379253362],[-111.51722693729212,45.747282579013081],[-111.51713307073345,45.747249578758627],[-111.51707033798816,45.747200179269832],[-111.51699973776638,45.747161778875586],[-111.51697633720062,45.747167178966649],[-111.51696067092297,45.747183712521803],[-111.51693707057471,45.747227579062248],[-111.51696047114048,45.747359312080768],[-111.5170777382649,45.747644579225245],[-111.51724973746984,45.748154978770046],[-111.51730453822562,45.748286712504331],[-111.51735147150495,45.748451312615842],[-111.51737487103017,45.748615912241959],[-111.5173590715642,45.74874757881414],[-111.51731987153245,45.748879312602071],[-111.51720987149643,45.749087778948976],[-111.51710787108469,45.749257778765291],[-111.51702153799108,45.749356512340299],[-111.51690387130166,45.749477179211681],[-111.51659793770108,45.749723912741743],[-111.51641767145466,45.749866512863022],[-111.51631573763707,45.749932312765651],[-111.51618113834031,45.750014512435676],[-111.51582813827204,45.750299713007301],[-111.51580467111212,45.750305179593312],[-111.51578893824031,45.75028871230915],[-111.51567167111588,45.74993751291796],[-111.51558713814586,45.749597312879644],[-111.51550873808235,45.749476579468464],[-111.51542233735408,45.749739912598329],[-111.51541313799429,45.74993737932008],[-111.51535007123762,45.750282979253498],[-111.51527927123337,45.750551779497094],[-111.51512967160062,45.751413179232344],[-111.51497247190861,45.752011179883418],[-111.51483887152433,45.752312913178926],[-111.5146740717731,45.752526779342915],[-111.51458787186783,45.752614579499507],[-111.51448587145609,45.752696913166716],[-111.51376433823025,45.753162913146518],[-111.51350567192034,45.753299980106775],[-111.51332527144508,45.75337671288861],[-111.5133016710968,45.753371179808632],[-111.51331747160333,45.753327313014196],[-111.51327053832401,45.753228513134104],[-111.51311387138533,45.753184580158496],[-111.51296493769424,45.753157112864983],[-111.51274547141608,45.753063712930228],[-111.51272193766198,45.753063712930228],[-111.51273773816851,45.753113113038012],[-111.51272967090956,45.753178913469348],[-111.51269833835426,45.753233779774291],[-111.51276093791124,45.753294113044582],[-111.51283153813301,45.753332579645061],[-111.51287853800649,45.75335457983936],[-111.51302747169758,45.753398513407191],[-111.51303513835099,45.753431380066914],[-111.51301947103281,45.753519313115696],[-111.51287013777672,45.753958113039822],[-111.51272087111479,45.754347580240157],[-111.51263447142705,45.754528579873117],[-111.5125952713953,45.754566980281346],[-111.51255607136355,45.754572513242763],[-111.51241507174305,45.754522980113919],[-111.51239153798896,45.754528579873117],[-111.5122816711413,45.754643713499178],[-111.51211687139003,45.754890513488974],[-111.5120462711683,45.755027713421939],[-111.51189673812969,45.755543380119391],[-111.51177867187528,45.756135913334987],[-111.51177867187528,45.756196313889177],[-111.51185687215627,45.756448713839049],[-111.51206013836291,45.756849313343885],[-111.51208353892866,45.757002913512295],[-111.51231047207774,45.75754078047256],[-111.51241213847814,45.75774931392661],[-111.5124825389174,45.757848113788761],[-111.51253747182098,45.757848113788761],[-111.51261587188446,45.757881113584723],[-111.51288207269998,45.758073180053543],[-111.51339927213144,45.758309313496838],[-111.51371267260298,45.758424713737384],[-111.51427693954263,45.75861151365482],[-111.51498227269694,45.758803780152427],[-111.51582074007638,45.759012713244665],[-111.51594614001337,45.759062113168021],[-111.51609507266393,45.759144513548357],[-111.5162203394126,45.759232313456728],[-111.51634567275542,45.759364113241702],[-111.5164474733847,45.759495779866306],[-111.51658847300516,45.759720779957462],[-111.51666667328617,45.759868913106516],[-111.51672133981307,45.760028113607611],[-111.5167369405371,45.760291513828562],[-111.51665813986807,45.760648113637465],[-111.51661107340041,45.760768780051542],[-111.51656394033857,45.760850980457569],[-111.51645407349089,45.760982713262919],[-111.51636787358566,45.761026513787385],[-111.51634433983156,45.761031980048635],[-111.51632074052382,45.761026580573031],[-111.51614794010781,45.761459913321545],[-111.51574747400689,45.762244313868322],[-111.51556694034329,45.762551513842702],[-111.5153000735861,45.762957513829228],[-111.51517447386661,45.76322078044678],[-111.51498587398461,45.76375838058965],[-111.51481274059775,45.764444180756776],[-111.51476534011871,45.764883113990372],[-111.51477294017795,45.765058713755025],[-111.51480434036797,45.765234180857455],[-111.51485907452958,45.765354981076058],[-111.51509407389706,45.765607380972149],[-111.51519587452633,45.765662380957259],[-111.51586987408479,45.765882180741897],[-111.51601874118172,45.765953513918468],[-111.51607367408529,45.76599198050279],[-111.51615194096046,45.76609631428304],[-111.51619894083396,45.766189513841951],[-111.51638687477431,45.766425580997982],[-111.51659054158647,45.766612180648508],[-111.51703714183672,45.766947113965145],[-111.51713887483129,45.767128180881059],[-111.51712327514781,45.767188580424062],[-111.51708394192772,45.767243380693124],[-111.51684067447826,45.767429780903257],[-111.51676227441475,45.767610914481928],[-111.51673087526527,45.76763831441572],[-111.51665247520178,45.767643713977193],[-111.51658187498002,45.767605313858006],[-111.51656614106766,45.767605313858006],[-111.51655047479001,45.76766571433604],[-111.51655034160167,45.767742380909617],[-111.51675387522552,45.76819791423587],[-111.516769474909,45.768285714413857],[-111.51679267465174,45.768598514308259],[-111.51677667540325,45.769092314196698],[-111.51664294183065,45.769613514483709],[-111.51658014145063,45.769772514433967],[-111.51631314150511,45.770315714210909],[-111.51597507517869,45.771357914311295],[-111.51584154242911,45.771582781645535],[-111.51575527592971,45.771698114512894],[-111.5156689417956,45.771791314873305],[-111.51566887520141,45.771840714368878],[-111.51583327538768,45.772164514665846],[-111.51602887598143,45.772702181031342],[-111.51609927538016,45.772954714611323],[-111.51629474278558,45.773393714420422],[-111.51653727561811,45.774216781122554],[-111.5165997430273,45.774370514917479],[-111.51667807649665,45.774507581310999],[-111.51678774252129,45.774617381511376],[-111.51724227684215,45.774941381235095],[-111.51729714315154,45.7750071813267],[-111.51738327646262,45.775144381144415],[-111.51751634305303,45.77539678174071],[-111.51760234317577,45.77566571502053],[-111.51765714289101,45.775907181474267],[-111.51766454316775,45.776269314604228],[-111.51763307638358,45.776450381738798],[-111.51755447653758,45.776675314901858],[-111.51746814344399,45.776878315030757],[-111.51732687640633,45.777108581975114],[-111.51686367651955,45.777711981609656],[-111.51679294310948,45.777827182059234],[-111.51664367644753,45.77825511494526],[-111.51647047750706,45.778984714890917],[-111.51643907731703,45.779077982175082],[-111.51632114425097,45.77941818172777],[-111.516156276865,45.779752781977749],[-111.51606194414721,45.779983182188857],[-111.51595207729953,45.780114915532565],[-111.51582654417419,45.780213582173552],[-111.51569314357241,45.780284782364248],[-111.51515187659298,45.780476582301389],[-111.5148850774705,45.780613582163539],[-111.51481454384292,45.780668515828687],[-111.51472827734351,45.780761782473292],[-111.51468107664697,45.780838581985336],[-111.51461807752499,45.781096382642659],[-111.51464147705023,45.781233581991899],[-111.51475107752121,45.781529915788802],[-111.51494667707446,45.781996315715524],[-111.51496227779847,45.782084182701652],[-111.51494654388613,45.782177382394764],[-111.51489947741847,45.782243315450643],[-111.51483654385011,45.782281582130359],[-111.51473474426137,45.782336382083102],[-111.5145699434696,45.782396782572434],[-111.51449147681191,45.782473515974885],[-111.51445214359184,45.782539315886403],[-111.51441287696593,45.782698515547345],[-111.51439694431161,45.782852115660809],[-111.51441254399509,45.783011182361129],[-111.51446714392783,45.783280115925237],[-111.51446714392783,45.783345915610383],[-111.51445134446185,45.783395315755293],[-111.5143807442401,45.78348298243715],[-111.51427094398659,45.783554315598344],[-111.51390214445235,45.783729715808306],[-111.51384727710241,45.783768115710281],[-111.51369014400457,45.783998516018102],[-111.51363527769516,45.784058782641758],[-111.51334487718388,45.784300182999552],[-111.51328207784441,45.78438791574181],[-111.51321927746439,45.784524982909204],[-111.51317987765013,45.784727982759499],[-111.51317194462007,45.784832182807357],[-111.51317967786764,45.784930982596229],[-111.51320314398704,45.785024316123497],[-111.51330487802213,45.785232783124535],[-111.51332834414153,45.78530971579584],[-111.51332827754737,45.78537011596633],[-111.51331254467554,45.785424915785626],[-111.51316334460779,45.785649782995307],[-111.51312407798187,45.78575951626798],[-111.51317087807288,45.785995383044643],[-111.51317087807288,45.786061315938824],[-111.51302927806435,45.786467183261635],[-111.51297427752608,45.786516582817512],[-111.51290367730432,45.786543982895992],[-111.51266847815434,45.786554916221576],[-111.51257427758433,45.786571316205908],[-111.512511544839,45.786593182844193],[-111.512385944079,45.786669916275592],[-111.51233107776956,45.786686382981074],[-111.51224487786433,45.786686382981074],[-111.51216634461251,45.786669782765664],[-111.51211154385672,45.786642516259001],[-111.51196267780034,45.786466782730415],[-111.51186854382446,45.786411916454391],[-111.51183727786334,45.786422783050625],[-111.51182947698106,45.786461316059253],[-111.51187627707206,45.786647783373049],[-111.51204854473474,45.786982583309431],[-111.51211114429174,45.787059516468275],[-111.51218167791932,45.787081382915098],[-111.51225227814109,45.787075916304211],[-111.51257394461349,45.78688951645163],[-111.51266034430124,45.786845716644187],[-111.51273874436474,45.786823783350172],[-111.51277794439649,45.786823782624559],[-111.51280934458649,45.786834716620866],[-111.51282507745832,45.786867715958685],[-111.51282487767583,45.786933516488617],[-111.51281707783407,45.786977516490836],[-111.51278567764409,45.787021316194704],[-111.51236187757156,45.787421716481163],[-111.51216554444196,45.787591716325963],[-111.51209494422021,45.787668383080231],[-111.51197714434245,45.787843916187967],[-111.51180427733227,45.788277383077848],[-111.51174127821028,45.788502182911813],[-111.51168627767203,45.788617516339585],[-111.51159187836004,45.788886183420551],[-111.51156814482343,45.78911118323208],[-111.51156794504094,45.789396516995851],[-111.51160687765548,45.78967631691728],[-111.51161447771473,45.789895783356066],[-111.51159854506041,45.790104383054292],[-111.51158274455388,45.790164583581657],[-111.51155147859275,45.790213983488592],[-111.511402278525,45.79037311697445],[-111.51137874477088,45.790416983662887],[-111.51137087833497,45.790482783630743],[-111.51137847839422,45.79057611656917],[-111.51141774502014,45.790658383332335],[-111.51145687845774,45.790707783527175],[-111.51154307836296,45.790784716623342],[-111.51177827855349,45.790954783118899],[-111.51187214511214,45.7910701165506],[-111.51192694482737,45.791229183744747],[-111.51195047858148,45.791366383551058],[-111.51195027879898,45.791498116842433],[-111.51191854563814,45.791838316788514],[-111.51188707885397,45.792019316676111],[-111.51177687903545,45.792408783710272],[-111.51172174530885,45.792699583339548],[-111.51167427823565,45.793138516937177],[-111.51166607882891,45.793517116743217],[-111.51162647923215,45.794010917262291],[-111.51154747878063,45.794603383599366],[-111.51142934593204,45.795053317292549],[-111.51131147946012,45.795283717387441],[-111.51114654548002,45.795552517019708],[-111.5109972788181,45.795749984107651],[-111.51084807875031,45.795897983848576],[-111.510722545625,45.795991184387617],[-111.51046354530372,45.796150183851431],[-111.50999267876354,45.796396917741603],[-111.50958467919756,45.796594184510035],[-111.50939634569221,45.796670917231914],[-111.50873714564669,45.796901117665413],[-111.50858027892552,45.796966784472801],[-111.50823494551068,45.797142318041033],[-111.50790527837347,45.797328717702761],[-111.50774834505815,45.797432784651356],[-111.50758347871273,45.79758091775949],[-111.50755207852272,45.797624784578346],[-111.50721367922546,45.798612184395438],[-111.5071191456846,45.799040118061157],[-111.5071110794662,45.799287117721626],[-111.50712654596136,45.799533984984343],[-111.50719694536008,45.799736984580917],[-111.50725174611584,45.799813784792228],[-111.50737714605283,45.799929118026142],[-111.50776914637035,45.800154317724157],[-111.50792594545682,45.800220184541082],[-111.50880434644436,45.800385184935372],[-111.50904754625911,45.800440184716408],[-111.5090945461326,45.800462117730071],[-111.50914167919444,45.800500584450326],[-111.50918868010845,45.800571984334759],[-111.50921207963368,45.800643184638453],[-111.50921967969292,45.800846318022302],[-111.50918787993793,45.801268717806686],[-111.50899867966788,45.802338584750551],[-111.50893574714007,45.802497584962779],[-111.50886494713582,45.802607385170141],[-111.50877867959588,45.802711585161589],[-111.50841734693255,45.803062585084049],[-111.50831527992661,45.803221584680735],[-111.50826028042889,45.803336784644287],[-111.508181546354,45.803611118500513],[-111.50814994638149,45.803857984739054],[-111.50812607965655,45.804225584761667],[-111.50814934703399,45.804450585026785],[-111.50813347993331,45.804593185260096],[-111.50807054636496,45.804768784747878],[-111.50766988048154,45.805311718309845],[-111.50733188074929,45.806013918917138],[-111.50708028070477,45.806622785181418],[-111.50693068003146,45.807198918629041],[-111.50688288102796,45.807851718472143],[-111.50689834752311,45.808098585502549],[-111.50685854710335,45.80859238591102],[-111.50683448059591,45.809146585357922],[-111.50676354740331,45.809530585778141],[-111.50671634774731,45.809656718896029],[-111.50663774790134,45.809793919026617],[-111.50655914805533,45.809898119356745],[-111.50652774786532,45.809936519362417],[-111.50648068139766,45.809969386073369],[-111.50644914801933,45.809974785887555],[-111.5064100811759,45.809969319346287],[-111.50633168111239,45.809914385545497],[-111.50630808076413,45.809908918998353],[-111.50627668057412,45.809925386090626],[-111.50589188075085,45.810281919492738],[-111.50584474768904,45.810309319492028],[-111.50574274727727,45.810320185780569],[-111.50567214705551,45.810287319276618],[-111.50557814730853,45.810193919260954],[-111.50558608033859,45.81013358588347],[-111.50562534696454,45.810106119070852],[-111.50560968068686,45.810089719484218],[-111.50548414756155,45.810051186130245],[-111.50545274737152,45.810023786004002],[-111.50542934680576,45.809963385715143],[-111.50543728087636,45.809924985727946],[-111.50557868110239,45.809749519266632],[-111.50564934687777,45.809584985412037],[-111.50564154703603,45.809562918908256],[-111.50555528053663,45.809584919409808],[-111.50546108100713,45.809623185451187],[-111.50538254775529,45.809683519381593],[-111.5052882805911,45.809793185751985],[-111.50521748058685,45.809930318819347],[-111.50520168112088,45.810007185486853],[-111.50524074692376,45.810243119364848],[-111.50522488086359,45.810396719002583],[-111.50520914695126,45.810462586040174],[-111.50518548104935,45.810495385714297],[-111.5051462810176,45.810500918930288],[-111.50511488082759,45.810489985950589],[-111.50498154681999,45.810380119321877],[-111.50493454694647,45.810358185860999],[-111.50486394776527,45.810352719357404],[-111.50467568085408,45.810369119591869],[-111.50453448041057,45.8103469859469],[-111.50419714661996,45.810258985817931],[-111.50418928018406,45.810313919278848],[-111.50422834702748,45.810407185640166],[-111.50444008005805,45.810615786165606],[-111.50451054709147,45.810643186000618],[-111.50456548103557,45.810681718945027],[-111.50458894715497,45.810785985790908],[-111.50461248090907,45.810818919451926],[-111.50477728066033,45.810742185906378],[-111.50484788088208,45.810725719055597],[-111.50495774772978,45.81074771909784],[-111.50497348060158,45.810786185969128],[-111.50497334741326,45.810835519001898],[-111.504902547409,45.810967185960763],[-111.50462768102756,45.811268786031363],[-111.50450988114983,45.811444319508702],[-111.5042975477312,45.811800919341181],[-111.50417174718869,45.812036786149001],[-111.50404588109251,45.812415319199054],[-111.50395128095749,45.812832186038683],[-111.50390394811316,45.813068119553947],[-111.50385648103996,45.813452186494843],[-111.50381708122573,45.813627719617998],[-111.50377774800565,45.813709919714135],[-111.50375414765739,45.813731919302867],[-111.50369928134796,45.813748385990053],[-111.50367574759387,45.813742919819212],[-111.5036286811262,45.813687986114083],[-111.50347994721761,45.813325786377099],[-111.50346428093997,45.813298319688236],[-111.50344074718585,45.813287319809334],[-111.50342514750237,45.813298319688236],[-111.50336994718161,45.813446386680475],[-111.50335414771563,45.813523186124186],[-111.50336194755738,45.813589119813294],[-111.50347168121672,45.813709919714135],[-111.50357354739961,45.813846986568954],[-111.50361268083719,45.81392938650837],[-111.50364394783887,45.81405558654015],[-111.50364388124471,45.814104919577915],[-111.50360454802463,45.814159786149716],[-111.50355754815112,45.814170786581549],[-111.50329868101819,45.81418711969495],[-111.50289848129394,45.814175919825566],[-111.50282788107218,45.814192319659497],[-111.50276508069216,45.814225186760005],[-111.50318068135795,45.814329719661394],[-111.50321214814213,45.814346186171818],[-111.50323568085567,45.81437358634733],[-111.50324348069742,45.814406520062626],[-111.50293728072016,45.814526986758167],[-111.50259968055289,45.814691519792994],[-111.50256048052113,45.814696986595983],[-111.50253688121342,45.814691386350191],[-111.50243514717829,45.814543319767104],[-111.50237248102715,45.814482920028077],[-111.50201874738252,45.814987519785774],[-111.50195594804305,45.815042320217493],[-111.50172034724702,45.81519578695746],[-111.50162614771754,45.815234186936777],[-111.50157114717925,45.815245119710418],[-111.50146914780802,45.815239586965724],[-111.5014456806481,45.815217586522181],[-111.50142228112286,45.815168187024028],[-111.50144594702476,45.814970719859659],[-111.50143814718301,45.814932319698677],[-111.50139894715126,45.814882919947514],[-111.50136754696126,45.81487738644158],[-111.50128914689775,45.814888386731667],[-111.50101428051634,45.815036386401516],[-111.50081648023402,45.815128920353104],[-111.50064394723519,45.815222320070355],[-111.50039294757869,45.815326719834452],[-111.50018114691342,45.815392720284557],[-111.49968694744219,45.815469720106442],[-111.49997728031876,45.815535386785129],[-111.50030688086179,45.815573587094441],[-111.5005266811513,45.81558998651677],[-111.5008096803453,45.815562919816244],[-111.50124908114184,45.815557719979729],[-111.50146094736075,45.815596186429758],[-111.50154728045432,45.815623720156047],[-111.50161788067609,45.815667586547974],[-111.50169614755124,45.815733519873902],[-111.50177468080308,45.8158267865875],[-111.5018372814006,45.815947586711019],[-111.50190754761098,45.816183520081829],[-111.50194668104858,45.816265786751153],[-111.50245588189634,45.817089119746456],[-111.50258128183334,45.817275720271269],[-111.50305148139132,45.817874120031455],[-111.50333354826699,45.818252786724742],[-111.50341968157808,45.818395519866726],[-111.50346668145154,45.81854358708501],[-111.50352928204906,45.818675386658377],[-111.50374874832723,45.818861986943688],[-111.50378014851722,45.818916919895976],[-111.50378788176479,45.818960786594367],[-111.50374088189132,45.819010187079151],[-111.5036151489835,45.819064987178095],[-111.50339534869397,45.819092187058999],[-111.50275988218503,45.819075520353124],[-111.50221054794666,45.819020319967301],[-111.50164534868867,45.819184587365562],[-111.50127648151971,45.819228387137144],[-111.50120588129798,45.819250320730546],[-111.50088408163722,45.81939272063736],[-111.50081334822713,45.819447587075494],[-111.50051554847964,45.819600720425235],[-111.50036648160021,45.819688586866036],[-111.50019394860138,45.819803920287718],[-111.5001077476556,45.81989732086577],[-111.50002934863264,45.819990587131869],[-111.49991974816164,45.820193720307067],[-111.49978688135374,45.82065458717657],[-111.49975554775789,45.820791787044847],[-111.49974794873918,45.82090152073561],[-111.49976388139349,45.821137520859637],[-111.5000234821028,45.821729920635477],[-111.50008634803643,45.821910920591201],[-111.50011014816721,45.822042587470236],[-111.50008688183031,45.822218187782916],[-111.50006334807621,45.822283987179333],[-111.49976554832871,45.822728587357638],[-111.49959314851824,45.822926187264116],[-111.49942854854949,45.823074387458796],[-111.49899734820022,45.823414787626668],[-111.49865234879674,45.823711321341904],[-111.49811114841147,45.824090187624108],[-111.497813348664,45.824359187623486],[-111.49771134825222,45.824501921064098],[-111.497609748446,45.824814720976882],[-111.49756288176083,45.824924521423853],[-111.49706114882449,45.825522721516926],[-111.49686514866576,45.825791721120034],[-111.49664608195259,45.826296588190615],[-111.49641874819801,45.826686321726072],[-111.49634054895753,45.826867388226347],[-111.4962388815166,45.827158188547834],[-111.49606648170612,45.827492987989039],[-111.49583148233864,45.827866321696682],[-111.49578448246514,45.827975988514119],[-111.49575328205763,45.828107721530444],[-111.4957614825049,45.828508188391709],[-111.49580088231917,45.828683788611905],[-111.49584808197515,45.828809921852418],[-111.49602908283846,45.829215921543479],[-111.49608428211869,45.829435322148399],[-111.49609228278348,45.829566988632635],[-111.49608454953591,45.829687721969542],[-111.49602954899761,45.829737121636867],[-111.49598248252995,45.829709721771003],[-111.49595108233994,45.829676788406424],[-111.4959116825257,45.829567122039791],[-111.49588828195992,45.829561588543065],[-111.49587248249395,45.829572588832363],[-111.49583334905637,45.829687788672949],[-111.49586514881136,45.830066388795807],[-111.49585808254598,45.830757721685352],[-111.49588174948843,45.830861921940837],[-111.49592888255025,45.830982588667048],[-111.49599174952445,45.831086788501551],[-111.49606254952869,45.831169188304905],[-111.4963530832283,45.831366521896236],[-111.49642388323257,45.831448788607837],[-111.49658908254879,45.831722988351274],[-111.4966754832771,45.831827188974643],[-111.49682468334485,45.831936788537547],[-111.49713888294633,45.832134189007824],[-111.49731954979828,45.832293321665524],[-111.49739028320838,45.832397521946064],[-111.49742968302262,45.832496188826646],[-111.49744548352915,45.832622388827588],[-111.49742988384565,45.832721122009289],[-111.49739855024983,45.832786988741248],[-111.49735935021806,45.832852922094865],[-111.49705348321163,45.83309992189654],[-111.4970300836864,45.833132922109939],[-111.49693615053359,45.833385321837994],[-111.49685775047008,45.833489588947877],[-111.49677935040658,45.833560921896179],[-111.49665374964654,45.833604988752199],[-111.49656748314713,45.833615988967352],[-111.49604948354514,45.833610721943103],[-111.49590814991328,45.833621788855822],[-111.49572754965551,45.833649322368103],[-111.49509214974077,45.833907522512789],[-111.49495868358535,45.83398992248987],[-111.49480174922947,45.834066722597981],[-111.49415854947298,45.834363388790031],[-111.49406434994349,45.834434722793254],[-111.49397815003826,45.834527989354292],[-111.49393888341233,45.834588389098329],[-111.4939075498165,45.834670722819787],[-111.49390774959897,45.834763988985351],[-111.49395488266082,45.834868188989894],[-111.49403348354734,45.834988922426867],[-111.49421414935875,45.835169789377105],[-111.49422215002352,45.835208189355242],[-111.49419088302183,45.835252188935129],[-111.49360234979227,45.835532322596158],[-111.49346114934873,45.835620189265846],[-111.49324934972401,45.835812189512538],[-111.49317888269057,45.835927589575384],[-111.49309268278532,45.836125123056014],[-111.49304588269433,45.83635012276595],[-111.49304608351737,45.836580522425102],[-111.49307768348987,45.83680552246858],[-111.49311714989828,45.836969989669491],[-111.49321148365664,45.837156589531006],[-111.4933452838234,45.837381522725792],[-111.49347888316714,45.837567922575204],[-111.4935967506796,45.837704989418292],[-111.49468895015742,45.838840189298537],[-111.49478328391575,45.838988323202621],[-111.49480688426401,45.839054123073872],[-111.49485435029669,45.839350389348617],[-111.49485448452555,45.839476589754348],[-111.4948154842763,45.839701589686115],[-111.49477648402706,45.839910123238781],[-111.49446335097274,45.840864923203888],[-111.49438535151478,45.841259989929746],[-111.49437755063251,45.841353323339121],[-111.49442475132902,45.841451989563794],[-111.49443268435911,45.841501389662248],[-111.49440168477463,45.84193492331714],[-111.49434728462438,45.842395789962609],[-111.49436295090206,45.842467123092391],[-111.49438655125032,45.842472590067601],[-111.49441015159857,45.842472590067601],[-111.49448855166206,45.842412190182671],[-111.4945121509698,45.842417723126587],[-111.49462215100581,45.842549190002487],[-111.49464588454241,45.842713922925007],[-111.49463035145307,45.842988189665832],[-111.4946702850612,45.843624589793109],[-111.4947497516719,45.844436723067467],[-111.49482868552927,45.844913923531138],[-111.4948209522817,45.845018190059989],[-111.49473475237644,45.845199323768249],[-111.49471128521652,45.845287123709767],[-111.49467995162067,45.845325523229484],[-111.49461728546953,45.845369390138046],[-111.49447595183766,45.845440923132927],[-111.49437395142591,45.845473789907103],[-111.49423255224043,45.845462923230585],[-111.494083485361,45.845446523184954],[-111.4940127519509,45.845419123805137],[-111.49395768481848,45.845386190314073],[-111.49391055175664,45.845331390031852],[-111.49387115194239,45.845243590160209],[-111.49389448487345,45.845040590434976],[-111.49385515165336,45.844936389908426],[-111.49380795199738,45.844870523784856],[-111.49362728514545,45.844749990098983],[-111.49319515143731,45.844409990048128],[-111.4931009508673,45.844344189987204],[-111.49300668474366,45.8442949236102],[-111.49273175072751,45.844190790547529],[-111.49248048469437,45.844141523309865],[-111.49229208459487,45.844125123599582],[-111.49190735136575,45.844108790570552],[-111.49169535091799,45.844108923942855],[-111.49143635059671,45.844087123368276],[-111.49109875042946,45.844043390270727],[-111.49091815121223,45.844004990590825],[-111.49087095051567,45.843977590501012],[-111.49080028369976,45.8438953901506],[-111.49073735117194,45.843867990006807],[-111.49068255041618,45.843983190700349],[-111.4906983509227,45.844114923520948],[-111.49071408379451,45.844131390645238],[-111.49087895118046,45.844169590179654],[-111.49121675113024,45.84432312377438],[-111.49132668457207,45.844355990484139],[-111.49144435126149,45.844377923600149],[-111.49150728482984,45.844383323701734],[-111.49154655145576,45.844377790228485],[-111.49178195142875,45.84425699018086],[-111.49189175064176,45.844245990619513],[-111.49200175067776,45.844251390009092],[-111.49208815140602,45.844267923778936],[-111.49237088422336,45.844388390373773],[-111.49279488511891,45.844470523310044],[-111.49286555089431,45.844497923881896],[-111.49292835127432,45.844536323221554],[-111.49303848449867,45.844717323678282],[-111.49325855116483,45.844925723182378],[-111.49318808517195,45.845090323671208],[-111.49318015110134,45.845123323297535],[-111.49319595160786,45.845145190150973],[-111.49364368499947,45.845304123239913],[-111.49377715219541,45.845386323683307],[-111.49391855138087,45.845501390038251],[-111.49396575207741,45.845550790165262],[-111.49399715226741,45.845605723600052],[-111.49399715226741,45.845622190283059],[-111.49400515189167,45.845770323526501],[-111.493989885179,45.846066590279698],[-111.49392728562204,45.846340923846405],[-111.4939273522162,45.84642319016595],[-111.49394315168219,45.846478123464081],[-111.49398248490228,45.846538390641939],[-111.4941082854448,45.846648123590221],[-111.49412388512829,45.846686523620086],[-111.49412408491078,45.846774323388779],[-111.49408488487904,45.846905990165361],[-111.49397528544857,45.847120123416694],[-111.49372428579207,45.847416390229078],[-111.4936771516897,45.84749872381461],[-111.4936615520062,45.847581123960275],[-111.49370135242599,45.848047390690361],[-111.49366995223599,45.848124190241371],[-111.49359155217249,45.84826152389661],[-111.49323075226248,45.84863472408545],[-111.49313675251548,45.848799390427168],[-111.49308988583034,45.849073790242848],[-111.49309795204876,45.849183523987826],[-111.49315295258701,45.849320590482378],[-111.49322375259126,45.849413924139746],[-111.49351455266755,45.849698990360466],[-111.49359328570188,45.849863590496128],[-111.49358548586014,45.849918390662225],[-111.49349135292482,45.850050123923431],[-111.49344435305133,45.850159923870677],[-111.49342088589138,45.850269724325912],[-111.49342888551564,45.850412323916352],[-111.49346828637043,45.850494590737476],[-111.49376708607095,45.850993724098998],[-111.49387728588945,45.851158190671512],[-111.49397155305364,45.851267990605535],[-111.4940893529314,45.851377724370145],[-111.49422295331566,45.851481923702188],[-111.49436448673001,45.851564123713572],[-111.49455295342368,45.851629790577093],[-111.49492208696928,45.851689990569575],[-111.49515755353647,45.851711790338861],[-111.49525975373072,45.851733724178388],[-111.49537748701432,45.851761124071622],[-111.49602155353551,45.851969190619279],[-111.49614728644335,45.852029523597643],[-111.496225753101,45.852078790371941],[-111.49635948667361,45.852210523589534],[-111.49643028667788,45.852320190267704],[-111.49650895415857,45.852512190866385],[-111.49657195328054,45.85270959082024],[-111.49657208750942,45.852753590330444],[-111.49656428662716,45.852769990395963],[-111.49647775375107,45.852720724233905],[-111.49645428659115,45.852715190865261],[-111.49643848712515,45.852720724233905],[-111.49643068728341,45.852748123640879],[-111.49643868690767,45.852951190903617],[-111.49642308722417,45.853005990926476],[-111.49628208656316,45.853192590636375],[-111.49625068741366,45.853302390902492],[-111.49624308735442,45.853516390820609],[-111.4961805533511,45.853862124293833],[-111.49619648704592,45.854026591080796],[-111.49644068785423,45.854756191069079],[-111.49648788751023,45.854860523940268],[-111.49657435379216,45.854997590938751],[-111.49667668717476,45.855112791049407],[-111.49675528806129,45.855222391129431],[-111.49681035415318,45.855332191011499],[-111.49681835377741,45.855447391153682],[-111.49680255431144,45.85550232423595],[-111.49676348746803,45.855562591057272],[-111.49667715437442,45.855661524134057],[-111.49662215383619,45.855699924463721],[-111.49645748727326,45.855760324415193],[-111.49604128726,45.855804391082685],[-111.49565648743675,45.855832124504964],[-111.49502835356984,45.85581592463415],[-111.49496555423035,45.855821524366377],[-111.49480855432087,45.855903791158056],[-111.49467528690742,45.856008124774995],[-111.49458108737792,45.856106924440333],[-111.49453408750445,45.856189324153128],[-111.4944948874727,45.856298990957072],[-111.49441688697419,45.856814791409775],[-111.4944405539166,45.857006924326264],[-111.49448008795973,45.857143924436592],[-111.49452728761572,45.857253591531922],[-111.49459028777825,45.857335924324666],[-111.49471608728024,45.857473124359423],[-111.49484175463444,45.857588191074555],[-111.49495175467044,45.857648524479188],[-111.49558015491399,45.857873124814596],[-111.49585515448373,45.858037591333932],[-111.49597308754981,45.858086991197311],[-111.49611435458749,45.858130724848358],[-111.4963422876896,45.858185390776789],[-111.49653068778912,45.858212791114781],[-111.49671928767113,45.858223724143699],[-111.49706468768014,45.858185124099748],[-111.49730808831792,45.858179524605539],[-111.49745735497983,45.858190390971714],[-111.49753588823167,45.858212324430113],[-111.49762228791941,45.85825612465176],[-111.49768515489362,45.858305524321032],[-111.49774808846196,45.858420590762947],[-111.49774815505612,45.858464590827339],[-111.49771688805444,45.858557924357704],[-111.49765408871497,45.858640190724458],[-111.4974422880497,45.858749991104609],[-111.49693195510109,45.858942391254615],[-111.49683775453106,45.85899172437049],[-111.49651608805866,45.859211390918404],[-111.49643755480682,45.85924439158758],[-111.49632768795914,45.859271924739659],[-111.49624135486557,45.859282924228268],[-111.49594288813587,45.85928852433603],[-111.49566808834862,45.859343524639549],[-111.49544035502903,45.859332724441941],[-111.49521255511527,45.859294391114958],[-111.49509488842585,45.859299924553596],[-111.49494555412922,45.859321991634779],[-111.49486708747156,45.859343924646815],[-111.49480435472624,45.859371391081723],[-111.49471015415622,45.859431791393284],[-111.4945454875933,45.859640324901171],[-111.49417675465324,45.860019191526639],[-111.49403555420972,45.860178391536863],[-111.49393355483848,45.860309991800172],[-111.49387875512325,45.860419791781531],[-111.49386315439922,45.860562391433625],[-111.49388715431249,45.861012391560813],[-111.4939108878491,45.861143991299365],[-111.49397395460576,45.861363524708899],[-111.49404475461002,45.861555525243951],[-111.49414708799263,45.861774925147841],[-111.49443028800965,45.862241125058716],[-111.49457975549461,45.862438591923677],[-111.49474488821669,45.862603125370413],[-111.49539715518516,45.863129391458692],[-111.49557808841377,45.863414725040592],[-111.4956331555462,45.863464125198796],[-111.49569595592621,45.863502391886527],[-111.49584535577647,45.863562724670565],[-111.49671728880558,45.863858524934997],[-111.49681155596977,45.86390239171886],[-111.49689028900411,45.86396272479341],[-111.49692168919412,45.863995591491715],[-111.49697675632655,45.864160191340233],[-111.49719708936939,45.864467325269466],[-111.4972442890254,45.864560524819836],[-111.49742535648286,45.865059724674488],[-111.49744909001947,45.865191391637879],[-111.49744928980196,45.865301124737691],[-111.49739468986924,45.865657791863569],[-111.49733968933096,45.865668791537956],[-111.49724529001897,45.865509725353945],[-111.49716668913244,45.865493325422754],[-111.49714315641886,45.865504325129734],[-111.4971118894172,45.865542725183147],[-111.49708835670363,45.865685392122785],[-111.49709628973372,45.865795191632223],[-111.49720708994026,45.866458924896556],[-111.49727795653865,45.866645525110627],[-111.49730155688692,45.866799124910074],[-111.49732568998853,45.867221591726619],[-111.49734935693095,45.867408124896002],[-111.49740469044006,45.867594592230475],[-111.49747549044432,45.867748191581036],[-111.49753048994206,45.867835992154099],[-111.49823809041962,45.868515925483301],[-111.49830109058216,45.868641991616151],[-111.49839569071716,45.868916325406381],[-111.49849809069393,45.869097325497343],[-111.49853735731983,45.869141325082104],[-111.49860015769987,45.869185125388391],[-111.49886729083372,45.869283725580978],[-111.49910295718338,45.869332924903276],[-111.49928369062948,45.869354791657315],[-111.49941715782542,45.869354725001422],[-111.50004535724594,45.869277591783231],[-111.50012702874787,45.869275061754465],[-111.50056569596804,45.869414003054146],[-111.50091325300372,45.869588538830186],[-111.50140389384919,45.869719766877978],[-111.50202817357868,45.869849007998752],[-111.50250323555136,45.869995439318686],[-111.50291080849847,45.870041079210935],[-111.50303448843299,45.870054928245395],[-111.50336670279707,45.870164172119026],[-111.50379195233323,45.870343160536237],[-111.50405570061045,45.870487113469622],[-111.50426656063314,45.870650571841146],[-111.50438085807393,45.870892212068057],[-111.5044795724798,45.871149059162867],[-111.50453154090245,45.871451527141524],[-111.50449661538374,45.871710363273777],[-111.50402936573924,45.872086070759472],[-111.50370872731426,45.872270538768291],[-111.50313285009791,45.872591702326837],[-111.50278576546458,45.872664955717298],[-111.50268645171121,45.872866102110727],[-111.50246017826063,45.873388949357143],[-111.50252710643842,45.873625683919492],[-111.5026070922755,45.873931391973031],[-111.50262056718886,45.874166891922265],[-111.50263780051048,45.874527633716824],[-111.5029579821411,45.875026951253894],[-111.50334063846465,45.875408675263223],[-111.50374009108558,45.875670183529031],[-111.50420174473906,45.875908752785193],[-111.50480237729626,45.876115536561088],[-111.50525681484747,45.876323393172136],[-111.50549380995886,45.876355001473001],[-111.50575332326332,45.876518515029389],[-111.50577279165167,45.876688437815481],[-111.50578542269209,45.876798692984991],[-111.50562022545691,45.877054292859995],[-111.50535464271849,45.877266262098594],[-111.50513513898113,45.877338866770209],[-111.50512557231291,45.87748979290707],[-111.50528581348533,45.877692123636415],[-111.50559031739242,45.877933027673805],[-111.50572681878509,45.878130207711664],[-111.5058705425232,45.878358095951064],[-111.50609592943894,45.878789484966276],[-111.50648738659778,45.879304249511229],[-111.50668776636353,45.879533495508824],[-111.50676653373547,45.879568806500139],[-111.50693964631165,45.879646410050256],[-111.50761696829471,45.879891664227664],[-111.50798743684526,45.880077651431016],[-111.50816963016034,45.880277451177513],[-111.50827129864182,45.880518073089988],[-111.50823772893872,45.880758509969958],[-111.50807266489188,45.880966786007981],[-111.50803548245527,45.881191868009395],[-111.50807877594718,45.8813449422858],[-111.50823809520665,45.881491992345033],[-111.50850509515216,45.881695125578624],[-111.5090309622306,45.882068391851639],[-111.50926649539194,45.882255125819221],[-111.50971396240688,45.882655791831887],[-111.50984749515646,45.882760125225182],[-111.50995270769621,45.882827035163459],[-111.51000481346931,45.88304850240624],[-111.51046825996259,45.883539937215524],[-111.51093094374457,45.884309681726805],[-111.5112570460128,45.884921280639418],[-111.5113410712023,45.885630339437817],[-111.51102705681581,45.886478017660693],[-111.51096690251337,45.886855916241188],[-111.51108167547815,45.887132504645656],[-111.51132831009515,45.887335932320028],[-111.51191322434804,45.887639481187236],[-111.51209270082923,45.887839054562967],[-111.51211907003808,45.888021499521216],[-111.51207808445022,45.888269671765542],[-111.51193521707148,45.88843684476884],[-111.51195892979742,45.888608002199327],[-111.51202909611655,45.888630945599942],[-111.51218316380167,45.888681325734282],[-111.5123812658388,45.888431801665391],[-111.51256226878317,45.888074748342632],[-111.51253119844237,45.887891020137424],[-111.51251996275786,45.887824584907136],[-111.51246930852948,45.887679718659584],[-111.51246227035853,45.88767365569899],[-111.51230311030073,45.887536576552897],[-111.511975839513,45.887342445823329],[-111.51169941337135,45.887223601971812],[-111.51139908720768,45.887003179140969],[-111.5113431241756,45.886835738904701],[-111.51141105230643,45.886561277728767],[-111.51161861383679,45.886317093086511],[-111.51184134426963,45.886418940332142],[-111.51237198947952,45.886914223183204],[-111.51309616045864,45.887387199429853],[-111.51431989277998,45.887941697172607],[-111.51521388824834,45.888221196099629],[-111.51618018313025,45.888596689834749],[-111.51748762431876,45.889013994261411],[-111.51839475132431,45.889419483617409],[-111.51915929917901,45.889797991563434],[-111.51923776583665,45.889858325498643],[-111.51938696590443,45.889935191872823],[-111.519520498654,45.890044991999851],[-111.51966956553342,45.890182324960904],[-111.51968536603994,45.890209592199163],[-111.51975589966754,45.890324925030974],[-111.51982649884874,45.890533525154595],[-111.51984216616694,45.890676125047293],[-111.5195973587274,45.891169459405212],[-111.51952714350317,45.891485178319179],[-111.51945481703575,45.891743761082282],[-111.51930805181719,45.892203791286448],[-111.5188717382846,45.892583274608853],[-111.51874796574255,45.893161125504079],[-111.51858992009652,45.893313426659788],[-111.51863252891717,45.893494399431546],[-111.51880969645376,45.893717982995298],[-111.51905761092739,45.893924694697148],[-111.51926316214634,45.894110146812132],[-111.51965256945351,45.894283111732548],[-111.51999747937109,45.894478636897972],[-111.52036450375456,45.894715186014871],[-111.52064266654723,45.8949445516404],[-111.52083596652065,45.895183704385431],[-111.52099702659322,45.89539171488142],[-111.52106109538401,45.895610910977844],[-111.52110704848045,45.895806052724559],[-111.52114487292646,45.896019560257344],[-111.52124476937878,45.896443781195764],[-111.52155277780388,45.896852716183496],[-111.52200055906003,45.897114810745251],[-111.52259769542351,45.897429398767429],[-111.52276516726569,45.897505947622271],[-111.52276889341739,45.897627525594757],[-111.52265164606312,45.897658478004907],[-111.52243140978992,45.897675162449715],[-111.52220517900119,45.897666393702835],[-111.52196496239702,45.897598232924082],[-111.52168837289153,45.897534267080054],[-111.52146227945326,45.897473192708404],[-111.52121193637366,45.897414913506147],[-111.52102607621728,45.897418916632262],[-111.52083394788497,45.897502075574167],[-111.5208249264565,45.897553255092028],[-111.52085050069746,45.897562192584317],[-111.52095256770339,45.897688392689489],[-111.5209209677309,45.897842126106532],[-111.52104670063872,45.897891526078567],[-111.52121950105476,45.897929925478245],[-111.52124316799717,45.897924525507683],[-111.52152596740866,45.897946525840354],[-111.52247690088933,45.898034592257012],[-111.52268896793129,45.898040192081268],[-111.52294036819329,45.898067725568104],[-111.52301896803931,45.898084192646216],[-111.52327030170716,45.898188525303603],[-111.52339610120914,45.898276392197026],[-111.52354516808857,45.898424592270516],[-111.52369450134466,45.89860019192966],[-111.52388290144418,45.898869125669691],[-111.52389836793934,45.898962392080414],[-111.52381196825159,45.899028191957782],[-111.5237491012774,45.899093992481284],[-111.52376470200143,45.899165326017474],[-111.52420456895715,45.899505725531185],[-111.52429096864488,45.899598992320847],[-111.52438510158019,45.899747192484909],[-111.52447156890263,45.899944725951926],[-111.52451070234022,45.900065391986431],[-111.52451830239947,45.900339792225921],[-111.5245419017072,45.900416526062699],[-111.52461256852312,45.900476992561281],[-111.5248247687534,45.900356325973036],[-111.52487990248,45.900345325923141],[-111.5249819684454,45.900372792372387],[-111.52520970280554,45.900614325794287],[-111.52542956864869,45.900883192574334],[-111.52550016887042,45.900992925437933],[-111.52557870212226,45.901152125394177],[-111.5256491691557,45.901426392096809],[-111.52572770240754,45.901601992400053],[-111.5260339023848,45.902161792681071],[-111.52629290270607,45.902743392418913],[-111.52647336977549,45.903050792459617],[-111.5267087697485,45.903544592529919],[-111.52681870319034,45.903742192134665],[-111.52717990370587,45.904263592496562],[-111.5273289705853,45.904532525595577],[-111.5273997039954,45.904707992260349],[-111.52740750383714,45.904828726141005],[-111.52736797083455,45.905113992613821],[-111.52749370374238,45.905185392269118],[-111.52752517052654,45.905218325818808],[-111.52754077021004,45.905355525683269],[-111.52750930342586,45.905459792545784],[-111.52742270395564,45.905552992857849],[-111.52732057035553,45.905613325605955],[-111.52723397088528,45.905651726181738],[-111.526990370465,45.905695392721753],[-111.52678597007647,45.905717392871544],[-111.52662877038448,45.905766725741096],[-111.52657376984621,45.905766725741096],[-111.52653450322026,45.905750192881179],[-111.52644817012671,45.905607525984266],[-111.52636170384478,45.905634992726448],[-111.52607070398601,45.905870792719128],[-111.52586630359748,45.906002392674381],[-111.52526096990833,45.90628739318619],[-111.52519010330992,45.906298526005969],[-111.5251273705646,45.906298392782844],[-111.52507237002634,45.906276392863354],[-111.52502510377617,45.906232526221402],[-111.52500157002207,45.906144726221832],[-111.52502530355868,45.90600212622676],[-111.52506470337292,45.905886925870838],[-111.52516697016135,45.905771725999863],[-111.52515910372543,45.905744325937533],[-111.52511977050534,45.905716792637165],[-111.52500977046934,45.905749725871594],[-111.52496256977282,45.905804592589561],[-111.52488377014433,45.905958126144178],[-111.52482876960606,45.90611179322174],[-111.52482070338765,45.906358726168875],[-111.52479710303938,45.906451926419827],[-111.52464757000078,45.906682325995632],[-111.52459250390889,45.906835926629661],[-111.52449790377385,45.907296793316],[-111.52439497000324,45.908174592905375],[-111.52436356981322,45.908251393382933],[-111.52433210406957,45.908295326486645],[-111.52427710353133,45.90833359343695],[-111.52420630352707,45.908366526566951],[-111.52393117076898,45.908432326159279],[-111.52357737053018,45.908476126625906],[-111.52342810386826,45.908503526787875],[-111.52283057002084,45.908772126575734],[-111.52277557052311,45.908777593547896],[-111.52271270354893,45.908744593329153],[-111.52269696963658,45.90871172630812],[-111.52269696963658,45.908684193031583],[-111.52272056998484,45.908651393307572],[-111.52332610345647,45.908333326276484],[-111.52339677027243,45.908267593175978],[-111.52342837024491,45.908212726720379],[-111.52342837024491,45.90818519319631],[-111.52335757024066,45.908168726217959],[-111.52323977036292,45.90817419324955],[-111.5231453700104,45.908190726835542],[-111.52290950283769,45.908261926325991],[-111.52277597008812,45.908256326808697],[-111.52272877043211,45.908272793037028],[-111.52266590345795,45.908311126612027],[-111.5224927700711,45.908442793183056],[-111.5224455704151,45.908459193471153],[-111.52239056987682,45.90846472635905],[-111.52220210318313,45.908393326577581],[-111.52213130317888,45.908464593141119],[-111.5221233701488,45.908552393091469],[-111.52214676967405,45.908722527046486],[-111.52213890323813,45.908766326560105],[-111.52206810323388,45.908854193365677],[-111.521863569657,45.909046126849283],[-111.52170630337085,45.909227126539157],[-111.52168256983425,45.909342326479184],[-111.52170610358834,45.909430126489134],[-111.52178457024601,45.909550793627801],[-111.52194956977975,45.909698993291009],[-111.52209097000578,45.909792393547683],[-111.52299450404794,45.910286526775984],[-111.52370937057337,45.910774993355652],[-111.52387437114767,45.910939726861201],[-111.52389797045541,45.911000126876274],[-111.52391357117941,45.911115326756345],[-111.52388210439524,45.911257926647465],[-111.52377177034786,45.911488326546248],[-111.52368530406595,45.911597993561941],[-111.52350437083737,45.911778993617787],[-111.52333917048058,45.911927127242386],[-111.52317397116434,45.912036726786368],[-111.52295390449815,45.912168326602831],[-111.52275730395138,45.912261593839112],[-111.52260010425937,45.912321927259242],[-111.52243497049676,45.912371193446539],[-111.52223057114877,45.912398527253316],[-111.5219397710725,45.91242039370988],[-111.52160957014142,45.912409327274212],[-111.52130310378752,45.912359793979682],[-111.52107517068539,45.912299393996335],[-111.52058790325069,45.912145594187933],[-111.52048577069111,45.912101593907316],[-111.52028157008507,45.91198639390246],[-111.51997517032531,45.911744794121233],[-111.51984950297111,45.911602127427876],[-111.51977096971929,45.911492327209743],[-111.51973176968752,45.91132772710742],[-111.51975550322412,45.911196127469701],[-111.51984990357666,45.911086393778092],[-111.51998356951457,45.911020527106253],[-111.52003070361691,45.911009593603282],[-111.52010150362118,45.911026127068688],[-111.52016430296067,45.911053594025631],[-111.52024297044134,45.911119394052477],[-111.5206671034847,45.911536593670462],[-111.52105196990215,45.91181652696001],[-111.5214291707067,45.911981193665376],[-111.52159417024043,45.912047193854391],[-111.52170417027645,45.912080193557493],[-111.52177490368653,45.91206919365866],[-111.52180630387655,45.912052727108602],[-111.52182210334254,45.912030793902517],[-111.52180650365905,45.911997927379481],[-111.5217749702807,45.911970393561113],[-111.52138210423902,45.911816726774859],[-111.52127210420302,45.911761726997675],[-111.52108356987465,45.911662927076783],[-111.52092637018265,45.911553126978923],[-111.52029810312744,45.910938394017478],[-111.52002317015184,45.910620127240882],[-111.51989750279766,45.910499327041961],[-111.51953617013433,45.910213926794555],[-111.51907256964203,45.910054593546114],[-111.51881316975575,45.909994127342948],[-111.51860110271382,45.909977593570076],[-111.51825516891093,45.909966527371338],[-111.51822376976146,45.909949993590288],[-111.51820016941321,45.909917127283023],[-111.51820016941321,45.90986772715074],[-111.5182239029498,45.909807327351373],[-111.51845996886446,45.909527593887049],[-111.51858590259531,45.909280793772432],[-111.51859376903123,45.909220394058337],[-111.51858590259531,45.909165593704657],[-111.51855456899948,45.909083326826519],[-111.51851536896773,45.909022926897592],[-111.5184525030341,45.908962526902897],[-111.51838190281232,45.908907593801786],[-111.51829536889572,45.908858193495014],[-111.51783956928568,45.908715394128464],[-111.517588302212,45.908600127002472],[-111.51751756880189,45.908501327245695],[-111.517525501832,45.908451927301385],[-111.51755696861618,45.90839712691303],[-111.51761196915442,45.90836419380117],[-111.51780056903644,45.908309326717074],[-111.51797356923495,45.908265526842847],[-111.5180523022693,45.908265593452029],[-111.51808356927097,45.9082545935212],[-111.51828796861896,45.908238193896686],[-111.51835870202906,45.908221793543298],[-111.51845310238159,45.908177926990668],[-111.51850816951401,45.908128593367884],[-111.51853970289235,45.908057327096977],[-111.51850830270236,45.908029793495828],[-111.51838250215982,45.908040726861756],[-111.51830390231382,45.908068127238607],[-111.51811516924347,45.908166793823831],[-111.51802090207929,45.908188727108879],[-111.51754916877441,45.908237926735765],[-111.51746276908666,45.908254327084343],[-111.5173919690824,45.908276193725627],[-111.51728976888815,45.908325593826348],[-111.51727396838163,45.908440793465473],[-111.51728956910564,45.908528593453418],[-111.5173601693274,45.908632927480845],[-111.51746236848112,45.9086987940901],[-111.51755670223949,45.908742726839691],[-111.51796530219352,45.908863527241721],[-111.51805176951595,45.908901993625591],[-111.51811456885544,45.90894592693838],[-111.51816170295781,45.908995327167062],[-111.5181851690772,45.909050193573073],[-111.51817730264131,45.909159926946401],[-111.51792536962594,45.909593326943394],[-111.51780730233098,45.909883993803291],[-111.51772850270248,45.909988194240697],[-111.51762630250823,45.910048527236206],[-111.5171939690176,45.910037393720543],[-111.51695816947958,45.910053727654415],[-111.51665170208513,45.910091994116449],[-111.51642370238889,45.91014679427947],[-111.5162743025386,45.910201594388354],[-111.51580250263957,45.910437327199766],[-111.51564516871871,45.910497593824509],[-111.51554310171275,45.91050859403483],[-111.51547230170851,45.91050859403483],[-111.51540950236902,45.910491993808748],[-111.51535436864243,45.910453727622482],[-111.51532296845242,45.910404194030569],[-111.51526830192552,45.910184727642864],[-111.51523690173552,45.910124394071403],[-111.51518970207952,45.910069527279262],[-111.51513476917594,45.910042127166385],[-111.51498536828514,45.910091327322434],[-111.51488310253725,45.910195593977463],[-111.51485950218898,45.910250394038179],[-111.5147883692139,45.910579594352789],[-111.5146625020772,45.91084839404833],[-111.5145209020687,45.911012927518279],[-111.5144655685596,45.911150127540353],[-111.51444196925186,45.911270794559584],[-111.51443410177542,45.911418927368665],[-111.51443370221041,45.91176999470494],[-111.51441776851557,45.911934594219566],[-111.51438630277192,45.912071794135116],[-111.51426030244689,45.912346127792368],[-111.51419736887854,45.912428394178228],[-111.51415796906431,45.912510594562029],[-111.51411856925004,45.912647794501574],[-111.51411050199111,45.91281232770497],[-111.51412596952677,45.912998927907672],[-111.51420430299613,45.913448794474377],[-111.51421990267961,45.913629928215293],[-111.51421190305537,45.913788994924779],[-111.51418816951876,45.913893194546326],[-111.51413310238634,45.914019394451358],[-111.51405436935201,45.914151127838352],[-111.51398350275358,45.914227794805512],[-111.51330696949516,45.914765194673478],[-111.51309476926491,45.914852928190804],[-111.51301610282474,45.914869394633932],[-111.51283530278448,45.914880328100473],[-111.51245790219741,45.91488559466719],[-111.5121593022794,45.914874527999196],[-111.51200996902331,45.914857994956279],[-111.51118476845048,45.914676528596409],[-111.51039090147349,45.914582794863612],[-111.51005296833537,45.9145277949319],[-111.50990356848513,45.91448392829556],[-111.50979370163745,45.914434528608304],[-111.5096521682231,45.914346595347759],[-111.50947156796533,45.914203928103248],[-111.50933030196819,45.914066595186497],[-111.50925170108167,45.913967928229795],[-111.50923596820984,45.913929395134701],[-111.50924396783408,45.913825194857175],[-111.50930696799659,45.913775795307494],[-111.50955850144695,45.91377052863546],[-111.50965276861115,45.913748528057731],[-111.50971576877365,45.913721194915844],[-111.50988090149572,45.913616994971299],[-111.51002250150424,45.91357319494179],[-111.51025836867693,45.913523928373586],[-111.51036830211879,45.913507528134126],[-111.51043910212304,45.913507528134126],[-111.51050976789845,45.913512994639817],[-111.51057276806095,45.913540528416796],[-111.51062770200504,45.913573527955933],[-111.51078470191456,45.913721595255687],[-111.51087110160231,45.913765594975906],[-111.5109497014483,45.913787594822907],[-111.51100490176907,45.91379312790361],[-111.51104410180082,45.913782128344224],[-111.51118570180934,45.913688994696798],[-111.51123290146533,45.913644994915892],[-111.51127230232014,45.91359572841143],[-111.51128016875604,45.913513394981159],[-111.5112567015961,45.91340372813054],[-111.51107630216134,45.912997595113396],[-111.51106836809076,45.912948194827045],[-111.51107636875554,45.912887927967446],[-111.511107767905,45.91284399487909],[-111.51113930128334,45.912822127865439],[-111.51130436845179,45.912767194964452],[-111.51138310148612,45.912728928174971],[-111.51147736865032,45.912652128101158],[-111.5114855014629,45.91252039477579],[-111.51137556802105,45.912388727741963],[-111.51127336782677,45.91230092806844],[-111.51100636788127,45.912108727838039],[-111.51079416869153,45.911971394804276],[-111.51063710114734,45.911910994398276],[-111.51047990145533,45.9118781278043],[-111.51025196835323,45.911855928109645],[-111.51008696777896,45.91185039483581],[-111.51004756796469,45.911855928109645],[-111.51003190168706,45.91187232811324],[-111.51004756796469,45.91192172790926],[-111.51014190172307,45.911987594959562],[-111.51014970156479,45.912020528093386],[-111.51004736818221,45.912141194668202],[-111.51003950174629,45.912179595071933],[-111.51006310105403,45.912206994853541],[-111.51013376786996,45.912228994594471],[-111.51018876840823,45.912207128062491],[-111.51033816825849,45.912102928171073],[-111.51039330094456,45.912080994984827],[-111.5104719018311,45.912064595042885],[-111.51060550117482,45.912059128394532],[-111.51072336868728,45.912092128090542],[-111.51087270194337,45.912163528181736],[-111.5110139679405,45.912262327935458],[-111.5111633011966,45.912415994935905],[-111.51122596838829,45.91254772778511],[-111.51121810195238,45.912597128427919],[-111.51117876873229,45.912651994893281],[-111.51091916802299,45.912805528331319],[-111.51090350174533,45.912860327986991],[-111.510903368557,45.912926194647284],[-111.510997368304,45.913238994698922],[-111.51103656833574,45.91342552831199],[-111.51102870189983,45.913535195119529],[-111.51100496836325,45.913573728488316],[-111.51098150224385,45.9135901279843],[-111.51083996882947,45.913557128455039],[-111.51057276806095,45.913408795028325],[-111.51047850193729,45.913386795031151],[-111.51018770186101,45.913408595219252],[-111.50984190124647,45.913386528618929],[-111.50940956775584,45.913347928517076],[-111.50910310140193,45.913292994688604],[-111.50859230125364,45.91318852825092],[-111.50819916779476,45.913127928635447],[-111.50789270144084,45.913089328353735],[-111.50766476729819,45.913078328654905],[-111.50742890116604,45.913089128543518],[-111.50720096806393,45.913127395084629],[-111.50698070057472,45.913220595553831],[-111.50678416766263,45.913335728565563],[-111.50671336765838,45.913412528417368],[-111.50655610137221,45.913527595151969],[-111.50631210138692,45.913757995039852],[-111.50623336731206,45.913862195443613],[-111.50616250071364,45.913993795275147],[-111.50606790057861,45.914202195725444],[-111.50600476722778,45.914438195326568],[-111.50597330148412,45.914624728528594],[-111.50598870138512,45.914866128999734],[-111.50602010157512,45.914992195661789],[-111.50616896763152,45.915337995589312],[-111.50630250142163,45.915546595136661],[-111.50656156833705,45.915864995819135],[-111.50697770175617,45.916314995517041],[-111.50722116794758,45.916507195658397],[-111.5073391020542,45.916578595136791],[-111.50784970137946,45.916803795602917],[-111.50803050141973,45.916897128886838],[-111.50842330190775,45.917149729021133],[-111.50847816821717,45.917199128463025],[-111.50847830244602,45.917215595657787],[-111.50858810165903,45.917369195374931],[-111.50861170200729,45.917446128632363],[-111.50861150222478,45.91763812868146],[-111.50857176839916,45.917928928590193],[-111.50854016842665,45.918071529071391],[-111.50850870268302,45.918164795797367],[-111.50833556929616,45.918466528601463],[-111.50828836859964,45.918521329182084],[-111.50822536843711,45.918570595656981],[-111.5081075019652,45.918636395458066],[-111.50780856907636,45.918696595993218],[-111.5072425686073,45.918767729163648],[-111.50709316875701,45.918806129325468],[-111.50695936859026,45.91886079565387],[-111.50662910210555,45.919063596048794],[-111.50625930157776,45.919271995556819],[-111.50610210188574,45.919343196033246],[-111.50599190206725,45.919381595796814],[-111.50567750164272,45.919458196180734],[-111.50538650178393,45.919551396151896],[-111.50526070228193,45.919600595840507],[-111.50514256839281,45.91965552921598],[-111.50493030156838,45.91979252907803],[-111.50475716818153,45.919885729211437],[-111.50464710155134,45.919956996219376],[-111.50459990189536,45.919973529190827],[-111.50413576864972,45.920225596315113],[-111.5039311684787,45.920401129188456],[-111.50389976828869,45.920472396258212],[-111.50386810172202,45.920636996020662],[-111.5038129679954,45.920735729295586],[-111.50352170175998,45.921135996101007],[-111.50338776840486,45.921333529464256],[-111.50327756858637,45.921525529815057],[-111.50321450182967,45.921662595995947],[-111.50310396799979,45.922013729545128],[-111.50297730173311,45.922902530096557],[-111.50298490179235,45.923077996595254],[-111.50301630198237,45.923171330182946],[-111.50308690220412,45.923319529665555],[-111.50313396867179,45.9233909297878],[-111.50313390207761,45.923495130198667],[-111.50314956835527,45.923527996426905],[-111.50337730271541,45.923785996401953],[-111.5034245023714,45.923851796532361],[-111.50347156883906,45.923950596467186],[-111.50353416943658,45.924120729542629],[-111.50357336946833,45.924268930108092],[-111.50356550199187,45.92431293015094],[-111.5035575689618,45.924323796614424],[-111.50353396861354,45.924329330092142],[-111.50343956930155,45.924301796601689],[-111.50301530202933,45.924087596580911],[-111.50295250268984,45.924016196631491],[-111.50275630170806,45.923714396292368],[-111.50270916864623,45.923681396269373],[-111.5026541691485,45.923670396498636],[-111.50260690185782,45.923692330171093],[-111.50259116898599,45.923763596632341],[-111.50259110239182,45.923895330049149],[-111.50265370194879,45.924120330001585],[-111.5027477016958,45.924345329765352],[-111.50282616939398,45.924482530121104],[-111.503422768842,45.925366196364195],[-111.50355630263212,45.925525396626576],[-111.50365836963805,45.925667996402737],[-111.50377590313911,45.925991797045754],[-111.50382310279512,45.926057729906923],[-111.50395656999105,45.926189530254035],[-111.50421577009483,45.92635973028834],[-111.50460096948308,45.926518996458078]],[[-111.51984286644621,45.718285775616394],[-111.51975673313514,45.718252909333081],[-111.51961573247414,45.718143109362416],[-111.5194201329209,45.717956509651778],[-111.51905213251665,45.717665509163112],[-111.51904433267492,45.717638109393576],[-111.51906806621152,45.717517375888562],[-111.51913853220439,45.71737477596357],[-111.51922486529799,45.717232109563128],[-111.5194679319244,45.716924909334288],[-111.51949933211441,45.716848109013199],[-111.51944446580499,45.716831575919819],[-111.51938173201916,45.716831575919819],[-111.51932693230393,45.716864509151186],[-111.51898986593051,45.717264909608843],[-111.51888786551875,45.717489776259583],[-111.51886426621103,45.717533708992391],[-111.51883286602099,45.717561175650829],[-111.51876246558176,45.717599509223426],[-111.51868406551826,45.717577509468363],[-111.51862933239717,45.717544709606145],[-111.51858226592951,45.71750070931774],[-111.51848846596501,45.717341509569799],[-111.5182536653395,45.717088975657234],[-111.51775266493902,45.716660909241327],[-111.51755706538582,45.716512709370711],[-111.51728293154022,45.716331509468397],[-111.51689946464082,45.716040509235349],[-111.5167350654951,45.715875909475656],[-111.51612473100028,45.715173376325232],[-111.51596046504288,45.7149263092032],[-111.51586653084952,45.714739775763057],[-111.51582753164082,45.714618975693554],[-111.51580426426339,45.714426976214916],[-111.51585133073105,45.714218509051818],[-111.51589846483341,45.71412517620282],[-111.51612573095331,45.713823575813905],[-111.51614146486565,45.713779709186021],[-111.51616526395588,45.713499775542111],[-111.51620446398765,45.713379109383752],[-111.51626726436766,45.713269509083403],[-111.51673766474867,45.712693575407883],[-111.51705906484442,45.712364508992266],[-111.51740386446539,45.712040908791849],[-111.5180622643404,45.711464975533737],[-111.51828953150081,45.711212575638605],[-111.51833666456263,45.711141375211056],[-111.5183681313468,45.710960375140338],[-111.51835273144583,45.710663975287346],[-111.51839226444841,45.710252508774829],[-111.51837653053605,45.710148308920488],[-111.51835313101083,45.710049508919667],[-111.51831393097908,45.709978175496758],[-111.51804806417493,45.709632375493612],[-111.51795413102209,45.709489708945263],[-111.51791513077285,45.709292108620382],[-111.51792306380294,45.709187908428788],[-111.5179701302706,45.709083708769604],[-111.51816606383518,45.708886175310646],[-111.51811146390243,45.708732508871051],[-111.51808806437721,45.708600908521973],[-111.51805673078135,45.708430775474405],[-111.51804906412796,45.708293575105039],[-111.51806486359393,45.708183908882148],[-111.51815126328168,45.707947908550864],[-111.51820606403744,45.70784370875991],[-111.51830793022035,45.707712108498136],[-111.51844126422796,45.707657174932216],[-111.51853513078662,45.707646375100616],[-111.51858213066011,45.707646308251057],[-111.51866046412944,45.707695775430224],[-111.51878566428394,45.707810975120232],[-111.51902813052233,45.708096375278636],[-111.51910646399166,45.708189774871926],[-111.51917673020206,45.708304974997105],[-111.51929426370315,45.708381908403787],[-111.51935686430066,45.708447775360128],[-111.51939593114408,45.708529975067776],[-111.5194896645144,45.708859308200978],[-111.5195131306338,45.708957975156508],[-111.51951306403963,45.709012975018588],[-111.51948166384962,45.70904037538412],[-111.51945033129431,45.709045774802213],[-111.51925473070055,45.70890850836777],[-111.51912153092181,45.708848175087731],[-111.51898833114308,45.708946908184309],[-111.51922313072807,45.709177508525926],[-111.51927793044329,45.709243308423716],[-111.51931706388089,45.709303708851394],[-111.5193326646049,45.709352975474545],[-111.51932473053428,45.709385974874415],[-111.51930126441488,45.709429775197158],[-111.51922293094556,45.709457308326492],[-111.51916026375386,45.70945170840605],[-111.51901153088581,45.70940237502252],[-111.51878446454843,45.709358308741585],[-111.51915233072381,45.70964917519904],[-111.51924613068829,45.709764575037219],[-111.5193555313768,45.710049908546416],[-111.5196058640511,45.710549308253299],[-111.51962926461687,45.710675508387801],[-111.51957346494858,45.712019775097808],[-111.51957313197777,45.712343509108393],[-111.51960386518557,45.713160975148888],[-111.51963513218723,45.713309109073528],[-111.51966646474253,45.713396909149758],[-111.51979933155044,45.713671375316224],[-111.51990086580305,45.71404450900927],[-111.51993213176419,45.714121308824261],[-111.51997906504351,45.714192575929943],[-111.52004946548278,45.71426410885811],[-111.52029993238595,45.714439708778045],[-111.52055053247743,45.714593509192987],[-111.52098886568625,45.714955708987468],[-111.52109846615724,45.715065508682528],[-111.52118453287416,45.715175308888341],[-111.52120806558773,45.715230175490156],[-111.52130953220563,45.715696575393167],[-111.52136393235587,45.716135575982868],[-111.52130866648147,45.716755509242454],[-111.52129273278661,45.717194508778256],[-111.5212534661607,45.717430375621994],[-111.52122206597069,45.717501576028937],[-111.52080646634543,45.718050176099254],[-111.5202498660592,45.718686509515919],[-111.52010086577393,45.718823576127505],[-111.52002253334513,45.718801576127916],[-111.5199755324311,45.718779709065579],[-111.51995993274762,45.718757709048724],[-111.52001493328588,45.71847237568042],[-111.52008546587292,45.718412109390314],[-111.52035986609521,45.718242109369328],[-111.52038333325513,45.718214576208737],[-111.52037553237285,45.718203709400676],[-111.52034413322338,45.718192708916717],[-111.52028946565595,45.718203575726861],[-111.51995253247088,45.718291309267933],[-111.51984286644621,45.718285775616394]],[[-111.50904196899765,45.919553129086545],[-111.50900270237176,45.919536595265939],[-111.50897130218173,45.919509195483755],[-111.50893990303227,45.919432395382856],[-111.50894790265653,45.919333595364314],[-111.50892450209075,45.919141595390812],[-111.50875956915118,45.918949528880475],[-111.50868890233525,45.918828795311072],[-111.50867316946344,45.918740929095321],[-111.50868910211774,45.918669595376528],[-111.50874416925016,45.91859279556121],[-111.50880710281851,45.918543529105975],[-111.50915310217505,45.918362595268754],[-111.50924756912173,45.91827479563581],[-111.50929476877772,45.918176128922291],[-111.50927930228256,45.918027995328146],[-111.50902056833797,45.917265195560134],[-111.50894216827447,45.917067728789519],[-111.50877730192904,45.916848128769466],[-111.50869876867721,45.916782195097667],[-111.50855730185704,45.916705328966621],[-111.50790516807689,45.916408795095215],[-111.50776376889141,45.916331928446887],[-111.50763796834889,45.916244128496452],[-111.50740236859338,45.9160573951469],[-111.50719816798735,45.915865195619361],[-111.50702556839435,45.915667595733552],[-111.50689210119842,45.915470129069128],[-111.50681356794659,45.915321795688115],[-111.50676656807309,45.915201195390331],[-111.50670390088142,45.914976195463076],[-111.50665696760208,45.914712795275264],[-111.50664136791859,45.914548195313074],[-111.50668890158596,45.914251995231531],[-111.50679916799862,45.914021528620445],[-111.5069329681654,45.913845995111608],[-111.50714550136651,45.913681595282348],[-111.50729476802842,45.913582928365109],[-111.50743636803693,45.913511595254953],[-111.50758576788721,45.913451394886195],[-111.50777450095755,45.913401995003788],[-111.50797890134608,45.913363728652016],[-111.50812050135461,45.913358328734688],[-111.50821476747825,45.913363928461294],[-111.50833256839653,45.913385795261405],[-111.50845050146262,45.913424328733925],[-111.50856050149864,45.913479195105474],[-111.50866256850455,45.91354512835813],[-111.50873330087411,45.913610994929655],[-111.50881190176064,45.913709795002326],[-111.5088511017924,45.91378112858164],[-111.50896076781704,45.914143328148668],[-111.50903916788054,45.91434632821624],[-111.5091019016664,45.914467128729243],[-111.50927470208242,45.914675728654451],[-111.50938456893009,45.914774395076648],[-111.50956516814732,45.914917194780998],[-111.5096909020957,45.914993995339977],[-111.50985590162944,45.915059994841826],[-111.51010750167396,45.915142394750291],[-111.5103509689059,45.915208394799585],[-111.51060250235626,45.915252328187989],[-111.51081476918071,45.915274394770371],[-111.51095616836618,45.915279928426727],[-111.51107410247282,45.915274528695846],[-111.51116070194306,45.915263527982255],[-111.51119210213305,45.915247128256873],[-111.51119996856895,45.915236194862644],[-111.51116850178478,45.915192194860552],[-111.51112136872297,45.915170328048262],[-111.51075210198901,45.915071395201927],[-111.51063416892293,45.91502739506916],[-111.51050856920345,45.914950528679185],[-111.510500701727,45.91491212802093],[-111.51051636904518,45.914906728254259],[-111.51068930160899,45.914890195220941],[-111.51159310202786,45.915126595121706],[-111.51183670244812,45.915170595175816],[-111.51199390214012,45.915214528594191],[-111.51207250198611,45.915247528585709],[-111.51216676915031,45.915307928256183],[-111.51226096867981,45.915384794875067],[-111.51228450243389,45.915434195164245],[-111.51226096867981,45.915472594737309],[-111.51208010204535,45.915598728069895],[-111.51182050237661,45.915752194718635],[-111.51161596879975,45.915839928123397],[-111.51125430212504,45.915976928719353],[-111.51103410227051,45.916086528228711],[-111.5109003686979,45.916168728261603],[-111.51072730190522,45.916311328198901],[-111.51057776886664,45.916470395185669],[-111.5104045688856,45.916722728694587],[-111.51034156872311,45.916854328257834],[-111.51030216890885,45.916974995181214],[-111.5102625693121,45.917298728566855],[-111.51026250271794,45.917402928837397],[-111.51030170274967,45.917567528294967],[-111.51045090281744,45.917759728441368],[-111.51065516897711,45.917891395038495],[-111.51082790279895,45.918028728624328],[-111.51104790287097,45.918165995272915],[-111.5112285697229,45.918226395386291],[-111.51140156992145,45.918248394912645],[-111.51164530248951,45.918253995593574],[-111.51178676930969,45.918248595428196],[-111.51225056958449,45.918199395264651],[-111.51253356981903,45.918193995093958],[-111.51274590323764,45.918221595317348],[-111.51295797027957,45.918265528491901],[-111.51314670334993,45.918309528228804],[-111.51327236966358,45.918358995406905],[-111.51332750339019,45.918386395033231],[-111.51336670342194,45.918419328713149],[-111.51344517007961,45.9185127287722],[-111.51349230314143,45.91861152808076],[-111.51350010298316,45.918688328593987],[-111.5134449702971,45.918814528452494],[-111.51335836978632,45.91892959484435],[-111.51327957015783,45.919006394917389],[-111.51287850366887,45.919324528908888],[-111.5126109699295,45.919571195325595],[-111.5123749029743,45.91982352848737],[-111.51207590349128,45.92019099521584],[-111.51199696963391,45.920399528745698],[-111.5120121697524,45.92099752869921],[-111.51197290312649,45.921052328951653],[-111.5119335699064,45.921085195179309],[-111.51188630365623,45.921107129149974],[-111.5115247035757,45.921134395679402],[-111.51144610372971,45.921150929023881],[-111.51139876984486,45.921178328719208],[-111.51121777002209,45.921392195423884],[-111.51099757016756,45.92153479569064],[-111.51079310318487,45.921616929021752],[-111.51060437011454,45.921666195643468],[-111.51035277007001,45.921715528814467],[-111.51010117002548,45.921742795768708],[-111.50992030339104,45.92174819559402],[-111.50951937009044,45.921736995660865],[-111.50908710319399,45.921692929153451],[-111.50875696989762,45.921643396182937],[-111.5085997025709,45.921610395651918],[-111.50848976912906,45.92157192938997],[-111.50835616978533,45.921505995540414],[-111.5081989690528,45.921401795736614],[-111.50812036920679,45.921330395949788],[-111.50808910324567,45.92128639571299],[-111.50801070318215,45.921061529036308],[-111.50800290229989,45.920891395989365],[-111.5080109695588,45.920715795901238],[-111.50804256953131,45.920617129185175],[-111.50811350272392,45.920512929159706],[-111.50823916903757,45.920403195793646],[-111.50840436939434,45.920315528959819],[-111.50851456921286,45.9202661293969],[-111.50898650230025,45.920096329057529],[-111.50914376962692,45.920008595867586],[-111.5092931694772,45.91989352881788],[-111.50937976894744,45.919800195506859],[-111.50946636945822,45.919674128909612],[-111.50956090299907,45.919503995227693],[-111.50960030281334,45.919405328528363],[-111.50963990241006,45.919158395713644],[-111.50962416953826,45.919010195249975],[-111.50959290253658,45.918834728915982],[-111.50952236890899,45.918675528998406],[-111.50949096871898,45.918659128833646],[-111.50943590262708,45.918658995640186],[-111.50938870297108,45.918697395153373],[-111.50935710299858,45.918757795412155],[-111.50934150227455,45.918834529126457],[-111.50934896914546,45.919191195743231],[-111.50932530220304,45.919295395355441],[-111.50928590238878,45.919399595495854],[-111.50922290222627,45.919492928756853],[-111.50915210222202,45.91954772904765],[-111.50908130221774,45.919558728911888],[-111.50904196899765,45.919553129086545]],[[-111.5191068677188,45.728046576731693],[-111.51898146778181,45.728205710386298],[-111.51891873399595,45.728260510442801],[-111.51882453446648,45.72830990998375],[-111.51880126812956,45.728309777060481],[-111.51869153447022,45.728238510527305],[-111.518464534727,45.728035376983797],[-111.51781466722959,45.727404110413175],[-111.51750153417528,45.727151576945467],[-111.51716486736687,45.726981376886847],[-111.51649906721512,45.726712176958465],[-111.51638946674413,45.726651910113169],[-111.51627986731366,45.726574977159643],[-111.5161936674084,45.726498110200772],[-111.51613893324679,45.726415777116856],[-111.51609213315581,45.726295110520084],[-111.51605306631238,45.726048176834276],[-111.51602993316382,45.725598176647651],[-111.51606173291883,45.725082510067203],[-111.51612466648717,45.724775310141759],[-111.51615606667717,45.72469297669786],[-111.51625793286007,45.724572310011695],[-111.51632853308183,45.724506510001611],[-111.51632853308183,45.724479109954679],[-111.51677526652043,45.724363976583049],[-111.51739426658115,45.724259976651531],[-111.5175351330133,45.724216177055474],[-111.51767626686265,45.724155909696584],[-111.51776246676791,45.724089976989163],[-111.51799773355259,45.723760910124938],[-111.51806053393258,45.723689576769239],[-111.51828766686415,45.723612909963443],[-111.51848353383458,45.723536176221835],[-111.51853853333232,45.723503310121217],[-111.51860913355407,45.723420976255518],[-111.51863266730817,45.723366109705502],[-111.51864053374408,45.723234509672075],[-111.51863273390234,45.723102776393048],[-111.51864846677414,45.723036910000218],[-111.5187818663354,45.722817509525925],[-111.51882113296129,45.72266937610776],[-111.51879826618941,45.7219835761721],[-111.51869646660069,45.721818909651525],[-111.51857126644617,45.721692576315945],[-111.51852433316685,45.721632176201297],[-111.51849306616518,45.721566376360478],[-111.51847733329336,45.72150057644221],[-111.51844666667971,45.72077630947468],[-111.51848586671146,45.72061170986224],[-111.51854073302087,45.720480109878913],[-111.51885453305738,45.720068576155903],[-111.51889373308913,45.720002909596055],[-111.51890933277261,45.719942509834162],[-111.51881566599646,45.719662576549787],[-111.51877653255889,45.719464975868156],[-111.51876106606373,45.719234576343823],[-111.51880846550222,45.71877370978833],[-111.51885553301041,45.718614576144802],[-111.51898106613574,45.718428109502433],[-111.51902026616749,45.718411576150025],[-111.51912213235039,45.718395309412998],[-111.51923966585146,45.718417175899276],[-111.5193569329759,45.71846117619252],[-111.51948226631872,45.718532575795486],[-111.51952926619221,45.718581975947671],[-111.51959193234336,45.718675309344441],[-111.51962313275088,45.718774109352708],[-111.51960733328488,45.719020976390226],[-111.51952086596243,45.719404975811074],[-111.51937166589468,45.719882309785234],[-111.51932446623869,45.720068909602787],[-111.51930853254383,45.720419976516972],[-111.51937093335884,45.720732709828468],[-111.51958226682444,45.721138909423253],[-111.5198638665004,45.72152297637674],[-111.52031786702739,45.722005975912985],[-111.52056066727715,45.722214576019752],[-111.52093633329424,45.722461709712285],[-111.52113213367052,45.722631776076028],[-111.52131206694609,45.722895309923146],[-111.52135906681957,45.722988576547891],[-111.52139026722708,45.723098309609163],[-111.52149933390423,45.723871976092497],[-111.5215690673613,45.72507910979494],[-111.52155333448947,45.725155909698621],[-111.52150626802181,45.725265709689701],[-111.52141993492823,45.725397310023098],[-111.52131013467474,45.72551250954605],[-111.52127873448471,45.725583776651568],[-111.52119253457947,45.725687976781664],[-111.52092593419896,45.725995176772997],[-111.52043986754029,45.726510709991302],[-111.52027526757155,45.726702776906741],[-111.51992226750329,45.727201910127647],[-111.51982046791456,45.727317110287359],[-111.51927946731178,45.727838110260855],[-111.5191068677188,45.728046576731693]],[[-111.49893875053642,45.834470588766202],[-111.49906448448478,45.834486988422427],[-111.49937068446206,45.834569188898747],[-111.49953555080747,45.834645922234962],[-111.49959055134573,45.83469518845655],[-111.49962208472409,45.834750121735631],[-111.49962215131823,45.834848788795114],[-111.49954395103724,45.835112188635243],[-111.49952075129451,45.835419522154503],[-111.49949735072875,45.83550178867479],[-111.49941888407108,45.835584121769848],[-111.49926208394406,45.835699522305653],[-111.49905808416108,45.835820322084977],[-111.49888548456808,45.835913588498741],[-111.49881495094048,45.835941122327057],[-111.49866575087273,45.835968588720881],[-111.49853235131151,45.835979721860639],[-111.49792795098121,45.835996521972298],[-111.49775528375353,45.836012988599649],[-111.49751975059219,45.8360569889931],[-111.49724528377575,45.836188789152949],[-111.49718248443628,45.836232722711841],[-111.49690028437229,45.836501722753475],[-111.49686108434052,45.836551122172423],[-111.49682968415053,45.836693922218565],[-111.49682208409128,45.83689138918389],[-111.49687735100622,45.837160122163368],[-111.49682268447933,45.837456522486704],[-111.49685435104598,45.837681522612769],[-111.49683888455084,45.837961322900647],[-111.49682328382681,45.838016189161891],[-111.49676055108149,45.838131388923756],[-111.49670568477208,45.838186189048919],[-111.49658028379456,45.838285122588012],[-111.49639975117151,45.838372989260648],[-111.49624295104448,45.838532189619855],[-111.49583495043798,45.838696989530035],[-111.49572508463082,45.838779322972066],[-111.49565455100323,45.838861722984639],[-111.49562315081322,45.838916589082935],[-111.49561548415981,45.839009922798745],[-111.49571768435408,45.839152389598787],[-111.49573348382006,45.83921278939799],[-111.49571775094823,45.839262122617868],[-111.49552968381956,45.839585989401165],[-111.4954904837878,45.839596989158942],[-111.49540395091174,45.839481922915098],[-111.49538035056345,45.839388522574318],[-111.49536448450333,45.839273322515481],[-111.49536428368029,45.839015389388734],[-111.49533268370777,45.838845389135365],[-111.49501828432378,45.838428589463376],[-111.49488455075117,45.838225589518302],[-111.49477448412098,45.837989789424476],[-111.49462495004187,45.837600189405435],[-111.49459335006937,45.837479589222561],[-111.4945693501561,45.837040589590444],[-111.49454574980784,45.836925389020223],[-111.49451428302366,45.836854122729619],[-111.49446708336767,45.836815789132253],[-111.49438075027409,45.836777389538476],[-111.49416868323215,45.836706189028462],[-111.49411368373441,45.836678789693728],[-111.4940587497903,45.836634922457137],[-111.4939957496278,45.836525189331596],[-111.49398008335015,45.836415522684973],[-111.49400348287537,45.836327722516657],[-111.49419155000405,45.836020322967578],[-111.49420714968754,45.835948989546928],[-111.49419928325162,45.835795389345222],[-111.49422268277686,45.835707588923391],[-111.49427748353263,45.835592322521961],[-111.49437154987379,45.835482589515308],[-111.49449694981078,45.835361789002832],[-111.49462248293611,45.835284922535315],[-111.49470888366439,45.835251988844853],[-111.49487368341563,45.835207922567974],[-111.49502275029505,45.835185922764893],[-111.49645135020461,45.83516872222733],[-111.49671828355595,45.835146722408766],[-111.4968830833072,45.835119122215431],[-111.49725175069365,45.835009188909474],[-111.49790295007439,45.834723521806509],[-111.4979892842085,45.83470158850929],[-111.49838175068517,45.834673922122747],[-111.49842888374701,45.834657389126647],[-111.49861715065819,45.834525588964595],[-111.49866415053167,45.834503722287103],[-111.49873475075343,45.834487188515453],[-111.49885255063118,45.834470588766202],[-111.49893875053642,45.834470588766202]],[[-111.50435948238706,45.820140720445032],[-111.50423368288507,45.820349186616468],[-111.50412368284906,45.820497320430071],[-111.50373074917268,45.820985320654501],[-111.50365228251501,45.821067720183528],[-111.5032438823435,45.821402120442144],[-111.50308688243398,45.821495320374929],[-111.50289834914614,45.821577520460018],[-111.50274914907837,45.821626787372445],[-111.50253728181896,45.821670587398245],[-111.50235674919587,45.821697920882578],[-111.50169754915035,45.821757987207747],[-111.50098334856656,45.821817920767593],[-111.50081614830371,45.821817320351833],[-111.5007298818043,45.821817320351833],[-111.50067488230657,45.821800920588075],[-111.50061994836248,45.821773520441418],[-111.50053354867474,45.821702120901023],[-111.50020348197252,45.821263387666903],[-111.50013268196825,45.821142787613972],[-111.50010908162,45.821065920362351],[-111.50010114858993,45.82098358754449],[-111.50016368155275,45.820764186984334],[-111.500359481929,45.82042938695804],[-111.50047694779538,45.820176787071645],[-111.50053168195699,45.820083520392274],[-111.50063354813987,45.819957386958031],[-111.50081388202098,45.81980898702237],[-111.50114274794711,45.819645187024094],[-111.50138608199074,45.819574120507561],[-111.50175494811916,45.819497520128351],[-111.50217874819165,45.819431787055201],[-111.50286154858544,45.819349786850346],[-111.50305768193252,45.819344519926446],[-111.50332434890721,45.819399520568794],[-111.50341074859496,45.819410519965572],[-111.5034892818468,45.819405120341052],[-111.50366188248032,45.819377720465717],[-111.50410928186055,45.819246319949777],[-111.50421914870823,45.819224320363972],[-111.50429768196007,45.819235386511302],[-111.50437614861774,45.819257386817924],[-111.50439968237185,45.819273920037482],[-111.50448594887126,45.819383719809672],[-111.50452488252633,45.819509919808716],[-111.50454054880399,45.819608587054226],[-111.50453268236809,45.819712919856435],[-111.50447754864147,45.819893787137651],[-111.50435948238706,45.820140720445032]],[[-111.49857955512962,45.857564323939584],[-111.4985874881597,45.8576027244046],[-111.49857188847621,45.857679524530383],[-111.49850915469037,45.857833191133459],[-111.49845435497514,45.85795399068472],[-111.49839935547739,45.858019790589047],[-111.49831315557215,45.858085724478975],[-111.49809335528263,45.858151590896696],[-111.49800695455436,45.858162591331613],[-111.49792055486661,45.858146324021014],[-111.49792835470834,45.85806952453995],[-111.49798315546413,45.85791579119573],[-111.4979908887117,45.857871924036338],[-111.49798308782944,45.857844524255064],[-111.49795948852169,45.857833524481912],[-111.49786535454584,45.857893924290003],[-111.49779468877045,45.857921390716498],[-111.49766115498034,45.857910524297765],[-111.4975276877844,45.857883124535505],[-111.49737828793414,45.857822790660727],[-111.49701688763611,45.857625524079381],[-111.49698548848664,45.857630991014148],[-111.49686788839139,45.857833991169755],[-111.49683655479554,45.857855990713745],[-111.49679735476379,45.857866991207139],[-111.49646755443827,45.85786719121608],[-111.49629468846861,45.857850791204392],[-111.49605908767258,45.857806991388109],[-111.49585488810706,45.857757791285316],[-111.49561928731103,45.857691991070951],[-111.49539135420893,45.857604324483809],[-111.49532075398719,45.857565991414582],[-111.49526575448944,45.85752219137396],[-111.49521855483346,45.857461791162123],[-111.49511628804503,45.857286324507662],[-111.49503768715849,45.857225991434717],[-111.49492775371664,45.857160191315749],[-111.4948883539024,45.857121791269783],[-111.49471535370388,45.856847524643818],[-111.49468388691972,45.856732391174383],[-111.49468368713718,45.85661719079544],[-111.49472275398061,45.856457991459187],[-111.49485608694771,45.856194591214177],[-111.49495795417111,45.856106724425054],[-111.49509928780297,45.856024391261705],[-111.49523268736422,45.855969391298579],[-111.49542895389965,45.855914524625007],[-111.49553108749973,45.855903391125999],[-111.4960021538224,45.855925190693171],[-111.49614348745423,45.855897590661336],[-111.49654388800154,45.855842590572749],[-111.49664588737276,45.855815124568821],[-111.49670875434694,45.855787591154488],[-111.49687348750403,45.855694323994534],[-111.4969442875083,45.855683324520754],[-111.49725835392147,45.855721524093937],[-111.49740755398922,45.855765324103523],[-111.49755688828586,45.85582559063976],[-111.49762755406124,45.855869390567378],[-111.49804408808588,45.856220324293162],[-111.49814628828013,45.856373990580565],[-111.49831928847868,45.85647259103127],[-111.49845288782241,45.856571323924911],[-111.49848428801241,45.856626124003981],[-111.49853935514484,45.856834590493001],[-111.4985944878309,45.856867524452667],[-111.49873588805693,45.856911390955034],[-111.49880655487286,45.85697712397301],[-111.49883028840945,45.857020991113622],[-111.4988459546871,45.857108790512221],[-111.49879915459611,45.8573501910396],[-111.49879928882497,45.857416124274117],[-111.49882295472688,45.857525790832611],[-111.49879935541915,45.857558724382862],[-111.49876008879322,45.857558791052909],[-111.49872875519739,45.857536790666643],[-111.49858708859472,45.857257124337551],[-111.49853988789818,45.857202190814768],[-111.49844568836869,45.857136524008652],[-111.49834375455107,45.857372524126177],[-111.49833595470935,45.857432791094666],[-111.49835955505762,45.857493123943271],[-111.49838315540588,45.857503991168272],[-111.49853235547363,45.857520390557561],[-111.49856388885198,45.857536924006745],[-111.49857955512962,45.857564323939584]],[[-111.50706132321852,45.875853938387756],[-111.50742121474249,45.876080689909955],[-111.50752017575486,45.876257044079495],[-111.50757170923434,45.876720503020429],[-111.50759185188863,45.877294872950607],[-111.50759640942688,45.877884450263402],[-111.50787112597143,45.878563597116717],[-111.5082523109801,45.878962246232106],[-111.50863065429083,45.879267341793721],[-111.50880993723273,45.879622201057451],[-111.50887706623357,45.880070457606848],[-111.50837734568974,45.879819584448107],[-111.50787740247164,45.879649204732232],[-111.507334008641,45.879457007359612],[-111.50697717004336,45.879243310836053],[-111.50679767067042,45.878968943989193],[-111.50649725606135,45.878587808019525],[-111.50636166825744,45.878174266066438],[-111.50626976102401,45.877702045902574],[-111.50644209111874,45.877212788489025],[-111.50646495476904,45.876821223995407],[-111.50639124751321,45.876507846391924],[-111.50609676082551,45.876233319703005],[-111.50561243393943,45.876047726038657],[-111.50591750181587,45.875878459805101],[-111.50626885992169,45.875824559616063],[-111.50662636133941,45.875796773140145],[-111.50706132321852,45.875853938387756]],[[-111.49826688719395,45.851655323562881],[-111.49840815423164,45.851682723494733],[-111.49854168698118,45.851737523317951],[-111.49861248698545,45.851786790350957],[-111.49870688733797,45.851896523816734],[-111.49872255361565,45.851956790197214],[-111.49870715371465,45.852231123704243],[-111.498722887627,45.852264123442851],[-111.49884875372317,45.852395723593794],[-111.49887228747725,45.852445123396052],[-111.49888015391316,45.852516390733939],[-111.49886455422968,45.852659123713899],[-111.49881788732702,45.852872990581773],[-111.49873935407518,45.853032190759642],[-111.49862968805054,45.853196923803061],[-111.49852768763877,45.85330119075028],[-111.49816688772879,45.853553790334992],[-111.49806488731701,45.853674523811335],[-111.49801788744352,45.853778790587867],[-111.49797088757002,45.853937923672646],[-111.49790868757805,45.854382390580646],[-111.49788515382396,45.854464724000891],[-111.49783808735629,45.85453052368581],[-111.49779108748278,45.854568990745314],[-111.49764188741503,45.854623923970607],[-111.49757908807554,45.854623990644122],[-111.49749268734728,45.854607590400654],[-111.49724915456169,45.854525390539202],[-111.49703708751976,45.854498123905756],[-111.49699008764624,45.854476190431775],[-111.49694288694972,45.854443323903773],[-111.49691148780026,45.854399390954775],[-111.49689555410539,45.854344524181599],[-111.49688768766948,45.854229323928912],[-111.49684048697297,45.854152524111001],[-111.49680895359462,45.854119590717588],[-111.49676188712697,45.85410872428065],[-111.49670688762923,45.854081324094523],[-111.49666755440916,45.854037390859553],[-111.49665188709096,45.853960590776623],[-111.49665168730846,45.853856324340946],[-111.4966673535861,45.853779524007912],[-111.49671435345961,45.853680723831189],[-111.49686335374486,45.85347219043966],[-111.4969181534601,45.853345923942946],[-111.49698055427511,45.853011190888843],[-111.4969804866404,45.852906990798203],[-111.49696468717443,45.852780723743017],[-111.49689368738767,45.852550390443675],[-111.49679935362931,45.852358324025346],[-111.49670495327678,45.852215790302679],[-111.4965791537748,45.852062190797589],[-111.49628828710436,45.851755123868692],[-111.496241153002,45.851678323533029],[-111.49621748710011,45.851590523532728],[-111.49627235340949,45.851480790187971],[-111.49639788653485,45.851387523777305],[-111.49644488640831,45.851370990674049],[-111.49655475325601,45.851359990345109],[-111.49663335310201,45.851359923667673],[-111.49684535354977,45.851392723890989],[-111.49705735399756,45.851403590133877],[-111.49712808740765,45.85147492403415],[-111.4972537537213,45.851535190146762],[-111.49756795332281,45.851606323846788],[-111.49770935354884,45.85165012347376],[-111.49785848702243,45.851661123745316],[-111.49818828734796,45.851649923442451],[-111.49826688719395,45.851655323562881]],[[-111.49492175295792,45.851453990977433],[-111.49489815260966,45.851470524056055],[-111.49479615323844,45.851459590424156],[-111.49472548642251,45.851426724287641],[-111.49464688657649,45.851366390655357],[-111.49420675324413,45.850900190884275],[-111.49415168611169,45.850801524021961],[-111.49413575241685,45.850680790831568],[-111.49414368648745,45.850609524040614],[-111.49422968556966,45.850362523686165],[-111.49428455291959,45.85028019071575],[-111.49430035238559,45.850269190895844],[-111.49433948582316,45.850269190895844],[-111.49441028582743,45.850285723601871],[-111.49451235283337,45.850323990662275],[-111.49454375302338,45.850345923599583],[-111.49467748659598,45.850532390905109],[-111.49477975338441,45.850735390882605],[-111.4949290866405,45.850976724133261],[-111.4948895525974,45.850696924070526],[-111.49484228634722,45.850537790409263],[-111.49471635261636,45.850241590231207],[-111.49470828639795,45.85005512412507],[-111.49479435311488,45.849758723512814],[-111.49480208636245,45.849572123878261],[-111.4948333523236,45.849456990566594],[-111.49494308598294,45.849297790301755],[-111.4951234864582,45.849089190466053],[-111.49527248570291,45.848951923360261],[-111.4954137527406,45.848864123404766],[-111.49546088580244,45.848836590173008],[-111.49566495322014,45.848781590349063],[-111.4957433522431,45.848770590232789],[-111.4958298861597,45.848770590232789],[-111.49593975300738,45.848819923675222],[-111.49597908622746,45.848852790627333],[-111.49603408572521,45.848924123450452],[-111.49604975304341,45.848984523513195],[-111.49596375292064,45.849280790542501],[-111.49596375292064,45.849324723911032],[-111.49598748645724,45.849417923477134],[-111.49611328595923,45.849549523839606],[-111.49634115350771,45.849681123890761],[-111.49681248620705,45.84991679036186],[-111.49684388639704,45.849949723344963],[-111.4968674867453,45.849993590230838],[-111.49694635296797,45.850410523594434],[-111.49695435363276,45.850520323554996],[-111.49694648719685,45.850553190227075],[-111.49691515360099,45.850597124040135],[-111.49684468656758,45.85065752373567],[-111.49675828687984,45.850695923896815],[-111.49667195378625,45.850723390254778],[-111.49643648617855,45.850767390611551],[-111.49624795289071,45.850745590472044],[-111.49614588692531,45.850696190609781],[-111.49579228646903,45.850487990291427],[-111.49575308643728,45.850482524103953],[-111.49573735356545,45.850575790582702],[-111.49577688656804,45.850729323890832],[-111.49586335284997,45.850789590811296],[-111.49604388651355,45.850833523712843],[-111.49616955282721,45.850882790821856],[-111.49621675352373,45.850926590293845],[-111.49623255298972,45.850970590489851],[-111.49621695330625,45.851069323730073],[-111.49617775327448,45.851140590656641],[-111.49605228674334,45.851310923691329],[-111.49595035292573,45.85142059069387],[-111.4959110862998,45.851426124191278],[-111.49585608680206,45.85142059069387],[-111.4957854865803,45.851404323585243],[-111.49554188616003,45.851300124107837],[-111.49518848652679,45.851185124104646],[-111.49491368673951,45.851229124096129],[-111.49488235314368,45.851250990723663],[-111.49486668686602,45.851300390817947],[-111.49487455330193,45.85136079047453],[-111.49489028617376,45.851404723649672],[-111.49492175295792,45.85144312401961],[-111.49492175295792,45.851453990977433]],[[-111.51883167565028,45.767924380853643],[-111.51868287514753,45.76782558068814],[-111.51836167483427,45.767540180796288],[-111.51811087496027,45.767386380993266],[-111.51785227524454,45.767243713858377],[-111.51775034142695,45.767166780937828],[-111.51767207455177,45.76708451434866],[-111.51755454209123,45.766919780470474],[-111.51723354156047,45.766530114304473],[-111.51676347415028,45.766030714179273],[-111.51635627475484,45.765629914197696],[-111.51604287428331,45.765267714159101],[-111.51599587440982,45.765185380892056],[-111.51591774072298,45.764976780865155],[-111.51587087403784,45.764779313642187],[-111.51587867387956,45.764740913728808],[-111.51593367441785,45.764680513713216],[-111.51605127451309,45.764620313976359],[-111.51612174050598,45.764570913892896],[-111.51611407385258,45.764548980546749],[-111.51588687432685,45.764389780605335],[-111.51583194038272,45.764323914271429],[-111.51579294117403,45.76425811391568],[-111.51576947401409,45.764170180367437],[-111.51576167417234,45.7639947142737],[-111.51576974039075,45.763862913812936],[-111.51585634090154,45.76338018044315],[-111.51590347396335,45.763286913763132],[-111.5159426739951,45.763253980317828],[-111.51595834027277,45.763253980317828],[-111.51598187402686,45.763254113883789],[-111.51602107405861,45.763270514188847],[-111.51611494061727,45.763424180159738],[-111.51643574032499,45.76419791372296],[-111.51647494035674,45.764263780205631],[-111.51652967451835,45.764329580554744],[-111.51667867376307,45.764455913987725],[-111.51677247476809,45.764593113630177],[-111.51683507432507,45.764839980675234],[-111.51684274097849,45.764933313717449],[-111.51688974085198,45.765043113894244],[-111.51696807432133,45.76513638054174],[-111.51714827501408,45.765279114039878],[-111.51721087457106,45.765344980697726],[-111.51730487431807,45.76548218033124],[-111.51739887510557,45.765685314115302],[-111.51743787431431,45.765816914285914],[-111.51755527462706,45.76609131379761],[-111.51762574166047,45.766195580612617],[-111.51776667468681,45.766360313726061],[-111.51801734137244,45.766623780591367],[-111.5182289412147,45.766782913911371],[-111.51838567474753,45.766881780524798],[-111.51849534181271,45.766931113960837],[-111.51858934155969,45.766996980845718],[-111.5187773420942,45.767161713770051],[-111.51893407562704,45.767342780715254],[-111.51900447502577,45.767501980939556],[-111.51905914259322,45.767726913902891],[-111.51909047514852,45.767864180988127],[-111.51908254211844,45.767962914307965],[-111.51898054170667,45.768001314180978],[-111.51883167565028,45.767924380853643]],[[-111.4949360831901,45.834851322565349],[-111.49475568271485,45.834889722763236],[-111.49464575031355,45.834900789421617],[-111.49450435008751,45.834900922815947],[-111.49437094948574,45.834884522556763],[-111.49426888352036,45.834840589383397],[-111.49422168282383,45.834807722852254],[-111.49418234960375,45.834763922287983],[-111.49415888348436,45.834703522734451],[-111.49421368319959,45.834632122378295],[-111.49431568257083,45.834533322264356],[-111.49442548282433,45.83446192241481],[-111.49482554936024,45.834253322045264],[-111.49499028355785,45.834181922561442],[-111.49531195003027,45.834088389352772],[-111.49546108350386,45.833995122054958],[-111.4956100827486,45.8338853221004],[-111.49575134978626,45.83381938924488],[-111.49596328363988,45.833813788747456],[-111.49633214976829,45.833840988672542],[-111.49647348340015,45.833840921974058],[-111.49667754977732,45.833835388902287],[-111.49674035015734,45.833807922180526],[-111.49682668325089,45.833752988696389],[-111.49692068299788,45.833659588889127],[-111.49717935034833,45.833357788920054],[-111.4972419499053,45.833154721901785],[-111.49729674962056,45.833066922388625],[-111.4973517501588,45.833022988505391],[-111.49741455053882,45.833000921864041],[-111.49750075044408,45.832995388708753],[-111.49757935029008,45.833011788799702],[-111.49766574997783,45.833044788340302],[-111.49779915057958,45.83312152232844],[-111.49783068395794,45.833154388405418],[-111.49783848379967,45.833198322184934],[-111.49773674976458,45.83342878854257],[-111.49772915074587,45.833642788796908],[-111.49774495021185,45.833735988536652],[-111.49773728355844,45.833840322412975],[-111.49768248384321,45.834037788629708],[-111.49758848409621,45.834257322472567],[-111.49750228419099,45.834383588802709],[-111.49736895018336,45.834493388499169],[-111.4971650835887,45.834625188737434],[-111.49703948386922,45.834680122085608],[-111.49690608326743,45.834724122083024],[-111.49672555064436,45.834757122058264],[-111.49640374994307,45.834784722431131],[-111.49620755000183,45.83479032210586],[-111.49610555063059,45.834784789128477],[-111.49595635056284,45.834746522252885],[-111.49590928305464,45.834702722365435],[-111.49582275017856,45.834581989032571],[-111.4957756837109,45.834570989008355],[-111.49559515004729,45.834631522100743],[-111.49533634950853,45.834741322758006],[-111.4949360831901,45.834851322565349]],[[-111.49758908240319,45.82750872119086],[-111.49750268271545,45.827481321678199],[-111.49742428265193,45.827420988177835],[-111.49736134908359,45.827360587905837],[-111.49728268264343,45.827179588266112],[-111.49724328178863,45.827042521601143],[-111.49721954929258,45.826883388432165],[-111.49721148203363,45.826702387965824],[-111.4972348825994,45.826521188239482],[-111.49742268231088,45.825977987943958],[-111.49748494889701,45.825544521389226],[-111.49753974861225,45.825396387952843],[-111.49758674848576,45.825313988304465],[-111.49768868230336,45.825193188198213],[-111.49794748180159,45.824973588147564],[-111.4985432821196,45.824512521370423],[-111.49863748164908,45.824451988148731],[-111.49868454915726,45.824446520853243],[-111.49873168221912,45.824457388008881],[-111.49874734849675,45.824473921134569],[-111.49871628231811,45.82467698792049],[-111.4986146825119,45.82512692092736],[-111.4985755490743,45.825214721364389],[-111.49848148169261,45.825362921267718],[-111.49832468260614,45.825555121497025],[-111.4982776816921,45.825653788180837],[-111.49827774932682,45.825703187802787],[-111.49830148182288,45.825779987744546],[-111.49834854933107,45.825845921422939],[-111.49848208208064,45.825966388023474],[-111.49854508224317,45.826054187861637],[-111.49856868259143,45.826103587853375],[-111.49858448205741,45.826246321171936],[-111.49861594884158,45.82627918768349],[-111.49882794928935,45.82634478795849],[-111.49894568257295,45.826405187882514],[-111.49900068207069,45.826459987953761],[-111.49904774957888,45.826531321210823],[-111.49907934955139,45.826613587818301],[-111.49908728258144,45.826712321508296],[-111.49904814914387,45.826816588068205],[-111.49900114927038,45.826898921685938],[-111.49890708292922,45.82698678821005],[-111.49878934964565,45.827014321379416],[-111.49875008301971,45.82696492147079],[-111.49863988216066,45.826668721219626],[-111.49862408269469,45.826646721666371],[-111.49860068212891,45.826641187879318],[-111.49858494925711,45.826663188159863],[-111.49860088295196,45.826975988254887],[-111.49858548201044,45.827091121687502],[-111.49855408286096,45.827184388228901],[-111.49849128248096,45.827217388324414],[-111.49847568279746,45.827211988006951],[-111.49845988229096,45.827124187819713],[-111.49845974910261,45.827058321636855],[-111.49849108269845,45.826942988016249],[-111.49847528219192,45.826888187695403],[-111.49834988225494,45.827047388282331],[-111.49830294897562,45.827157187950917],[-111.4982715487856,45.827179121321059],[-111.4982243491296,45.827157187950917],[-111.49808294890359,45.826965321710972],[-111.49804368227767,45.826932321466018],[-111.49801228208767,45.826932321466018],[-111.49798874937409,45.826948787875033],[-111.49795748237243,45.827042121361529],[-111.49805954937835,45.827140921722993],[-111.49806748240844,45.827162788393103],[-111.4980440828832,45.827217588443581],[-111.49798914893911,45.827289121573784],[-111.49787934868559,45.827387788084472],[-111.49774608231267,45.827475721268051],[-111.49766754906084,45.827508588503854],[-111.49758908240319,45.82750872119086]],[[-111.49466748602515,45.84846939044705],[-111.49464388567688,45.8484529238821],[-111.49459668602088,45.848343323507493],[-111.49455715197777,45.848112790631802],[-111.49451788535185,45.848008590061511],[-111.49450195269755,45.847827590166347],[-111.49450955275678,45.847591590131216],[-111.49454068552957,45.847388590276594],[-111.49454828558883,45.847141723479957],[-111.49448548520881,45.847163723629805],[-111.49443848533532,45.847169190143433],[-111.49439915211524,45.847158190433113],[-111.49435988548932,45.847125323929305],[-111.49433628514106,45.847081390273196],[-111.49433608535855,45.846872990146871],[-111.49436735236023,45.846658990035216],[-111.49435935169546,45.846598590346517],[-111.49420988525102,45.846346190390513],[-111.49414668530601,45.845836123350296],[-111.49416215180118,45.845759190171229],[-111.494209284863,45.84567692359456],[-111.49426408561877,45.845632990244162],[-111.49434268546477,45.845589123543476],[-111.49444455164767,45.845550590112019],[-111.4948448856008,45.845468123173319],[-111.49500195210446,45.845462589807973],[-111.49504915176045,45.845478989848822],[-111.49508828519802,45.845511923284988],[-111.49552075187698,45.846093189860269],[-111.49553648578934,45.846137123572007],[-111.4955365523835,45.846197523761802],[-111.49544248604235,45.846356723477292],[-111.49552908551262,45.846460923517895],[-111.49556835213851,45.846537723809618],[-111.49559195248679,45.846641923511164],[-111.49554508580164,45.846779123836079],[-111.49547448557986,45.846883323810232],[-111.49523915220102,45.847146789900755],[-111.49532575271179,45.847218123462085],[-111.49540428596363,45.847305923841319],[-111.49543575274781,45.847371723298316],[-111.49536535230855,45.847624123674699],[-111.49524775221332,45.847854590444392],[-111.49523215252982,45.847914990218889],[-111.49524008555989,45.847958790578353],[-111.49529508609817,45.848046590513313],[-111.49535795307233,45.848139923409228],[-111.4953816855684,45.848200190236227],[-111.49538175216256,45.848282523386416],[-111.49533475228908,45.848353790259829],[-111.49527975279135,45.848386790124607],[-111.49521695241131,45.848408790506781],[-111.49513848575367,45.848414323579064],[-111.49494215262406,45.848397923678789],[-111.4948401522123,45.848425523808693],[-111.49471455249281,45.848474923513308],[-111.49466748602515,45.84846939044705]],[[-111.51671767817446,45.783604715486803],[-111.51662347760443,45.783637582493881],[-111.51639594510787,45.783741782402934],[-111.51631754504437,45.783763715458299],[-111.51590187778444,45.783823915577422],[-111.51585487791094,45.783845782567795],[-111.51578414450084,45.783900582434278],[-111.51565854478135,45.784032182439205],[-111.51557227828194,45.784141982751457],[-111.51554087809193,45.784163915649415],[-111.51549387821845,45.784152915822538],[-111.51543107783843,45.784125382503994],[-111.51532134417909,45.784026715529293],[-111.51523527746217,45.783927915589068],[-111.51521174474861,45.783823515752815],[-111.51523534405634,45.783768715810581],[-111.51547874469411,45.783368315408303],[-111.51576927735319,45.782951382646516],[-111.51642087733948,45.782183582398403],[-111.51656214437715,45.781936715194234],[-111.51660927743897,45.781898315482124],[-111.5166799442549,45.781859915743567],[-111.51678967791423,45.781837981939177],[-111.51688374425541,45.781848982222812],[-111.51700134435065,45.781909381788878],[-111.51711107800999,45.782030182175966],[-111.51724414460041,45.782227715316452],[-111.5174947446919,45.782666782176854],[-111.51772967850575,45.783220981913118],[-111.51775307803095,45.78329791518383],[-111.5177451450009,45.783352715588897],[-111.51771387799921,45.783391115750547],[-111.51751767805796,45.783396581997174],[-111.51744714443036,45.783418515914001],[-111.51718034426736,45.783566515748305],[-111.51706267757794,45.783593915825563],[-111.51694507852322,45.783599382052259],[-111.51686667845971,45.783582915886214],[-111.51671767817446,45.783604715486803]],[[-111.50507374956503,45.819921587049841],[-111.50512108240933,45.819795386533499],[-111.50512908203358,45.819586919738903],[-111.50510554932002,45.819510186671231],[-111.50505074856424,45.819400319707505],[-111.50483928191034,45.819054586708276],[-111.50473754891578,45.818851519719509],[-111.50472974907402,45.818758319712259],[-111.50475334838177,45.818675986382814],[-111.50494988233437,45.818396186311176],[-111.5050363486163,45.818253586605124],[-111.50507568183636,45.818132919842299],[-111.50513094875132,45.817803786599228],[-111.50525688248216,45.81739238652731],[-111.50526494870059,45.817271586637162],[-111.50523374829307,45.81709058682884],[-111.50514768157616,45.81679418682323],[-111.50517914836033,45.81668998634126],[-111.5052027487086,45.816673519798641],[-111.50532034880385,45.816668186627759],[-111.50547734871334,45.816673719955702],[-111.50554794893512,45.816684719890951],[-111.5056028818387,45.816712186360064],[-111.50573614821158,45.816832920019678],[-111.50611994912235,45.817584786145005],[-111.50630008218043,45.817870186594575],[-111.50633914902386,45.81800191959406],[-111.50635474870734,45.818111586264401],[-111.50634688227143,45.818221386153098],[-111.50631514911058,45.818484719645731],[-111.50626788286043,45.818599919952135],[-111.50618934960859,45.81873158668418],[-111.5060164825984,45.818923519736543],[-111.50581234962705,45.819098986301945],[-111.50567094940104,45.819236119661632],[-111.50554528204685,45.819384186820116],[-111.50539574900826,45.819713320148708],[-111.5053486825406,45.819779120329962],[-111.50521514875051,45.819877787098392],[-111.5051444829751,45.819916186749751],[-111.50508174918926,45.819932587068628],[-111.50507374956503,45.819921587049841]],[[-111.50831127907396,45.799364517759976],[-111.50828754553736,45.799441317759232],[-111.50822474619787,45.799561917657812],[-111.50815394619362,45.79963871811038],[-111.50798914540185,45.7997647843995],[-111.50783994637462,45.799835985009267],[-111.50780867937293,45.799830584937681],[-111.50773827893369,45.799764717660196],[-111.50769114587185,45.799698785016375],[-111.5075737455591,45.799413517779271],[-111.50755834565811,45.799182984594459],[-111.50755094538137,45.798628918162585],[-111.50761414532637,45.79826131820991],[-111.50773994586889,45.79797051785863],[-111.50788127846022,45.797789517711891],[-111.50809327890799,45.797586584291203],[-111.50825027881751,45.797444117744348],[-111.508375878537,45.797356317770891],[-111.50848574538466,45.797301517348814],[-111.50870534589168,45.797268717885935],[-111.50875247895353,45.797279584541911],[-111.50877594611345,45.797318118025132],[-111.50878374595518,45.797438784183043],[-111.50868914582017,45.797833784090692],[-111.50868114619593,45.798058784053588],[-111.5086888794435,45.798157517597083],[-111.50882934631066,45.798887384475094],[-111.50882147883421,45.798942184788388],[-111.50875867949475,45.799051918008175],[-111.50869574592639,45.799101318017399],[-111.50842107932746,45.799260184557816],[-111.50836614538335,45.799304118245374],[-111.50831127907396,45.799364517759976]],[[-111.5046453482518,45.816881719747748],[-111.50470028219591,45.816936719921962],[-111.50480994822055,45.817079386818115],[-111.50488034865981,45.817221986630408],[-111.50487248222392,45.817370186779684],[-111.50484094884557,45.817446986613739],[-111.50477028202964,45.817584186408808],[-111.50461308233763,45.817792586732004],[-111.50444808176336,45.817995519796604],[-111.50435374904553,45.818094186824908],[-111.50425954847552,45.818165386489241],[-111.50416534894602,45.818220320128766],[-111.50410254856601,45.818242186676954],[-111.50402408190833,45.818247586414195],[-111.50396128152832,45.818242186676954],[-111.50382794856125,45.818170720241888],[-111.50374168206184,45.818104920335507],[-111.5036554821566,45.817956719966126],[-111.5035616821921,45.817753586606941],[-111.503428547967,45.817407920253707],[-111.5033738814401,45.81721032034271],[-111.50331914831902,45.8169907867061],[-111.50331148166562,45.816842719709946],[-111.50333528179637,45.81666711984851],[-111.50336668198639,45.816568386473215],[-111.5034059486123,45.816518986722933],[-111.50353168152013,45.81640931981687],[-111.50357094814606,45.816359919925425],[-111.50358668101786,45.816310586709704],[-111.50356314830431,45.816261186730678],[-111.5034300817139,45.816102119922036],[-111.50346134767503,45.81606918648427],[-111.50350068193566,45.816052719758083],[-111.50372028140215,45.816184520150799],[-111.50405734777554,45.816409586694199],[-111.5046453482518,45.816881719747748]],[[-111.51617534464783,45.785036582708656],[-111.51608154468333,45.784592115548513],[-111.51608167787168,45.784482382154749],[-111.51609747837819,45.78442198247371],[-111.51620727759116,45.784290315905508],[-111.51635634447058,45.784202582284003],[-111.51666234466535,45.784054582686991],[-111.51696047842421,45.783917582572606],[-111.51727427846072,45.783802515887253],[-111.51752534471137,45.783654382436659],[-111.51782334528191,45.783583182195223],[-111.51790967837546,45.783577781999917],[-111.51799594487488,45.78361618200654],[-111.51803514490665,45.783676582560666],[-111.51804287815422,45.783758915380893],[-111.51801927780595,45.783824715226622],[-111.51797214474412,45.783890582478563],[-111.51789367808644,45.783956382168846],[-111.51753274498812,45.784203115621736],[-111.51750134479812,45.784235982275987],[-111.51747774444983,45.78430738195712],[-111.51747767785568,45.784373182606735],[-111.51750114501561,45.784422582566975],[-111.51766574498436,45.784548781964077],[-111.51768934533263,45.784581782655117],[-111.51768934533263,45.784609182233382],[-111.5176421446361,45.784658581984488],[-111.51739887822717,45.784850515627539],[-111.51711634519235,45.785119315512588],[-111.51681027840341,45.785470182447817],[-111.51662954495733,45.785744515745471],[-111.5165746786479,45.785749982486927],[-111.51651194486206,45.785716982487429],[-111.51644934530509,45.785623716150418],[-111.51634754467582,45.785426115950564],[-111.51617534464783,45.785036582708656]],[[-111.49572715217157,45.848276790257593],[-111.49568768576314,45.848051923577344],[-111.49569528582241,45.847799523692522],[-111.49572635304159,45.847596523871921],[-111.49590635291132,45.846948990401636],[-111.49592988562489,45.846943523141526],[-111.49599275259905,45.846959923470614],[-111.49604768550262,45.846992790072143],[-111.4960870853169,45.847031189864119],[-111.49644875303211,45.847563190128305],[-111.49669268642322,45.848034923437318],[-111.4968183527369,45.848161123713602],[-111.49694408668525,45.848254190417428],[-111.4970934865355,45.848451723625232],[-111.49721928603752,45.848561390467033],[-111.49766715365799,45.848873789893908],[-111.49771415353149,45.848923189925223],[-111.49774568690981,45.848989123728884],[-111.49774575350399,45.849027523592298],[-111.49770655347224,45.849054990049353],[-111.49763588665631,45.849065990109388],[-111.49708615285293,45.849011389869112],[-111.49693708597351,45.849011390593859],[-111.49678008606401,45.849033523364682],[-111.49661515312442,45.849088390303947],[-111.496576086281,45.849115790050824],[-111.49654455290266,45.849143323869235],[-111.4965289532192,45.849225590392976],[-111.49653695284343,45.849307923474932],[-111.49656848622176,45.849362790143523],[-111.49678075304621,45.84960952387069],[-111.49680435339448,45.849675390181289],[-111.49680435339448,45.849719190604134],[-111.49678868607627,45.849730323891634],[-111.49671008623028,45.849702923722681],[-111.49657655348069,45.849637123399447],[-111.4964194859365,45.849538390515967],[-111.49631715255391,45.849439723412168],[-111.49627008608626,45.84932452387136],[-111.49629315264065,45.848951390642362],[-111.49632448623649,45.848792323741023],[-111.49636348648573,45.848567323608918],[-111.49630835275914,45.848501523391832],[-111.49621415322964,45.848512523561311],[-111.49611995265961,45.84853999027272],[-111.49593155256011,45.848529123470321],[-111.49587655306237,45.848496190370909],[-111.49582155252411,45.848435923864571],[-111.49572715217157,45.848276790257593]],[[-111.51834467563276,45.769054513881741],[-111.51836827598102,45.769087380755877],[-111.51840727518973,45.769208180614363],[-111.51841507607202,45.769301380780647],[-111.51841507607202,45.769394714342525],[-111.51837567521724,45.769526314471911],[-111.5183285421554,45.769641581187351],[-111.51812447577824,45.769948781073602],[-111.51796747586873,45.770091381047337],[-111.51750474214114,45.770414914241321],[-111.51744194176111,45.770447714265245],[-111.51726934216813,45.770513581352482],[-111.51701054266989,45.770650581015708],[-111.5168380752247,45.770721781078628],[-111.51674394228938,45.770743780949189],[-111.51672034194112,45.770738314187966],[-111.51669694241589,45.770655981011423],[-111.5167283426059,45.770546314544092],[-111.51680687585772,45.770414581095011],[-111.51692454254714,45.770277381254111],[-111.51701107542323,45.770151314313424],[-111.51700314239314,45.770123914162419],[-111.51696407554974,45.770079980698398],[-111.51690914160562,45.770041514029884],[-111.5168857420804,45.770008580943077],[-111.51688567548622,45.769975714611761],[-111.51712887530097,45.769767181127904],[-111.51730934237041,45.769586314394786],[-111.51736434186816,45.769514980783008],[-111.51746647546825,45.769279113963826],[-111.5175058752825,45.769081580677984],[-111.51751367512423,45.768971781191908],[-111.51750594187666,45.768906114064308],[-111.51748247575726,45.768818180584333],[-111.51735727560276,45.768538314444491],[-111.51736507544452,45.768494514010818],[-111.51746714140991,45.768296980849748],[-111.51760074179417,45.768077581081627],[-111.51765567469775,45.768006180940567],[-111.51768707488776,45.767995314384045],[-111.51771834188943,45.768006313769341],[-111.51776534176292,45.768050180637808],[-111.51780447520052,45.768137981048334],[-111.51789047532326,45.768412313979105],[-111.51802347531951,45.768730580848008],[-111.51808607591703,45.768829380862222],[-111.51834467563276,45.769054513881741]],[[-111.52611677050065,45.907478326523169],[-111.52607750387473,45.907401593034294],[-111.52611710347149,45.906962592928728],[-111.52610957000641,45.906589593134036],[-111.52615677070293,45.906413926066037],[-111.52622770389553,45.906260326436424],[-111.52631417017743,45.906134192877026],[-111.5264949702177,45.906051992462153],[-111.52669930401207,45.905991592854896],[-111.52682517010822,45.905964192901102],[-111.52693517014423,45.905969792649621],[-111.52696657033424,45.905986326168197],[-111.52704517018023,45.906090525958163],[-111.52708437021199,45.906106992828967],[-111.52710810374859,45.906101526317833],[-111.52731237094879,45.905964392736969],[-111.52739110398312,45.905953392350071],[-111.52747750367087,45.905915125931017],[-111.52761910367938,45.905783525768875],[-111.52770550336713,45.905772526070209],[-111.5277605039054,45.905777992613679],[-111.52791770359738,45.905827392765595],[-111.52796490429392,45.905849392863082],[-111.5280277036334,45.905909792625053],[-111.52808270417168,45.9059975922722],[-111.52813750388691,45.906167726093294],[-111.52812957085685,45.90622812623301],[-111.52809817066682,45.906277392761119],[-111.52803530369265,45.906326792468619],[-111.52800377031431,45.906332192346014],[-111.52764230446265,45.906233392896731],[-111.52758730392439,45.90624432589248],[-111.5275401042684,45.906266192601514],[-111.52748517032427,45.9063047259488],[-111.52746157101656,45.906359526230759],[-111.52745317078677,45.906897192707241],[-111.5273981702485,45.907050792746723],[-111.52735890362258,45.907100192489956],[-111.52727237074649,45.907149526302746],[-111.52717810358232,45.9071825260217],[-111.52698937051198,45.907204325750726],[-111.52680077062995,45.907242592729112],[-111.52662770383728,45.907297526029936],[-111.52630550357101,45.90748392611895],[-111.52615610372074,45.907500325966367],[-111.52611677050065,45.907478326523169]],[[-111.51369494502775,45.787586783070431],[-111.51367147786783,45.787575915975552],[-111.513655744996,45.787553916214954],[-111.51362454458851,45.787427716365016],[-111.51354647749584,45.78684611644713],[-111.51357027762658,45.786714383044696],[-111.51370354504002,45.786593716159047],[-111.51375074469603,45.786440182951232],[-111.51379007791611,45.786357916492548],[-111.51439474462305,45.785502182699226],[-111.51453594402604,45.785403382471472],[-111.51463014459607,45.785277382376442],[-111.51470127757115,45.784662782619343],[-111.51474074397957,45.78448731568502],[-111.51477214416957,45.784421515895758],[-111.51483487795542,45.784333715722951],[-111.51491334461308,45.784273382638695],[-111.51499954451832,45.784240516006449],[-111.51504674417433,45.784245982895392],[-111.51508594420606,45.78426791575243],[-111.51514074392131,45.784322916202925],[-111.51518767824119,45.784394182257337],[-111.51524247795643,45.784597182583923],[-111.51523447833218,45.784712516109501],[-111.51521087798392,45.784805715762595],[-111.51513234473207,45.7849153824884],[-111.51506954435206,45.785030582567487],[-111.51505374488607,45.785140315607762],[-111.51506127835114,45.785562782930029],[-111.51501414424879,45.785650582618324],[-111.51492007790763,45.78571638240809],[-111.51487294484581,45.78572731589599],[-111.51468467793462,45.785727182383788],[-111.5146375448728,45.785738316137845],[-111.51460627787112,45.785760182377253],[-111.51457487768111,45.785809515803692],[-111.51450374470603,45.786380116265519],[-111.51442494507755,45.786698316151472],[-111.51438554526327,45.786945182587566],[-111.51418934428148,45.787197515981056],[-111.51375767777306,45.787564916096315],[-111.51371847774131,45.787586783070431],[-111.51369494502775,45.787586783070431]],[[-111.49928175003386,45.832286721959818],[-111.49892095012385,45.832511922064263],[-111.4987561503726,45.83253392219946],[-111.49871695034085,45.832522921770412],[-111.49866194980258,45.832479121582928],[-111.49850475011057,45.832303588436645],[-111.49844975061283,45.83220478853886],[-111.49843388351215,45.832127988761322],[-111.49849668389216,45.832018322149253],[-111.49854368376567,45.832001788364273],[-111.49864568313691,45.831985322000016],[-111.49875568317292,45.831979722043037],[-111.49892828380642,45.831990588453081],[-111.49914808409595,45.832050922075368],[-111.49917948324543,45.832028921749291],[-111.49915595053184,45.831995988306936],[-111.49910088339941,45.831952121729032],[-111.49895168333165,45.831875388303629],[-111.49889668383393,45.831858988602832],[-111.49876328323215,45.831853522034827],[-111.49859055045081,45.831864588571953],[-111.49844155016557,45.831886588238007],[-111.49833168331789,45.831952521933303],[-111.49827675041432,45.832007388318978],[-111.49821408322263,45.832018521526173],[-111.49815915031907,45.832012921572542],[-111.49811194962253,45.831991122058419],[-111.4980490836889,45.831930721670545],[-111.49800975046881,45.831859388807764],[-111.49797814945578,45.831678388571724],[-111.49800168320986,45.831628988452309],[-111.49806435040156,45.831552188605201],[-111.49820548321034,45.831403921803059],[-111.49831528346387,45.831228321464174],[-111.49844055021254,45.830986788710064],[-111.49848755008603,45.830931922043298],[-111.49854248298961,45.830893522014556],[-111.49858954945726,45.830871521955956],[-111.49864448340138,45.830860521923377],[-111.49870735037554,45.830865921886918],[-111.49878575043905,45.830893321908611],[-111.49908414953401,45.831052321810553],[-111.4992412836724,45.83110712165692],[-111.4992961499818,45.831145521538296],[-111.49936694998607,45.831227788576562],[-111.49939835017608,45.83130452144475],[-111.4994143504651,45.831491121453332],[-111.49943008333692,45.83154592159265],[-111.49962655069537,45.831814721711645],[-111.49965028319143,45.831869521532326],[-111.49965815066786,45.831940921807849],[-111.49965048401447,45.832034188198186],[-111.49962688366621,45.832088988527836],[-111.4995014837292,45.832187788631202],[-111.49928175003386,45.832286721959818]],[[-111.49764068351737,45.831684121961104],[-111.49745974924822,45.831311121991916],[-111.49738114940223,45.831228788375256],[-111.49709834999072,45.831009521718379],[-111.4970748828308,45.831003988365111],[-111.49701988333308,45.831031388318827],[-111.49702008311556,45.831058921662596],[-111.49707514920748,45.831217988518112],[-111.49705934974149,45.831256388322949],[-111.49700448343208,45.831250921695755],[-111.49691808270381,45.83122358855168],[-111.49673734925769,45.831086521694566],[-111.49658828237827,45.831059121767986],[-111.49653328288055,45.83100432187436],[-111.49643108268626,45.830834321797539],[-111.49639948271376,45.830614788227415],[-111.49639934952543,45.830532521733112],[-111.49648548283652,45.830312988422683],[-111.49652468286827,45.830241588233818],[-111.49657954917765,45.830175788817442],[-111.49673634930467,45.830027588676799],[-111.49678328258402,45.829862921874472],[-111.49683014926914,45.829780588290575],[-111.496971482901,45.829681721560746],[-111.49711274889815,45.829698121903142],[-111.49733248259349,45.829769321954146],[-111.49742674975769,45.829785788248969],[-111.49742688294602,45.829807722033451],[-111.49735628272427,45.829911988595512],[-111.49730928285078,45.830021721710764],[-111.49730928285078,45.830065721766054],[-111.49732508231675,45.830120521858767],[-111.49749794932696,45.830394721620777],[-111.49757674999599,45.830641588777191],[-111.49774248310608,45.831343921711593],[-111.497750349542,45.831508388378744],[-111.49773474985851,45.831629121854526],[-111.49769554982676,45.831694988428843],[-111.49767215030154,45.83171152157999],[-111.49764068351737,45.831684121961104]],[[-111.51309473908942,45.757014313629881],[-111.51350227249624,45.757063913515786],[-111.51409787199121,45.75711911358286],[-111.51460733921566,45.757152113083947],[-111.51467007196096,45.757168579795028],[-111.5147719391844,45.757245513436047],[-111.51484233962367,45.757366179948924],[-111.51491273902239,45.757530913725191],[-111.51500633920438,45.758101579975737],[-111.51507687283197,45.758183913533543],[-111.51505327248371,45.758194913401532],[-111.5141755395189,45.758013380456397],[-111.5139561387944,45.757952980417038],[-111.51383073885738,45.75788698016467],[-111.51364273936341,45.757766313326023],[-111.51341553879715,45.75759058025983],[-111.51315707226975,45.757365513500446],[-111.5129691383294,45.757178913412382],[-111.51290653877241,45.757091113902867],[-111.5129535386459,45.757019780284203],[-111.51299273867767,45.757014313629881],[-111.51309473908942,45.757014313629881]],[[-111.49384455277556,45.849907324091546],[-111.49382888545739,45.849929190513961],[-111.49380528614967,45.849940190401107],[-111.49377388595964,45.849912790335601],[-111.49374988604639,45.849435524037077],[-111.49373408553987,45.849369724122297],[-111.49363975282206,45.849221590316951],[-111.49349068594263,45.849369790802115],[-111.49345928575262,45.849380790799891],[-111.49341995253253,45.849375323778808],[-111.49337288606488,45.849336990835411],[-111.49333355284479,45.849282124141368],[-111.49330975271403,45.849106590364812],[-111.49332535239752,45.849007790584096],[-111.493372352271,45.84885959058402],[-111.49346635201798,45.848667590422181],[-111.49358408530158,45.8485139238595],[-111.49385855211801,45.84825579076562],[-111.49388208587209,45.848211990640017],[-111.49388988571384,45.848096724049448],[-111.49388188504906,45.848025390165247],[-111.49381875169821,45.847794990060159],[-111.49381875169821,45.847723723920431],[-111.49384228545233,45.847619324025096],[-111.49390488500929,45.847493190651285],[-111.49406168513632,45.84725159005243],[-111.49410868500978,45.847213323777453],[-111.49413228535805,45.847213190412639],[-111.49415588570633,45.847229724026974],[-111.49420308536232,45.847306523982091],[-111.49424235198823,45.84741619018255],[-111.49426608552484,45.847564323722359],[-111.49430575275628,45.847986723608855],[-111.49426675250702,45.84822272341713],[-111.49434535235304,45.848326923586292],[-111.4944161523573,45.848485990368928],[-111.49441635213978,45.848579323977177],[-111.49426755267757,45.849073190845907],[-111.49415795220655,45.849281724061683],[-111.49404815299357,45.849413524061049],[-111.49396988611841,45.849567123633207],[-111.49384455277556,45.849907324091546]],[[-111.49728488233198,45.829237188512849],[-111.49722208299251,45.82922072205573],[-111.49708074936065,45.829220788034682],[-111.49704934917064,45.829209788400917],[-111.4970415493289,45.829182388275498],[-111.49706474907164,45.82898492150737],[-111.49705694922987,45.828968388271306],[-111.49700988276221,45.828946588289767],[-111.49695494881813,45.82894098802705],[-111.49689208288449,45.828951988438995],[-111.49682934909862,45.828974121939829],[-111.49668028221922,45.829050988423283],[-111.49664114878161,45.829050921719059],[-111.49661748287973,45.828996122023398],[-111.4966405494341,45.828524188125847],[-111.49659328214342,45.828282921333297],[-111.49647534907733,45.828173188415306],[-111.49627908254192,45.828118388580521],[-111.49624754916358,45.828085521704786],[-111.49624768235191,45.828058121751006],[-111.4963493487523,45.827833121868927],[-111.49647474868929,45.827629988289075],[-111.49652968263341,45.827558588283786],[-111.49664728168813,45.827476321622747],[-111.49671008206815,45.827459787938622],[-111.4968434826699,45.827459721232543],[-111.49697694882532,45.827470588524996],[-111.49702408188715,45.827486988068735],[-111.49706328191891,45.827508988014991],[-111.49713394873484,45.827574788408803],[-111.49721268280969,45.827733788364888],[-111.49729914909162,45.827903921897033],[-111.49748768237946,45.828095788527072],[-111.49744874872435,45.828381121322579],[-111.49745688257747,45.828595121409471],[-111.49748048292574,45.828688388331109],[-111.49746494879588,45.828825587977526],[-111.49740228264473,45.828880521974945],[-111.4973551495829,45.828979321973527],[-111.497489082938,45.829275388122461],[-111.49748134969042,45.829407121688817],[-111.49746568237224,45.829423588090805],[-111.49744208306451,45.829423588090805],[-111.49728488233198,45.829237188512849]],[[-111.56328432227868,45.614484762014385],[-111.56312805490499,45.614451761946626],[-111.56312025506325,45.614435362346889],[-111.56315145547077,45.61439149565021],[-111.56328432227868,45.614303695192902],[-111.56350332239765,45.614193961896049],[-111.56365972191914,45.614133562127876],[-111.56438685529814,45.614007361811787],[-111.56476992263256,45.613903095491779],[-111.56503572284251,45.613881161939609],[-111.56566112218646,45.613875695108632],[-111.56591132271294,45.613881161939609],[-111.56656812224686,45.613826294904634],[-111.5668026564957,45.613831761740421],[-111.56699812286061,45.613859162145033],[-111.56722485622716,45.613968895369126],[-111.56725612322884,45.614012761668512],[-111.56725612322884,45.614051161847584],[-111.56724052250482,45.614078695339842],[-111.56715452238207,45.614111561704505],[-111.56699032301884,45.614144495011146],[-111.56648212316466,45.614221295162537],[-111.56615372235717,45.614204762300865],[-111.56561432209546,45.614270695018604],[-111.56545012273226,45.61427616181107],[-111.56504345609009,45.614259695198818],[-111.56493405540159,45.614270695746455],[-111.56469952219328,45.614314561809771],[-111.56451972210604,45.614325562346643],[-111.56405065568943,45.614374962110865],[-111.56391765569319,45.614374962110865],[-111.5638238557287,45.614385961908027],[-111.56365185548322,45.614446362132213],[-111.56358932252039,45.614457295682364],[-111.56349552255593,45.614451761946626],[-111.56328432227868,45.614484762014385]],[[-111.52562150344167,45.907659326257289],[-111.5254957039397,45.907757992845127],[-111.52533837001882,45.907856726591291],[-111.52520477067507,45.907911526065099],[-111.52511836994681,45.907933392841436],[-111.52504770417141,45.907938793286583],[-111.52496117025481,45.907905926512463],[-111.52491410378714,45.907867526047973],[-111.52489050343887,45.907812726530679],[-111.52489850410366,45.907582193358479],[-111.52478090400841,45.907121326145599],[-111.52478097060256,45.907022593263463],[-111.52480470309862,45.906890926219752],[-111.52485190379515,45.906775593038283],[-111.52489910345116,45.906720793167061],[-111.52507990349142,45.906572726014993],[-111.52515856993158,45.906545326348031],[-111.52537077016184,45.906523526360253],[-111.52544937000786,45.906495992722306],[-111.52572457040064,45.906287726244052],[-111.52581097008839,45.906254792604791],[-111.52590537044091,45.906249326108224],[-111.52595257009689,45.906265726320328],[-111.52597610385099,45.906320592528253],[-111.52596830400925,45.906369992921306],[-111.52585010352597,45.906677192596725],[-111.5258577701794,45.906896726431349],[-111.5259049032412,45.907055792889814],[-111.52590477005286,45.907181993137733],[-111.52588910377523,45.907280726460392],[-111.52585757039688,45.90734659322613],[-111.52580250430499,45.907439792542476],[-111.52562150344167,45.907659326257289]],[[-111.52629032634425,45.680127105070873],[-111.52632945978183,45.680143505077957],[-111.52636072678351,45.680170905052506],[-111.52639206037934,45.680242371741819],[-111.52639986022109,45.680335572146817],[-111.52639192719101,45.680412371746144],[-111.5263370598411,45.680527571674418],[-111.52607072687776,45.680796371796241],[-111.52589832706727,45.681092571603855],[-111.52580432732027,45.681169371618026],[-111.52556946010061,45.681301105598457],[-111.52502912648005,45.681520305572789],[-111.5249664603289,45.681558705299487],[-111.52484112698606,45.681668372133473],[-111.52468452664155,45.681783572383488],[-111.52462972692632,45.681810905401413],[-111.52459066008289,45.681816372148788],[-111.52455146005114,45.681805505533944],[-111.52450452677182,45.681761572343973],[-111.52448886049416,45.681717572238981],[-111.52449672693007,45.681668305252849],[-111.52454385999191,45.681564105190773],[-111.52460645954888,45.681465305562419],[-111.5250999264843,45.680982572142057],[-111.52532726023888,45.680708372214454],[-111.5255543265763,45.680483505170884],[-111.5257736596661,45.680307905450988],[-111.52588312694878,45.680236704920681],[-111.52600852688578,45.680176305077786],[-111.52611812631626,45.680132505100325],[-111.5261964597856,45.680116105090022],[-111.52629032634425,45.680127105070873]],[[-111.51567607777673,45.781925382575999],[-111.51562887708022,45.782106381999569],[-111.51561314420839,45.782144782294047],[-111.51557387758245,45.782172182344382],[-111.51552687770898,45.782139315924688],[-111.51530754357863,45.781842915703457],[-111.51519787755397,45.78174958192951],[-111.51510374357814,45.781689115429415],[-111.51506467673472,45.781645315889968],[-111.51497087677022,45.781222782596977],[-111.51495527708674,45.781058115875098],[-111.51497114418743,45.780964915762333],[-111.51499467690097,45.780915515640906],[-111.51502607709099,45.780888115698666],[-111.51507314355865,45.780855182485794],[-111.51513587734451,45.780833315773748],[-111.51566914365917,45.780773115328053],[-111.51581827713274,45.780696382487974],[-111.515983076884,45.780548315528939],[-111.51602214372741,45.780575782400447],[-111.51605354391742,45.780630581852797],[-111.51606134375918,45.780707382271203],[-111.51606127716499,45.780778782117416],[-111.51600627766726,45.780998181993482],[-111.51590387769049,45.781338382166567],[-111.51581754355637,45.781535915581117],[-111.51567607777673,45.781925382575999]],[[-111.53158245861627,45.664770902905289],[-111.53180152532943,45.664875169870882],[-111.53193452532567,45.66501236987812],[-111.53202052544843,45.665122170218304],[-111.5320831250054,45.665231903442908],[-111.5321534588505,45.665418503169256],[-111.53223152490264,45.665643503468786],[-111.53224712562665,45.665742169601309],[-111.53222332549589,45.666214169946507],[-111.53224672502112,45.666488503434174],[-111.53223885858522,45.666620103275946],[-111.53222312571339,45.666696969691642],[-111.53220745839521,45.666718903665569],[-111.53213712559065,45.666680370138231],[-111.53207445839895,45.666598169990486],[-111.53201985846624,45.666411569833414],[-111.53203552578441,45.666345703534319],[-111.53199632575266,45.666318303334677],[-111.53193392493766,45.666153703339262],[-111.53188692506414,45.666082303007833],[-111.53168365885752,45.665835370160401],[-111.53152725829553,45.665599369979084],[-111.5313865250517,45.665357903356742],[-111.53133965836655,45.665209769639894],[-111.53132405868305,45.665061570085015],[-111.53134765799078,45.664913503211807],[-111.53137112515073,45.664825703351653],[-111.53140252534071,45.66479277000596],[-111.5315121247712,45.664759903541722],[-111.53158245861627,45.664770902905289]],[[-111.50378334815882,45.815734586671084],[-111.50375208115716,45.815674186773677],[-111.5037521477513,45.815558986216097],[-111.50378374772382,45.815416386496494],[-111.50390968145467,45.815103719438135],[-111.50398034827062,45.814993986649995],[-111.50401188164895,45.814961120003218],[-111.50405888152245,45.814939186170704],[-111.5040745478001,45.814939186170704],[-111.50411388102017,45.814966586054489],[-111.50416088089366,45.815026986719374],[-111.50423908117467,45.815224519679774],[-111.50443488155094,45.815647186109118],[-111.50448174823607,45.815740519687431],[-111.50454448202194,45.815828319697921],[-111.50462288208543,45.815910586166716],[-111.50492088161543,45.816124719768055],[-111.50494434877537,45.816163186551648],[-111.50493648129893,45.816190586558385],[-111.50485014820534,45.81622338648522],[-111.50482648126291,45.816256386551302],[-111.50481074839109,45.816327719828799],[-111.50485768167043,45.816541719838135],[-111.50484974864034,45.816569186377791],[-111.50482614829207,45.816585519512984],[-111.50473988179266,45.81657458627727],[-111.50468508207742,45.816541586399815],[-111.50447334800633,45.816360519674816],[-111.50413614844457,45.816096920135827],[-111.50378334815882,45.815734586671084]],[[-111.51327854523197,45.788349316685427],[-111.51331007861032,45.788266983388915],[-111.51335707848381,45.788217716713739],[-111.5134042781398,45.78818478275155],[-111.5135768777328,45.788135516003713],[-111.51386694527325,45.788097182960996],[-111.51394534533675,45.788075316187104],[-111.51400827786458,45.788036916349689],[-111.51400827786458,45.788025916561423],[-111.51383574486573,45.787970982889881],[-111.51382794502399,45.787872182684261],[-111.51394574490175,45.787762582724206],[-111.51429887815833,45.787614516392026],[-111.51449494491125,45.787548782694358],[-111.51464394519651,45.787526782923052],[-111.51471447778358,45.787526916430885],[-111.51476154529176,45.787543382883207],[-111.51478507800533,45.787570915964757],[-111.51476927853933,45.787664115918062],[-111.51472994531925,45.787740916080082],[-111.51460434455923,45.787888982802052],[-111.5144553453145,45.788009716539513],[-111.51434547846682,45.788080916206539],[-111.51383547848907,45.788371516390868],[-111.51377267810906,45.788415383203429],[-111.51363127788304,45.788568916049975],[-111.51358414482122,45.78865671608245],[-111.51351334481697,45.788903516525536],[-111.51348194462695,45.788941916491481],[-111.5131915451562,45.789166783299663],[-111.51311307849853,45.789210583459997],[-111.51308967793278,45.789205183084292],[-111.51307394506095,45.789177716836384],[-111.51308187809103,45.789111916778957],[-111.51323114475296,45.788821183322042],[-111.51326254494295,45.788711382793686],[-111.51327854523197,45.788349316685427]],[[-111.51735546299281,45.704073974513896],[-111.51741806254978,45.704079375138399],[-111.51748852958319,45.704128907967764],[-111.51748852958319,45.704139908313479],[-111.51784066288677,45.704529507944784],[-111.51795006357527,45.704842375240297],[-111.51795773022869,45.704897174960138],[-111.51792633003869,45.705001375157053],[-111.51784792997518,45.705155108533148],[-111.51769892968993,45.705363508497868],[-111.51758926366527,45.705451174998636],[-111.51740926275501,45.705407308339318],[-111.51722146304353,45.705226108035859],[-111.51716666332828,45.705149308350769],[-111.51715106260427,45.705034108262012],[-111.51717472954671,45.704841974849678],[-111.51725326279853,45.704496374877891],[-111.51726132901696,45.704150708095895],[-111.51727712952346,45.704090374767176],[-111.51730066327757,45.704073908386754],[-111.51735546299281,45.704073974513896]],[[-111.58825825534628,45.584336690667051],[-111.58792225447955,45.584265357185124],[-111.58752365509636,45.584144890745797],[-111.58681245437165,45.584024290781777],[-111.5862497211789,45.583909157397649],[-111.58550745427554,45.583887290766747],[-111.58531985434657,45.583843490481968],[-111.58532772078247,45.583821557556291],[-111.58537452087347,45.583788557655417],[-111.58544485471857,45.583772157101656],[-111.58584332091341,45.583739157171735],[-111.5860309208424,45.583744557029199],[-111.58676545449816,45.583793757243853],[-111.58726565472811,45.583843090682066],[-111.5878360545743,45.583914290705785],[-111.58828945471325,45.584018357158101],[-111.58850812186142,45.584089757222756],[-111.58857072141839,45.584128090498268],[-111.58860205501423,45.584166490016401],[-111.58860992145014,45.584204890236499],[-111.58859425517251,45.584248757236246],[-111.58854745508151,45.58429815727149],[-111.58850045520801,45.584331090604174],[-111.58845352192868,45.584347557263285],[-111.58839892199593,45.584353090327653],[-111.58825825534628,45.584336690667051]],[[-111.49957375088619,45.833685721711362],[-111.49936928390349,45.833378588863802],[-111.49928288421575,45.833279788699372],[-111.49907855042139,45.833126321778828],[-111.49904715023136,45.833060388749061],[-111.49906288414374,45.83300558865092],[-111.49910988401722,45.832945188639044],[-111.49921955004187,45.83284638843022],[-111.49944708357897,45.832676188805344],[-111.49971355077113,45.832275522106016],[-111.49978408335819,45.832198721701019],[-111.49983895070812,45.832193121765521],[-111.49987815073989,45.832204121534723],[-111.49990188427647,45.83222598839081],[-111.49994895074414,45.832297321508733],[-111.49998828396423,45.832390588751821],[-111.50001988393673,45.832505788559885],[-111.50003595081992,45.832851522127534],[-111.50000455062991,45.832944721742365],[-111.49998115110468,45.832977722047744],[-111.49994188343824,45.833005121754802],[-111.4998163503129,45.833043588476002],[-111.49969875021766,45.833125921582955],[-111.49965955018591,45.833224722020539],[-111.49965188353249,45.833339988251019],[-111.49967575025742,45.833592321791201],[-111.49966008397978,45.833658188217036],[-111.49962088394801,45.833702121598883],[-111.49957375088619,45.833685721711362]],[[-111.51216367772426,45.789775383106722],[-111.51212434450417,45.789797316690453],[-111.51210087838477,45.789791783594715],[-111.51208527766074,45.789769916760029],[-111.51206174494716,45.789709517003494],[-111.51201494485618,45.789385783031641],[-111.51192894473344,45.789089383608029],[-111.51191327845576,45.788952316780069],[-111.51215707761801,45.788365316349811],[-111.51224334411742,45.788228183164932],[-111.51232194500398,45.788134916676007],[-111.51248667816107,45.78803078302473],[-111.51252594478697,45.788025316506946],[-111.51260434485046,45.788036316295333],[-111.51264354488222,45.788063716352355],[-111.51266694440746,45.788151583208219],[-111.51265907797153,45.788211916448702],[-111.51248614436719,45.788672716384184],[-111.51236014508268,45.789287116660688],[-111.51225787829426,45.789643716848339],[-111.51216367772426,45.789775383106722]],[[-111.51755914229138,45.770864781171007],[-111.51761414282966,45.770881314237961],[-111.51762974251315,45.770903181223737],[-111.51762194267138,45.770958181067925],[-111.51756694213312,45.771045914482144],[-111.51729227553419,45.77138591481544],[-111.5172136756882,45.771501114543639],[-111.51690747571092,45.772088114728],[-111.51680527551667,45.772362381054826],[-111.51674234298885,45.772598314671299],[-111.51671107598717,45.772642181557181],[-111.51667174276709,45.772636714982028],[-111.51660967596344,45.77195631451896],[-111.51660987574594,45.771791714784193],[-111.51666487524369,45.771539314564791],[-111.51676687565545,45.771363780925753],[-111.51685327534319,45.77125958110927],[-111.51703374241264,45.771100514269747],[-111.51718274269788,45.770979914476051],[-111.51727694222738,45.770925114248968],[-111.51737887604499,45.770881181416037],[-111.51744947522619,45.770864781171007],[-111.51755914229138,45.770864781171007]],[[-111.4991191510117,45.834294921980486],[-111.49880508355798,45.834174388581999],[-111.49864015061843,45.834086721898885],[-111.4984517505189,45.83404292221708],[-111.49841248389299,45.834015522296021],[-111.49836535083115,45.833955188628522],[-111.49831808354047,45.833872921996836],[-111.49828648356795,45.833708321670017],[-111.49827855053789,45.833576722256559],[-111.49818408359117,45.833384588873997],[-111.49816035005459,45.833252988694966],[-111.49816028346044,45.833126788673944],[-111.49818375062036,45.833027988787549],[-111.49821508317567,45.832989522055506],[-111.49825434980158,45.832962121615807],[-111.49830148390393,45.832956588456661],[-111.49834848377745,45.832956588456661],[-111.49842708362344,45.832978521716562],[-111.49851335012285,45.833055321770431],[-111.4985527499371,45.833115588264178],[-111.49856068400771,45.833181521953513],[-111.49852948360021,45.833329588272903],[-111.49853735003612,45.833378988332811],[-111.49856875022611,45.83343378878827],[-111.49868675092692,45.833565388539725],[-111.49869448417449,45.833587388983474],[-111.49867895004463,45.833614788390378],[-111.49852208332345,45.833741122151906],[-111.49852988420574,45.833779521665903],[-111.4985455504834,45.833795922250737],[-111.49862415032941,45.833828922051381],[-111.49873408377124,45.833839722126932],[-111.49900095052841,45.833845121801374],[-111.49914228416024,45.833866922039299],[-111.49918935062792,45.833883388571806],[-111.49922868384799,45.833910788557922],[-111.49926788387974,45.833949188679846],[-111.49930728369402,45.834058921810218],[-111.49929188379302,45.834234521917935],[-111.49923695088944,45.834300388308698],[-111.49918988442178,45.834305922059222],[-111.4991191510117,45.834294921980486]],[[-111.49787088810486,45.855721190732822],[-111.49771368737233,45.855671790941784],[-111.49756435411624,45.855589723824025],[-111.49752515408449,45.855534790828095],[-111.49746995480423,45.855309923778179],[-111.49743068817833,45.855249590734942],[-111.49735988817407,45.855172724203754],[-111.49714755475546,45.855002724041775],[-111.49710835472369,45.854958924156321],[-111.49710048724727,45.854931524389087],[-111.49712388781303,45.85487112426209],[-111.49717095428069,45.85482172444064],[-111.49719455462895,45.854805324255487],[-111.49729655400019,45.854794190534456],[-111.49750088779453,45.854865390362981],[-111.49757148801631,45.854881790530428],[-111.49763435394993,45.854881790530428],[-111.49771288720179,45.854859923880994],[-111.49779928793006,45.85487079089588],[-111.4982390882916,45.855024190596723],[-111.49824695472751,45.855040590717337],[-111.49822348756757,45.855106390445613],[-111.49813715447401,45.855150390958364],[-111.49807435409397,45.855216323902397],[-111.49805095456875,45.855314990904361],[-111.49809828741309,45.855507123929989],[-111.49809828741309,45.855556523867349],[-111.49804348769784,45.855677123999406],[-111.49802775482604,45.855693723944256],[-111.49799635463602,45.855699124396715],[-111.49794935476253,45.855726590457941],[-111.49787088810486,45.855721190732822]],[[-111.50965274571939,45.799178518093896],[-111.50955874597238,45.799101717732377],[-111.50948814575064,45.799024917990479],[-111.50933154644667,45.798772384238077],[-111.50923754565915,45.798596717970753],[-111.50915167872475,45.798261984169784],[-111.50908894597941,45.798141184135751],[-111.50904207929426,45.797993117807593],[-111.50905794535441,45.797790117661251],[-111.50907367926678,45.797746184230832],[-111.50910507945676,45.79770778452712],[-111.50914427948851,45.797702384249277],[-111.50916774560791,45.797702384249277],[-111.50926194617794,45.797779184363144],[-111.50952827914125,45.798092117707135],[-111.50965367907827,45.798168984025061],[-111.5097240795175,45.798328118011355],[-111.5097475456369,45.798415917904492],[-111.50975487931949,45.799085317807737],[-111.50972334594114,45.799172984478616],[-111.5096997466334,45.799189517857393],[-111.50965274571939,45.799178518093896]],[[-111.56119685529444,45.615944296138288],[-111.56120472173036,45.615971696238553],[-111.56118905545267,45.616010162763118],[-111.56114212217335,45.61606496288595],[-111.56081365477168,45.616322896258673],[-111.56059472228742,45.616454562310849],[-111.56036805551503,45.616624562423738],[-111.56032112223568,45.616646562589018],[-111.56007085511501,45.616706896331458],[-111.55989112162196,45.616778296294974],[-111.55971125494055,45.616800162483777],[-111.55954705557733,45.61689349616681],[-111.55950012125749,45.61689349616681],[-111.55946885529632,45.616871496098419],[-111.55946092226627,45.616811162533075],[-111.55949225482156,45.616734363017265],[-111.55978945522156,45.616443562919429],[-111.55994585474303,45.616333762484281],[-111.56007092170918,45.616278962624172],[-111.56043052188367,45.616180162767577],[-111.56077465556299,45.615993562741892],[-111.56086065568572,45.615966162652306],[-111.56104045473242,45.615927762328909],[-111.56116565488692,45.615922295697445],[-111.56119685529444,45.615944296138288]],[[-111.51996312822708,45.693737773350307],[-111.5200335276258,45.693781707310343],[-111.52007252787506,45.693973707206666],[-111.5200645282508,45.694138373647938],[-111.52003312806079,45.694324773791131],[-111.51997046190964,45.69443457404094],[-111.51986072825029,45.6945441734795],[-111.51976672850331,45.694621106927102],[-111.51966486127988,45.694675907217245],[-111.51959446188116,45.694686907242499],[-111.51953966112538,45.694664907189839],[-111.51949266125189,45.69460997388542],[-111.5194302614774,45.694362973580816],[-111.5192738609154,45.694187373818309],[-111.5192425283601,45.694138106911993],[-111.51923472851834,45.694083173816963],[-111.51925826123193,45.694028306806956],[-111.5193052611054,45.693967907317862],[-111.51936792829709,45.693907573902713],[-111.51944626176642,45.693858306749895],[-111.51962646141867,45.693770507235456],[-111.5197282610074,45.693737707210936],[-111.51982212756606,45.693732174035588],[-111.51996312822708,45.693737773350307]],[[-111.51391734457083,45.784289382747389],[-111.51397234406856,45.784294915663736],[-111.51405847737965,45.784355316208043],[-111.51408987756965,45.784399182553074],[-111.51412894441307,45.784563916323329],[-111.5141989442468,45.78520038290376],[-111.51415967762088,45.785370382992419],[-111.51412027780663,45.785430782371513],[-111.51384607736688,45.785200115876854],[-111.51365007720811,45.785090316197461],[-111.51355607746112,45.784876315805562],[-111.51346994415005,45.784771983051371],[-111.51346214430831,45.784722716189705],[-111.5134779437743,45.78461851593724],[-111.51354854399605,45.784481182695139],[-111.51361934400032,45.784382516350107],[-111.5136507441903,45.784355115934851],[-111.51378407715738,45.784305782672604],[-111.51384687753739,45.784289382747389],[-111.51391734457083,45.784289382747389]],[[-111.50881574653322,45.804801985272867],[-111.50883154703975,45.804845918217431],[-111.50883134725727,45.804928184951173],[-111.50876848028307,45.805114784878135],[-111.50873708009306,45.805158718301342],[-111.50826588058204,45.80561931864063],[-111.50821094663794,45.805696118722338],[-111.5081715468237,45.805767385012501],[-111.50816354719946,45.805948385355599],[-111.50781774762545,45.806579318579978],[-111.50769988011299,45.806743785152747],[-111.50759774755343,45.806842518538126],[-111.50752728051999,45.806880918474349],[-111.50751154764818,45.806880918474349],[-111.50748014745817,45.806853385502997],[-111.50748014745817,45.806825985254292],[-111.50754314762069,45.806606518756723],[-111.50770828034275,45.806260985582725],[-111.50784974716295,45.805876985107751],[-111.50835254664645,45.805257185389252],[-111.5085410799343,45.804977518094802],[-111.50861954659199,45.804878718297552],[-111.50869028000206,45.80482391802019],[-111.50877668073035,45.804785518116688],[-111.50881574653322,45.804801985272867]],[[-111.52194592166808,45.658507370398432],[-111.52200065478914,45.658518370263167],[-111.52214932210357,45.658628103341073],[-111.52239952158953,45.658946369868239],[-111.52266545498786,45.659187970324027],[-111.52289225598912,45.65935270352454],[-111.52311112187923,45.659429503557469],[-111.52314245547508,45.659456970399674],[-111.52315812175273,45.659473503733373],[-111.523165922635,45.659511903316535],[-111.52314232228673,45.659566703819905],[-111.52311105528507,45.659583170214191],[-111.52300152244877,45.659583103307213],[-111.52289205516608,45.659566570005921],[-111.52275112213977,45.659533703382522],[-111.52257905530011,45.65947870358],[-111.52253212202078,45.659473169925036],[-111.52239132218278,45.65935250353003],[-111.52232872158527,45.659313970022922],[-111.52222712177904,45.659220770242932],[-111.52188292150555,45.658973703859317],[-111.52181265529518,45.658907769901134],[-111.52174232145008,45.65879797046339],[-111.52171105548894,45.658666370415105],[-111.52173465479666,45.658605970563464],[-111.52185992154531,45.658507303490126],[-111.52194592166808,45.658507370398432]],[[-111.50915054558337,45.799331917554468],[-111.50922894564688,45.799375917925246],[-111.50940927952797,45.799556984736334],[-111.50941707936971,45.799595384616573],[-111.50940907974548,45.799683184689094],[-111.50936187904894,45.79985318485766],[-111.50930687955123,45.799990384470362],[-111.50918907967345,45.800056118003212],[-111.50914207979996,45.800067117593443],[-111.50903227954646,45.800061584791841],[-111.5083733458776,45.799918584856854],[-111.50835774619412,45.799896717642937],[-111.50837347906595,45.799874717667528],[-111.50861674651539,45.799682784252845],[-111.50878954589086,45.799452384210525],[-111.50888374646088,45.799370184835709],[-111.5089779459904,45.799331784800316],[-111.50907207892571,45.799320917819053],[-111.50915054558337,45.799331917554468]],[[-111.52869557132591,45.906014192394373],[-111.52875857044789,45.906041592323497],[-111.52891557139793,45.906162392811595],[-111.52903337127566,45.906359992511121],[-111.52905690398924,45.906464325546466],[-111.52904110452323,45.906568525887202],[-111.52900957114491,45.906667326188121],[-111.52895457060663,45.906765992367134],[-111.52889950451471,45.906842792621525],[-111.52876577094213,45.906957925831065],[-111.52868730428446,45.906979926204507],[-111.52863997144013,45.906963392257865],[-111.52857717106012,45.906881125735971],[-111.5285537039002,45.906754926252134],[-111.52853017118662,45.906716525715403],[-111.52850657083835,45.906694525961619],[-111.52833370382818,45.906595725709117],[-111.52830237127286,45.906491392920785],[-111.52830237127286,45.906436592769047],[-111.52840470361494,45.906118392856051],[-111.52844417106388,45.906063525724228],[-111.52848337109562,45.906030725899726],[-111.52853057075163,45.906014192394373],[-111.52863277094589,45.906008725874109],[-111.52869557132591,45.906014192394373]],[[-111.52079386131838,45.692640706873398],[-111.52077032756426,45.692602306758424],[-111.5208254612909,45.692316973592142],[-111.52076312811057,45.691982306930662],[-111.52077086135814,45.691921906685529],[-111.52078666082413,45.69187797344501],[-111.52085712785755,45.691779306870878],[-111.52090426091939,45.691675106743794],[-111.52101412776706,45.691285506939899],[-111.5210454613629,45.691225173538264],[-111.52107672732404,45.691181306619697],[-111.52115512738753,45.691115506540648],[-111.52121772798506,45.69110997310586],[-111.52128826161265,45.691120973105647],[-111.52131172773204,45.691137506535924],[-111.52132732741552,45.691153973092085],[-111.52134292813956,45.691219773125837],[-111.5212642616994,45.691773973380442],[-111.52119366147764,45.692031773433406],[-111.52111526141412,45.692251173395597],[-111.52106026087586,45.692366373657933],[-111.52095052825705,45.69253097360334],[-111.52088006122364,45.6926133064647],[-111.5208173284783,45.692640706873398],[-111.52079386131838,45.692640706873398]],[[-111.51700053793694,45.746190578849827],[-111.51696927093525,45.746190578849827],[-111.51684387099824,45.746119179016745],[-111.51660893718442,45.745888712250775],[-111.51650713759568,45.745773379031249],[-111.51643673715643,45.745652712140384],[-111.51639767031298,45.745553912471109],[-111.51638987047127,45.745488112490037],[-111.51639773690717,45.745422312431366],[-111.51648407104128,45.745257712101619],[-111.51665667063428,45.745098579108628],[-111.51670367050775,45.745076712174004],[-111.51675073697541,45.745093112012697],[-111.51678987041301,45.74514251191389],[-111.51689153681342,45.745389512216427],[-111.51696187065851,45.7455211784116],[-111.51711067116126,45.745740711904375],[-111.5171419371224,45.745806579117755],[-111.51714187052823,45.745866978507138],[-111.51712613765642,45.745910912159971],[-111.51710267049648,45.745932711964066],[-111.5169693375294,45.745971112477704],[-111.51695367125176,45.74599857895091],[-111.51700053793694,45.746190578849827]],[[-111.52376597041219,45.908701126841763],[-111.52378950312576,45.908755926205963],[-111.52378936993742,45.908816326425487],[-111.52374217028142,45.908898592975326],[-111.52352197042691,45.909117993496253],[-111.52294790373945,45.90956219367164],[-111.52286136982283,45.909611526744285],[-111.52278276997683,45.909638993677262],[-111.52275136978682,45.909633526789996],[-111.52272777047909,45.909611526744285],[-111.52271997063734,45.909562127064014],[-111.52275937045161,45.909457926550715],[-111.52301117027862,45.909029993167742],[-111.52323137013313,45.908794193562748],[-111.52331790404973,45.908728392951353],[-111.52349870304948,45.908657126726503],[-111.52371090327975,45.908668193186308],[-111.52374230346976,45.908679126426485],[-111.52376597041219,45.908701126841763]],[[-111.49561368819839,45.859919724894091],[-111.49566088785438,45.859968991200383],[-111.49565308801263,45.860001991419963],[-111.49551188860966,45.860117191308291],[-111.4951507546883,45.860320391807726],[-111.49489968843763,45.860446725077146],[-111.49466428846462,45.860600524611961],[-111.49455428842862,45.860649925096901],[-111.49442868766859,45.860660991703838],[-111.49442068804434,45.860578724703764],[-111.494436354322,45.860534791529481],[-111.4945461545755,45.860375591815121],[-111.4946950882666,45.860068191801382],[-111.49473428829833,45.86001339149125],[-111.49482848782783,45.859925524939257],[-111.49488335517778,45.859903591432023],[-111.49496975486552,45.859897991386212],[-111.49504835471151,45.859908991475628],[-111.49534688803536,45.860002124754153],[-111.4953782882254,45.859996591385389],[-111.49553515494655,45.859925191603345],[-111.49557448816664,45.859914191517134],[-111.49561368819839,45.859919724894091]],[[-111.51630613767178,45.750409712609262],[-111.51632173839579,45.750447979350646],[-111.51633733807928,45.750585179314335],[-111.51632933845502,45.750738779298985],[-111.5163058712951,45.750821179627103],[-111.51627447110511,45.750875912476076],[-111.51608613864028,45.751034979627306],[-111.5160467377855,45.751287379687355],[-111.51601533863602,45.751358712647054],[-111.51596833876252,45.751386112576292],[-111.51562333831852,45.751528712807229],[-111.51559193812852,45.751534112475859],[-111.51554493825502,45.751479179154956],[-111.5155372716016,45.751407912420362],[-111.51557653822752,45.751182979731901],[-111.51560793841755,45.751106112516986],[-111.51570213794702,45.751012912447003],[-111.5158355385488,45.750908712371512],[-111.51592173845404,45.750815512697983],[-111.51599233867579,45.750711179383963],[-111.51603167189587,45.750601512914734],[-111.51607093852181,45.750530178987276],[-111.51627487171064,45.750398579062036],[-111.51630613767178,45.750409712609262]],[[-111.50952314722831,45.803507517903157],[-111.50950747991011,45.803496518266741],[-111.50949968006839,45.803458118173673],[-111.50957834650853,45.803161784886605],[-111.5095158801399,45.802903984721283],[-111.50962594677006,45.802574784685916],[-111.50981514704011,45.801724384935554],[-111.50983087991195,45.801680517717138],[-111.50986228010193,45.801653117825701],[-111.50989368029195,45.801653117825701],[-111.50991714641135,45.801691584449102],[-111.50990888041042,45.802086584675521],[-111.50986914658482,45.802602385057071],[-111.50986094717808,45.8030633184473],[-111.5098294803939,45.803156517882393],[-111.50972728019964,45.803359384592859],[-111.50960948032187,45.803491117824542],[-111.50955454741832,45.803507517903157],[-111.50952314722831,45.803507517903157]],[[-111.49881988203042,45.826130787921137],[-111.49875688186791,45.826043121619385],[-111.49868608186364,45.825867587752647],[-111.49866248255591,45.825834720998131],[-111.4985289487658,45.825746988247047],[-111.49850528182338,45.825653721472541],[-111.49853674860755,45.825609788263357],[-111.49881108223563,45.825324320896449],[-111.4988502822674,45.825296921033633],[-111.49893654876681,45.825291387837524],[-111.4990151486128,45.825307788023274],[-111.49905434864455,45.825357121243712],[-111.49907794899281,45.825406521128933],[-111.4991017491236,45.825576587814858],[-111.49912534947185,45.82562592152216],[-111.49919608288192,45.82568632150106],[-111.4992431493496,45.825790521099385],[-111.49919614947611,45.825889188091018],[-111.49914914856208,45.825927721362689],[-111.49902368203092,45.825988121014184],[-111.49891394941211,45.826119921092165],[-111.49888268241043,45.826141788163348],[-111.49884334919034,45.826147321274938],[-111.49881988203042,45.826130787921137]],[[-111.5178157379389,45.746015378614452],[-111.51801933815692,45.746141578518582],[-111.51808993733813,45.746207512062398],[-111.51816827080748,45.746317312057933],[-111.5182071378684,45.746564178639304],[-111.51817553789589,45.746948178968857],[-111.51815987161822,45.746970178775342],[-111.51812067158647,45.74695371195947],[-111.51793273764612,45.746739711892211],[-111.51770567130875,45.746509111903698],[-111.51764307071123,45.746426778547942],[-111.51759613743189,45.746316978767723],[-111.51756473724188,45.746212711835597],[-111.51757273790666,45.746114112115741],[-111.51760413809669,45.746048178461649],[-111.51767467068375,45.746026311898994],[-111.51778447093724,45.746009912334451],[-111.5178157379389,45.746015378614452]],[[-111.49796075485138,45.859106390832714],[-111.49795295500965,45.859062524612597],[-111.49796855469314,45.859013124166601],[-111.49800775472488,45.858941791239346],[-111.49806268866898,45.858875924308308],[-111.498125489049,45.858815524117588],[-111.49833728867374,45.858667324163548],[-111.49868248890026,45.85831052450515],[-111.49880015558966,45.858266524318807],[-111.4988630881175,45.858282924207877],[-111.49891795546742,45.858332324577972],[-111.49895748847001,45.858513324347278],[-111.49899688828425,45.858606591127106],[-111.49902048863251,45.858705324579631],[-111.49900495554321,45.858765724165366],[-111.49898928822502,45.85878212463183],[-111.49888715566544,45.858831591226952],[-111.49868308824774,45.85888112444642],[-111.49861235483768,45.858886591257786],[-111.4983061548604,45.858870324159035],[-111.4982196885785,45.858886791263053],[-111.49816475567492,45.858908724446763],[-111.49812568883149,45.858941791239346],[-111.49801575538966,45.859100924042956],[-111.49799228822974,45.859111924290069],[-111.49796075485138,45.859106390832714]],[[-111.51579867763715,45.785398582535258],[-111.51583774448058,45.785431382453915],[-111.51603367804516,45.78570038270896],[-111.5161824785479,45.78585411604535],[-111.51620594466729,45.785947382722505],[-111.51609594463129,45.786210715702111],[-111.51608807819538,45.786270982836669],[-111.51609587803715,45.78632591600676],[-111.51611927860289,45.786342382813856],[-111.51626854526482,45.786144915770208],[-111.51634707851665,45.786106516054161],[-111.51637047804189,45.786106582809822],[-111.51637834551833,45.786122982926074],[-111.5163625450118,45.786161382630773],[-111.51611927860289,45.786473982859384],[-111.51597014512932,45.786545315821463],[-111.51593874493929,45.786578182546059],[-111.51591514459103,45.786676916113464],[-111.51586027828162,45.786715382917102],[-111.51582094506155,45.786720782808466],[-111.51580527878387,45.786709782760525],[-111.51577414497055,45.78660558259422],[-111.51575854528706,45.786479382774125],[-111.51591554519656,45.786111916004508],[-111.51593147785087,45.786002115944207],[-111.51590794513733,45.785936315766079],[-111.51577487854691,45.785694782450364],[-111.51572007779113,45.785541116156494],[-111.5157122779494,45.785453315570166],[-111.51572794526757,45.785398515778795],[-111.51575154457531,45.785381982661981],[-111.51579867763715,45.785398582535258]],[[-111.50313268153141,45.815201986189145],[-111.50300728159442,45.815168986223469],[-111.50290528118265,45.815119586682208],[-111.5027562808974,45.815009786479095],[-111.50273274818382,45.81497138634505],[-111.50273288137215,45.814938519684929],[-111.50277994783981,45.814867120082425],[-111.50298408081115,45.814768519859228],[-111.50318034734656,45.81468091979248],[-111.50325888059839,45.814664386659615],[-111.50334514813837,45.814658986574898],[-111.50340014763609,45.814669986182871],[-111.50347068126366,45.814713920047417],[-111.50350194826535,45.814785186403761],[-111.50350188167118,45.814873119912363],[-111.5034702816987,45.814999186539154],[-111.50341528116041,45.815125386322315],[-111.50336028166268,45.815185720094185],[-111.50332108163092,45.815207586383593],[-111.50325814806257,45.815218586608445],[-111.50313268153141,45.815201986189145]],[[-111.52776797077631,45.906425392641509],[-111.5278465706223,45.906458392790952],[-111.52809017104258,45.906518792614357],[-111.52811377035032,45.906529792889216],[-111.52812937107434,45.906573725907464],[-111.52813717091608,45.906694392739446],[-111.52812930448017,45.906804125701782],[-111.52809777110183,45.906869925698139],[-111.52801117059106,45.906963192425593],[-111.52788550427739,45.907050925968043],[-111.52780690443139,45.907089392884039],[-111.52772830458541,45.907078326109477],[-111.5276575711753,45.907056392385677],[-111.52761830454939,45.90699599242317],[-111.52757117044703,45.906825926303405],[-111.52755570395188,45.906628392701542],[-111.52757150445838,45.906513192921224],[-111.52759497057777,45.906469325742385],[-111.5276501043044,45.906436392934829],[-111.52772870415039,45.906425392641509],[-111.52776797077631,45.906425392641509]],[[-111.51779053829013,45.748166178839725],[-111.51756313794135,45.748264779291524],[-111.51755533809961,45.748253912520276],[-111.51757113756558,45.748220978915015],[-111.51772013785086,45.747996112528014],[-111.51775153804088,45.747902778744866],[-111.51775947107093,45.747798511870407],[-111.5177518710117,45.74762837908898],[-111.51776747173572,45.747529712163406],[-111.51778327120171,45.747496778856934],[-111.51782247123346,45.747458378666742],[-111.51787733754287,45.747436379052658],[-111.51800267088568,45.747474912135651],[-111.5181436715467,45.747584711816558],[-111.51824547113544,45.747716378642913],[-111.51826107185946,45.747820578869344],[-111.51824533794711,45.747853578786241],[-111.51819047163772,45.747913912063808],[-111.51795513825886,45.748067512138711],[-111.51779053829013,45.748166178839725]],[[-111.51506094433979,45.785941382679312],[-111.51511574509554,45.785974315790192],[-111.51515507831563,45.786018315823966],[-111.51520987803087,45.786144515962299],[-111.51518607790013,45.786479182508565],[-111.51515454452178,45.786544982771467],[-111.51503674464404,45.786660116355939],[-111.51494267830286,45.786709516466452],[-111.51491134470703,45.786714916358342],[-111.51485647839763,45.786692983012856],[-111.51483294464353,45.786665516252654],[-111.51477047827487,45.786363716224933],[-111.51477054486905,45.786237582612728],[-111.51479414521731,45.78605098259218],[-111.5148334784374,45.785979715753342],[-111.51487267846915,45.785941315923495],[-111.51491194509504,45.785919382999239],[-111.51506094433979,45.785941382679312]],[[-111.52634265583212,45.659798169593493],[-111.5265303233958,45.659825703161616],[-111.52685112310353,45.659902570179568],[-111.52717185621708,45.660094769988767],[-111.52757865708809,45.660292369627676],[-111.5276020566133,45.660308903441916],[-111.5276020566133,45.660336302946654],[-111.52758632374147,45.66034730317935],[-111.52752372314397,45.660352769841865],[-111.52742985658531,45.660330770103712],[-111.52707792306424,45.660182569996117],[-111.52702312334901,45.660155103509823],[-111.52699192294151,45.660127570103676],[-111.52686665619284,45.660089170215535],[-111.5264051232413,45.659973769673471],[-111.52597472306259,45.65990776998634],[-111.52586525577989,45.659869369947415],[-111.52578692335112,45.659825503168733],[-111.52578705653943,45.659803570130116],[-111.52582625657118,45.659781570176179],[-111.52588885612815,45.659776169637425],[-111.52634265583212,45.659798169593493]],[[-111.5028101482943,45.816090720278588],[-111.50280994747126,45.816216919763761],[-111.50278628156937,45.816326719762401],[-111.50276268122111,45.816370520331589],[-111.50273128103109,45.816397920236305],[-111.50269988084111,45.816408920226024],[-111.50257448090409,45.816375920250337],[-111.50251948140635,45.816342986974497],[-111.50247248153286,45.816293587024255],[-111.502409747747,45.81618932033637],[-111.50234714819004,45.816030119882846],[-111.50233154746601,45.815909386658255],[-111.50233954813078,45.815821586775627],[-111.50240248065859,45.815755786994174],[-111.50246528103862,45.815728520213774],[-111.50253588126037,45.815717520089656],[-111.50262214775978,45.815717520089656],[-111.50269274798154,45.815777919940103],[-111.50272408157738,45.815827319622564],[-111.5028101482943,45.816090720278588]],[[-111.51719713744318,45.745367712200199],[-111.51717367028324,45.745351178833317],[-111.51704833694039,45.745170112404125],[-111.51696247104653,45.744879311762851],[-111.51695473675844,45.744758512233759],[-111.51697833710669,45.744643311741989],[-111.51701767032678,45.74452257850762],[-111.51707247004201,45.744473311668806],[-111.5171821371072,45.744489778490205],[-111.51720567086129,45.7445063121122],[-111.5172447377047,45.744604978572632],[-111.51728373691341,45.744819111720027],[-111.51729927104327,45.745060512018696],[-111.51728347053674,45.745268912026518],[-111.51726773766492,45.745351311716021],[-111.51725207034676,45.745367712200199],[-111.51722847103902,45.745373111738708],[-111.51719713744318,45.745367712200199]],[[-111.50876194677103,45.803655318597315],[-111.50873054658102,45.803764985230103],[-111.50855747978834,45.804192918490287],[-111.50848674637824,45.804286118211834],[-111.50844768057534,45.804307985153777],[-111.508384747007,45.804318985355359],[-111.50836914732351,45.804307985153777],[-111.50836914732351,45.804275118003765],[-111.50840868032608,45.804000785241143],[-111.50853467961059,45.803424718093858],[-111.50858968014886,45.803303985107114],[-111.50863694639902,45.803260118407074],[-111.50867614643079,45.803243784990727],[-111.50870748002662,45.803298584646257],[-111.50876194677103,45.803655318597315]],[[-111.51160776939301,45.916185528036699],[-111.51157650239132,45.916168995384353],[-111.51157650239132,45.916141728586531],[-111.5116551688315,45.916020994699124],[-111.51198550295086,45.915818128166443],[-111.51228430265139,45.915708528126999],[-111.51235496946732,45.915697528223369],[-111.51247296912759,45.91571412834034],[-111.51248870303992,45.915725128240673],[-111.51250430272341,45.915763395135947],[-111.51249650288166,45.915801795205105],[-111.51246496950333,45.91584572812377],[-111.51240990237089,45.915900594997069],[-111.51230770217663,45.915966395068637],[-111.51211890251213,45.916065127967691],[-111.51195376874951,45.916136328215636],[-111.51182790265335,45.916169195183535],[-111.51167076955551,45.916185528036699],[-111.51160776939301,45.916185528036699]],[[-111.52650952000252,45.643611968437277],[-111.52645465369312,45.643644901874403],[-111.52641565344386,45.643655768624065],[-111.52636085372863,45.64363936810971],[-111.52631391940878,45.643595368586745],[-111.52630625275536,45.643551501426565],[-111.52632185347939,45.643507568760761],[-111.52639225287811,45.643408902001752],[-111.52653312035081,45.643271768361544],[-111.52668971965477,45.64313470131232],[-111.52691665280383,45.642975568446687],[-111.52694011996375,45.642964568438828],[-111.52710445355584,45.642953701555101],[-111.52715912008274,45.642997701582019],[-111.52715912008274,45.643014101556787],[-111.52709645289106,45.643101901428643],[-111.52650952000252,45.643611968437277]],[[-111.49995055108519,45.833668988325726],[-111.49987195019867,45.833575721775027],[-111.49984015044366,45.833323388159577],[-111.49984795028541,45.833273988775268],[-111.49991855050718,45.833169721986465],[-111.50002835076067,45.833081921771907],[-111.5001381510142,45.833026988296162],[-111.500185284076,45.833015988689588],[-111.50024015038542,45.833026921596705],[-111.50027155057542,45.83304332167836],[-111.50030308395377,45.833103721583782],[-111.50031095038969,45.833152988445676],[-111.50027968442855,45.833284788233449],[-111.5001387503617,45.833575588377478],[-111.50008388405226,45.833635988430188],[-111.50002895114871,45.833674388741734],[-111.49998975111694,45.833679988528189],[-111.49995055108519,45.833668988325726]],[[-111.52819277080185,45.90569032584385],[-111.52809057060759,45.905761726205952],[-111.52805917041758,45.905756125712379],[-111.52800417091984,45.905701325558809],[-111.52795710341165,45.905618992726282],[-111.5279337038864,45.905328192752286],[-111.52791017013232,45.90520192602132],[-111.52791817079709,45.905152592649792],[-111.52794957098709,45.905097726011526],[-111.52802830402145,45.905070325616528],[-111.52805956998257,45.90507039222954],[-111.52809110336091,45.905086792789952],[-111.52818537052511,45.90517472551646],[-111.52832657096863,45.905333792565017],[-111.52838157046635,45.905443526044806],[-111.52819277080185,45.90569032584385]],[[-111.51716947485076,45.768121314339702],[-111.51713814125492,45.768055380553527],[-111.51709134220447,45.767857914066475],[-111.51708354132218,45.76776458083647],[-111.51709927523453,45.76767691411947],[-111.51713854186045,45.767594514001175],[-111.51719347476401,45.767528713873908],[-111.51724834211394,45.767484780543292],[-111.5172954751758,45.767468380751325],[-111.51735814132695,45.767479380966378],[-111.51739727476451,45.76749591431097],[-111.5174913421462,45.767583714142255],[-111.51751474167145,45.767627580617159],[-111.51753827542554,45.767731914241701],[-111.51753027476076,45.767792181027517],[-111.51750674204719,45.767847114258558],[-111.51742047554779,45.767929314397378],[-111.51716947485076,45.768121314339702]],[[-111.57377385453992,45.600262093408638],[-111.57391452118958,45.60033889291271],[-111.57390685453616,45.600503493397383],[-111.57393805494367,45.600602293206038],[-111.57398492162883,45.60065709309562],[-111.57400052131231,45.600695559931829],[-111.57400052131231,45.60074489307555],[-111.57387552198087,45.60088215989537],[-111.57380525472993,45.601013760276004],[-111.57378172201636,45.601019293153513],[-111.57366452148611,45.600947959760234],[-111.57363325552498,45.600909560074165],[-111.57362545464271,45.600876693253397],[-111.57365672164438,45.600712093135591],[-111.5736566550502,45.600591359867067],[-111.57363325448443,45.600355359971907],[-111.57366445489195,45.600251160003367],[-111.57368005457543,45.600245693299961],[-111.57377385453992,45.600262093408638]],[[-111.51602293869527,45.751682512763985],[-111.51606213872702,45.751709912534302],[-111.51606987197459,45.751753779147997],[-111.51606207213285,45.751825112963687],[-111.51595993853276,45.752033579199043],[-111.51588147187508,45.752137712556305],[-111.51572453855974,45.752307779317995],[-111.51563827206033,45.752357112572767],[-111.51557553827449,45.752373579246722],[-111.51556773843275,45.75232417921039],[-111.51562293875352,45.752060912726655],[-111.51562293875352,45.751912713108311],[-111.51563873821951,45.751841379404588],[-111.51567013840952,45.751797512859795],[-111.51593673879003,45.751682379170283],[-111.51597593882178,45.751676912719212],[-111.51602293869527,45.751682512763985]],[[-111.51535407417134,45.764148180807638],[-111.51554967372458,45.764471913976131],[-111.51556527444859,45.76452131414721],[-111.51557294110201,45.764663980985965],[-111.51555727378381,45.764795714224739],[-111.51553367447607,45.764828513923625],[-111.51551794056373,45.764833980538228],[-111.5155258735938,45.764850513940992],[-111.51551014072199,45.764861513946435],[-111.51548654037373,45.764861380384282],[-111.51540047365683,45.764822980527384],[-111.515322141228,45.764751580575691],[-111.51529087422632,45.76470231417106],[-111.51521254075701,45.764466180925744],[-111.51520487410359,45.764263314184895],[-111.51521287372783,45.764191980298797],[-111.51525207375958,45.764120580991317],[-111.51529907363309,45.764104180936151],[-111.51535407417134,45.764148180807638]],[[-111.57243692150045,45.599077092951354],[-111.57246825405578,45.59907695972089],[-111.57253852130671,45.599098960217326],[-111.57262452142945,45.599142893477108],[-111.57265585502529,45.599164759989385],[-111.5726637214612,45.599186759723338],[-111.57263245445951,45.599422760165659],[-111.572648054143,45.599603759998864],[-111.57274205493054,45.599910960260992],[-111.57274972158395,45.599971360056827],[-111.57274205493054,45.600004293658074],[-111.57271852117644,45.600009759657013],[-111.57264812177772,45.599949493130858],[-111.57256212165498,45.599817759937359],[-111.57249185440403,45.599669559906978],[-111.57246832169049,45.599581893657671],[-111.57243705468879,45.599351493177572],[-111.57240572109296,45.599252693350486],[-111.57235092137773,45.599148360287963],[-111.5723588544078,45.599098960217326],[-111.57239792125122,45.599077092951354],[-111.57243692150045,45.599077092951354]],[[-111.51759567647541,45.774228314891381],[-111.51766627669716,45.774321514652378],[-111.51788534341031,45.774744114758739],[-111.51789327644039,45.774842781468699],[-111.51787747697441,45.774892181164411],[-111.51785387662613,45.774903181366902],[-111.51778327640437,45.774903181366902],[-111.51773634312505,45.774886714809789],[-111.51768147681564,45.77484831459676],[-111.5175952769104,45.774754981451977],[-111.51748567643938,45.774579314960086],[-111.51747014335007,45.774447581601898],[-111.51747794319181,45.77429951474155],[-111.51750154249955,45.774233581726747],[-111.51755647644363,45.774228181351646],[-111.51759567647541,45.774228314891381]],[[-111.52019086154667,45.692804973855466],[-111.5202144608544,45.69282710692071],[-111.52029252794706,45.693024573565999],[-111.52028452832282,45.693106907154316],[-111.52019072835833,45.693112306657753],[-111.5199480612969,45.693046373662952],[-111.51988546173993,45.693040907286175],[-111.51971312748307,45.693002373711877],[-111.51968966136367,45.692974973480375],[-111.51967406168018,45.6929091071908],[-111.51968186152193,45.692865173272139],[-111.51970546082967,45.69283237344348],[-111.51975246070316,45.692799506728271],[-111.52001092827111,45.69273917350624],[-111.52019086154667,45.692804973855466]],[[-111.4981496835421,45.830586521663093],[-111.49803968350608,45.830465788100717],[-111.49800048347434,45.830460321395883],[-111.49795328277779,45.830438388593606],[-111.49792188258782,45.830399988224357],[-111.49776454970747,45.830070921697768],[-111.49775655008321,45.830010521401114],[-111.49776434992498,45.829961188679512],[-111.4977958833033,45.829939188252396],[-111.49783508333505,45.829944721711577],[-111.49792134983446,45.829999521923419],[-111.49809428343882,45.830147588733027],[-111.49815714937247,45.830279188279704],[-111.49818088290907,45.830361521851053],[-111.49829088294507,45.830514988420234],[-111.49829888360986,45.830553388710136],[-111.4982831496975,45.830586321555998],[-111.49825954934924,45.830613788417679],[-111.49822034931748,45.830635788578149],[-111.4981496835421,45.830586521663093]],[[-111.49790535682919,45.865876991538883],[-111.49787408982752,45.865931925185997],[-111.49784255644916,45.865931925185997],[-111.49778769013976,45.865898991523316],[-111.49766968943898,45.865772924965967],[-111.49751248974697,45.865701592016507],[-111.49750468990524,45.865657791863569],[-111.49752028958873,45.865575391690676],[-111.49756728946221,45.865487591894386],[-111.49762215681216,45.865416325239416],[-111.49770069006399,45.865355791586694],[-111.49775555637339,45.865366791320831],[-111.49782648956598,45.865498524942012],[-111.49796008995025,45.86558619140024],[-111.49797588941625,45.865619125248244],[-111.49790535682919,45.865876991538883]],[[-111.52021666678615,45.721122575920312],[-111.52027933293729,45.721155576361781],[-111.52042806684589,45.721292776394549],[-111.52046713368932,45.721369576418276],[-111.52049846728517,45.721391576133243],[-111.52070213305679,45.721473909357499],[-111.52103873327101,45.721633176514025],[-111.52112506740514,45.721688109419318],[-111.52114846693037,45.721720975861395],[-111.52114053390028,45.721742909331759],[-111.52110926689861,45.721759376318609],[-111.5210465341533,45.721759376318609],[-111.52080373390355,45.721687976480297],[-111.52044353334105,45.72148477625597],[-111.52028693299656,45.721374976098168],[-111.52014606656441,45.721243309626431],[-111.52009126684918,45.721171909855073],[-111.52008353360158,45.721127976350495],[-111.52010706631515,45.721100709766361],[-111.52021666678615,45.721122575920312]],[[-111.50235554737927,45.81548692020467],[-111.50230054788155,45.815525319983223],[-111.50219074762802,45.81556918645262],[-111.50208088078035,45.815596586751667],[-111.50203374771853,45.815607520179356],[-111.50197108052684,45.815607520179356],[-111.50191608102911,45.815590986596348],[-111.50188474743325,45.815563520299442],[-111.50186914774977,45.815514186378124],[-111.50207328072111,45.815366119807045],[-111.50215968144938,45.815289320003941],[-111.5022931476048,45.81511931979869],[-111.50240308104664,45.81508638650493],[-111.50242668139489,45.815097386753735],[-111.50245794735604,45.815146919756351],[-111.50246574719777,45.815267519742171],[-111.50244208129588,45.815338786840492],[-111.50235554737927,45.81548692020467]],[[-111.51831567179221,45.748160912447453],[-111.51833133806986,45.748177378907201],[-111.51832333844563,45.748237712560901],[-111.51822133803385,45.74842417917489],[-111.51808013863086,45.748605312015066],[-111.51799393768509,45.748665579131881],[-111.51794687121743,45.748676512623447],[-111.51789987134393,45.748648979215183],[-111.51786867197696,45.748583179251895],[-111.51782953853936,45.748363712121083],[-111.51788447144294,45.74830337860358],[-111.51801773781585,45.748210112135197],[-111.51822167100467,45.748160912447453],[-111.51827647176046,45.748155378850392],[-111.51831567179221,45.748160912447453]],[[-111.51671814225257,45.773459714473155],[-111.51679654231606,45.773503581407283],[-111.51688267562713,45.773569581329994],[-111.51695327584891,45.773646381313299],[-111.51707074275581,45.773805514919829],[-111.51719594291031,45.774013981050025],[-111.51718027663266,45.774068914685287],[-111.51716454272031,45.774079915050187],[-111.51690594300456,45.773997514956093],[-111.51685107565461,45.773959114856595],[-111.51680407578115,45.773904181113117],[-111.51667887562662,45.77354751507761],[-111.51667107578491,45.773481714715274],[-111.51668674310308,45.773459714473155],[-111.51671814225257,45.773459714473155]],[[-111.513232144706,45.787652383215764],[-111.51323987795357,45.787740316022543],[-111.5132162776053,45.78783351641821],[-111.51319274489173,45.787877516435614],[-111.51312994451173,45.787910316346832],[-111.51306714517224,45.787915716122441],[-111.51294174419471,45.787910316346832],[-111.51288687788531,45.78789931653359],[-111.51283194498173,45.787860783067842],[-111.51284774444773,45.787745583032859],[-111.51289494410373,45.787668782877219],[-111.51291054482773,45.787619382891258],[-111.5129343449585,45.787460383032908],[-111.51294994464197,45.787443916556079],[-111.51302834470549,45.787432916650793],[-111.51306754473724,45.787443916556079],[-111.51312247764081,45.787476916258868],[-111.51317727839658,45.787553716678801],[-111.513232144706,45.787652383215764]],[[-111.51883874191567,45.768862713851327],[-111.51871334197867,45.768736380962402],[-111.51864294257994,45.768632113815748],[-111.51861954201416,45.768472980690319],[-111.51862747504425,45.768412713914216],[-111.51864314236242,45.7683633142858],[-111.51867454255245,45.768330380933911],[-111.51872167561427,45.768308514391173],[-111.51879214264768,45.768313913887773],[-111.51886267523476,45.768341380979031],[-111.51890187526649,45.768407313701282],[-111.51894094210992,45.768533513782145],[-111.51896447586402,45.768665180542492],[-111.51895647519925,45.768802380719983],[-111.5189250760498,45.768873580964708],[-111.51887794194742,45.768879113959208],[-111.51883874191567,45.768862713851327]],[[-111.51517294116024,45.764998514426289],[-111.51528254059072,45.765102714325408],[-111.51537654033771,45.765212580949409],[-111.51559587446806,45.765426580596603],[-111.51565854061921,45.765475980648191],[-111.51567427453158,45.765519980889451],[-111.51564287434157,45.765530913982595],[-111.51554094052396,45.76552531387577],[-111.5153527412475,45.765497780795179],[-111.51528227421407,45.765475913867874],[-111.51525887468883,45.765459514211138],[-111.51520394074473,45.765382581007565],[-111.51511787402781,45.76522351410285],[-111.51507874059024,45.765091714367564],[-111.51507887377856,45.765031380786787],[-111.51509454109674,45.765003914243337],[-111.51513374112849,45.764987513721998],[-111.51517294116024,45.764998514426289]],[[-111.49491115095853,45.841111589515506],[-111.49495055077277,45.841314589804739],[-111.49491135074102,45.841429789986556],[-111.49486448405585,45.84151212300921],[-111.49482515083579,45.841506723353767],[-111.49479375064578,45.84146832337278],[-111.49468348423309,45.841084322829971],[-111.49470675057,45.840908723315337],[-111.49475388467235,45.840815389885037],[-111.4947930847041,45.840804523023493],[-111.49484015117176,45.840804389643274],[-111.49490295155179,45.840826322709709],[-111.49491868442361,45.840837322947188],[-111.49493448388959,45.840881189770357],[-111.49491115095853,45.841111589515506]],[[-111.52261252823354,45.689508306724704],[-111.52265172826529,45.689546706056554],[-111.52270632819803,45.689705906473115],[-111.52271406144561,45.689788172988145],[-111.52265132765977,45.689870506252959],[-111.52256526094284,45.689947306573572],[-111.52248692747351,45.689991173006291],[-111.52238512788477,45.69001297283198],[-111.52236166072484,45.690007573029341],[-111.52234606104136,45.689991106135665],[-111.52234606104136,45.689897772810191],[-111.52238532766728,45.689716706136146],[-111.52242452769903,45.689623506094911],[-111.52247946164313,45.689557706363793],[-111.52253426135839,45.689513772719877],[-111.52258112804354,45.689502906146465],[-111.52261252823354,45.689508306724704]],[[-111.4966497487939,45.829725788588235],[-111.49661828305024,45.829780721697219],[-111.49654768282851,45.829819121768665],[-111.49643008273324,45.829868588747622],[-111.49636728235322,45.829885121716252],[-111.49633588216322,45.829879588251195],[-111.49631228285548,45.82985772192329],[-111.49630434878486,45.82982478864627],[-111.49631214966715,45.829747921781376],[-111.49634348222246,45.829660121968978],[-111.49650008256697,45.829363788151063],[-111.49652368291522,45.829336322122636],[-111.4965550820647,45.829336322122636],[-111.49657854922464,45.829358188655391],[-111.49665734885313,45.8296051220374],[-111.4966653495179,45.829670922128464],[-111.4966497487939,45.829725788588235]],[[-111.51724714237842,45.768911380676435],[-111.51727847493373,45.7689497806224],[-111.51725494222018,45.769114380760165],[-111.51720767492948,45.769246114376841],[-111.51713714234242,45.769377714131053],[-111.51705854249643,45.769487514269713],[-111.51698794227465,45.769564181242608],[-111.51695654208466,45.769575114268903],[-111.51694094240116,45.769569714168547],[-111.51691754183541,45.769454381254867],[-111.51696454170889,45.769344780652304],[-111.51701967543551,45.769147180823097],[-111.51713747531326,45.768927780770007],[-111.51716874231492,45.768894914527671],[-111.51720807553501,45.768883914591761],[-111.51724714237842,45.768911380676435]],[[-111.51348967787452,45.789112116309489],[-111.51363087831804,45.789046316174613],[-111.51359167828629,45.789128583019092],[-111.51327754527895,45.789490583118429],[-111.51309707820951,45.789638583520201],[-111.51302647798776,45.789676982979799],[-111.51294007830002,45.789704382955897],[-111.51291667877479,45.789698916602241],[-111.51293247824078,45.789545316488919],[-111.51296387843077,45.789506916213085],[-111.51312074515195,45.789413716438723],[-111.51327767846728,45.789298583462738],[-111.51348967787452,45.789112116309489]],[[-111.63574544414007,45.475635275788171],[-111.63576884470582,45.475706675669343],[-111.63569064442481,45.475843742436894],[-111.63537851132354,45.476101542222018],[-111.63531604391436,45.476117942827344],[-111.63523811105054,45.476063076151512],[-111.6352226445554,45.475991742388686],[-111.63557384450009,45.475679142177967],[-111.6357065115255,45.475607875785194],[-111.63574544414007,45.475635275788171]],[[-111.58964291351133,45.539090952630453],[-111.58965851319481,45.539123952557951],[-111.58967424710717,45.539315952878255],[-111.58965864638314,45.539398285797589],[-111.58961184629216,45.539491485855059],[-111.58956504724169,45.539551885794168],[-111.58950251323834,45.539573886296409],[-111.58946344639492,45.539568485836028],[-111.58937764709522,45.539491686277259],[-111.58935411334112,45.539337952744035],[-111.58943991368136,45.539178752699549],[-111.58948671377236,45.53912388623597],[-111.5896038466679,45.539069086040946],[-111.58964291351133,45.539090952630453]],[[-111.51357127757962,45.785627982743151],[-111.51359467814538,45.785644515787006],[-111.51361027782886,45.785677383042724],[-111.51362594410652,45.785737782814799],[-111.51360234479878,45.785836516419558],[-111.51357087801462,45.785940782602388],[-111.51349234476278,45.786061516205891],[-111.51331954434676,45.786275316135331],[-111.51331174450502,45.786247915924783],[-111.51331974412925,45.786165583152432],[-111.51337487785587,45.785907715959986],[-111.5133828774801,45.785688315812635],[-111.51343007817664,45.785649916507687],[-111.51350847719959,45.785616982479574],[-111.51357127757962,45.785627982743151]],[[-111.58941591272757,45.538235086088562],[-111.58947064688917,45.538235086088562],[-111.5895019128503,45.538246086233983],[-111.58953311325781,45.538317352810019],[-111.58954891376433,45.538624685832616],[-111.58952551319857,45.538641085722986],[-111.58946304682992,45.538619152635917],[-111.58919744640244,45.538432686067146],[-111.58917411347137,45.538388752670265],[-111.58917404687722,45.538333886164651],[-111.5892443130876,45.538279085928487],[-111.58932231358611,45.538235086088562],[-111.58941591272757,45.538235086088562]],[[-111.49720695467084,45.859139724180203],[-111.49690888854671,45.859293524431742],[-111.49684595497837,45.859304524640748],[-111.49676748832067,45.859304524640748],[-111.49669675491057,45.859299124538389],[-111.49666528812641,45.859282724224421],[-111.49667315456232,45.859255324413667],[-111.49672808850644,45.859211324250339],[-111.49687715538586,45.859123391212016],[-111.49715975501485,45.858991591033877],[-111.49723048842495,45.858969591214546],[-111.49728535473434,45.858975124685514],[-111.49734035527261,45.858996991166102],[-111.49735608814444,45.859029924569619],[-111.49733255543089,45.85906832474717],[-111.49720695467084,45.859139724180203]],[[-111.51616553137309,45.713077375641745],[-111.51618126424491,45.713088308836618],[-111.51614993064905,45.71314870946852],[-111.51596946462017,45.71339550908673],[-111.51579706480968,45.713549108941798],[-111.51575793137209,45.713560108886824],[-111.5157266643704,45.713549108941798],[-111.51570313061632,45.713538108994598],[-111.51570306402215,45.713516109093668],[-111.51573446421217,45.713411909511429],[-111.51581293086983,45.713252775855871],[-111.51593833080682,45.713126709414304],[-111.51600106459267,45.713099175912895],[-111.5161342643714,45.713077375641745],[-111.51616553137309,45.713077375641745]],[[-111.49580215489206,45.859881191245442],[-111.49570775453954,45.859793524486548],[-111.49563715535832,45.859776991708337],[-111.4954643549423,45.859760591535313],[-111.49537015437228,45.859738791297794],[-111.49540148796811,45.859683791385258],[-111.49546415515978,45.859634391491191],[-111.49558208822589,45.859617924608528],[-111.49571548778712,45.859617791273457],[-111.49580195510956,45.859634324823681],[-111.49594335533557,45.859688991447811],[-111.49599835483333,45.859743924687834],[-111.49600628786338,45.859776790981599],[-111.49598268855566,45.859804191259997],[-111.49592775461156,45.859842591627483],[-111.49583355508207,45.859886591291271],[-111.49580215489206,45.859881191245442]],[[-111.5204571279158,45.692739306514127],[-111.52043366179642,45.692733773240001],[-111.52040232820056,45.692700907193682],[-111.52039452835884,45.692651506696592],[-111.52045746088663,45.692305906959724],[-111.52053572776181,45.692234573426546],[-111.52059852814182,45.692223573645776],[-111.52062972750879,45.692283973565118],[-111.52063752839108,45.692349773723073],[-111.52063746179691,45.692453973320013],[-111.52061386144864,45.692558307184775],[-111.52056672838683,45.692640573865276],[-111.52050412778929,45.69271737328954],[-111.52048066166989,45.692739373381514],[-111.5204571279158,45.692739306514127]],[[-111.51386634488522,45.788854383192074],[-111.51384287876581,45.788826916045721],[-111.51384294535998,45.788782982804612],[-111.51386654466772,45.788689716518363],[-111.51389787826355,45.788645783169123],[-111.51399207883358,45.788547116213842],[-111.51410987871131,45.788481316137577],[-111.51422754540074,45.788437516129726],[-111.51425874476772,45.788437582882558],[-111.51427454527425,45.788442983332672],[-111.51425874476772,45.788508782728648],[-111.51421167830006,45.788591116393548],[-111.51396047886108,45.788848916755065],[-111.51392907867107,45.788859782876223],[-111.51386634488522,45.788854383192074]],[[-111.52037353350731,45.720979976478517],[-111.52032653363383,45.720958109542295],[-111.52024046691693,45.720886709406457],[-111.52019346704341,45.720798909474539],[-111.52020913332107,45.720782509764874],[-111.52025606660041,45.720787909501453],[-111.52041273353908,45.720870309722564],[-111.52051446653365,45.720897709360102],[-111.52060066643888,45.720974709701224],[-111.52062413359882,45.720974576034031],[-111.52067893331404,45.721089909626578],[-111.5206867331558,45.721177709827671],[-111.52067873353155,45.721248975925128],[-111.52066313384806,45.721254509283149],[-111.52056913306055,45.721183109526102],[-111.52046733347181,45.721095309333499],[-111.52037353350731,45.720979976478517]],[[-111.52722165304556,45.643293968306331],[-111.52720592017376,45.643282968360985],[-111.52721385320382,45.643244568561428],[-111.52739385307356,45.642931901581846],[-111.52743291991698,45.642898968453061],[-111.52747225313706,45.642882501517668],[-111.52752691966396,45.642866101504382],[-111.52755812007146,45.642866101504382],[-111.52757371975495,45.642877101531568],[-111.52758165382556,45.642942968522966],[-111.52757385294328,45.643014301609654],[-111.52755025363555,45.643074568420047],[-111.5274798531963,45.643162301270557],[-111.52737025376584,45.643255568514256],[-111.52730765316831,45.64328850143346],[-111.52725285345308,45.643299501377676],[-111.52722165304556,45.643293968306331]],[[-111.57390685557669,45.601161893419182],[-111.57418045562844,45.601260693524445],[-111.5742509216213,45.601315559747562],[-111.57433685514989,45.60140329317656],[-111.57434465499163,45.6014526934024],[-111.57433685514989,45.601480093302612],[-111.57428992187057,45.60149669325159],[-111.57426652234534,45.601491093444757],[-111.57392265504269,45.601337560094258],[-111.57384445476168,45.601227759932698],[-111.57387565516919,45.601161893419182],[-111.57390685557669,45.601161893419182]],[[-111.57217885453808,45.597661360090214],[-111.57221012049921,45.597738159513824],[-111.57222565462907,45.597869893221478],[-111.57219452081571,45.597946760068368],[-111.57214752094222,45.597957693194601],[-111.57210852069298,45.597952293248326],[-111.57205385416607,45.597930293030359],[-111.57200685429257,45.597897359667854],[-111.57197565388508,45.597842559995108],[-111.57195992101325,45.597776693147829],[-111.57195992101325,45.597705360000347],[-111.57197565388508,45.597590160030158],[-111.57199905445084,45.597546160029658],[-111.57217885453808,45.597661360090214]],[[-111.51564807805134,45.787241983054884],[-111.51571087843136,45.787143315791496],[-111.51582867830912,45.787033583066048],[-111.51586774515253,45.787011582365807],[-111.51589927853088,45.787006182502651],[-111.51593834537431,45.787022582354233],[-111.51582834533831,45.78732438244279],[-111.51580487817836,45.787357316187773],[-111.51571847849061,45.787406582897816],[-111.51559294536528,45.787406582897816],[-111.51558527871185,45.78737358242779],[-111.51564807805134,45.787241983054884]],[[-111.49506808635492,45.848589924046657],[-111.49508368603841,45.848606390571049],[-111.49506815294909,45.848688590483491],[-111.4949111530396,45.848809523691138],[-111.49483275297608,45.848902790076089],[-111.49477795222032,45.849007123781377],[-111.49476215275433,45.849012523433601],[-111.49470715221607,45.848985190316192],[-111.49469155253257,45.848935790339951],[-111.4946914859384,45.848891924069413],[-111.49473068597015,45.848782123793391],[-111.49478555227955,45.8487271905962],[-111.49497388578492,45.84859539042013],[-111.49504448600666,45.848584390267035],[-111.49506808635492,45.848589924046657]],[[-111.50456810214035,45.920253329441415],[-111.50457610176458,45.920264195976216],[-111.50457590198209,45.920319129418566],[-111.50449716894778,45.92040139629087],[-111.50433996821522,45.920467129497858],[-111.50429276855924,45.920477995990787],[-111.50419056836496,45.920472529447323],[-111.50411196851897,45.920401196506937],[-111.50412790221381,45.920368195960933],[-111.50429296834173,45.920285996358061],[-111.50440296837775,45.920253196251785],[-111.50448956888852,45.920242329714874],[-111.50456810214035,45.920253329441415]],[[-111.52212290294911,45.909232726682546],[-111.5221779034874,45.909265726611075],[-111.52223276979677,45.909369926761137],[-111.52227970307611,45.909567526626695],[-111.52225617036255,45.909616793087039],[-111.52222477017253,45.909644193409889],[-111.52217757051655,45.909649793511193],[-111.5221541033566,45.909638726523085],[-111.52212256997829,45.909594793758657],[-111.52201270313061,45.909331393369641],[-111.52202056956651,45.909265593395077],[-111.52210717007728,45.909232726682546],[-111.52212290294911,45.909232726682546]],[[-111.51521674451376,45.787269316022538],[-111.51514614533254,45.787181515981466],[-111.51513834549078,45.787148516103805],[-111.51516194479851,45.787082715827715],[-111.51523254502028,45.787022316061652],[-111.51527967808211,45.787005916209999],[-111.51537374546378,45.786989516353479],[-111.51543647820912,45.786989516353479],[-111.51548354467678,45.787005982964551],[-111.51545994536905,45.787110183107949],[-111.51537354464077,45.787214515839594],[-111.51531087848961,45.787263782675844],[-111.51526374542777,45.787274715860235],[-111.51521674451376,45.787269316022538]],[[-111.49407508305015,45.837232922757913],[-111.49413788343017,45.837243789592108],[-111.49421648327618,45.837271322762248],[-111.49427915046785,45.83730418928829],[-111.4943341499656,45.837364522949599],[-111.49432648331218,45.837397389420545],[-111.49424795006036,45.837446922882499],[-111.49417748406746,45.83755112293796],[-111.49415388371918,45.837545589510121],[-111.49411455049911,45.837518189138798],[-111.49398888314491,45.837403122945652],[-111.49404368390068,45.837232989452282],[-111.49407508305015,45.837232922757913]],[[-111.49715168255324,45.829401788287541],[-111.49738728230874,45.829588321446387],[-111.4975206829105,45.82960458840919],[-111.49755994953645,45.829681388043568],[-111.49754434985296,45.829692521716041],[-111.49742668316352,45.829692521716041],[-111.49729314937341,45.829676122097048],[-111.49719894984393,45.829577388588795],[-111.49715954898915,45.829555388735031],[-111.49701048315025,45.829517121888863],[-111.49700254907967,45.829484188410369],[-111.49702608283374,45.829434921926023],[-111.49706528286551,45.829401788287541],[-111.49710448289726,45.829396388181955],[-111.49715168255324,45.829401788287541]],[[-111.58931272194506,45.583266490307302],[-111.58945332200057,45.583310290314003],[-111.58957065467861,45.583365156610498],[-111.58962532224605,45.583414556695068],[-111.58963305549362,45.583441956664231],[-111.58951592155753,45.583469356620057],[-111.58942212159305,45.583474956768839],[-111.58933612147031,45.58345308996882],[-111.58921892198059,45.5833817568207],[-111.58914072169959,45.583310356583794],[-111.58912505542193,45.583272090476321],[-111.58914085488792,45.583255557231865],[-111.58920332125656,45.583250090329237],[-111.58931272194506,45.583266490307302]],[[-111.52860170372671,45.905410725853926],[-111.52856250369496,45.905388725582647],[-111.52838177024886,45.90516372569715],[-111.5283033035912,45.90503752592921],[-111.52831110343293,45.904988125798482],[-111.5283347037812,45.904977125942203],[-111.52842117006313,45.905004592272263],[-111.52846037009486,45.905032125925828],[-111.52860970439149,45.905207725685365],[-111.52864890442324,45.905322926002654],[-111.52864877019438,45.905388725582647],[-111.52863317051089,45.905410592628726],[-111.52860170372671,45.905410725853926]],[[-111.50540708146244,45.81628958675627],[-111.50536014818309,45.816234719381931],[-111.50511728133918,45.815866986121002],[-111.50512508222145,45.815822986446101],[-111.5051565479651,45.815817586473685],[-111.5052349480286,45.815861519432872],[-111.50528988197269,45.815905519802563],[-111.50537608187796,45.816020786362998],[-111.50547774827837,45.816196386087],[-111.50549354878486,45.816240186758662],[-111.50548554812008,45.816273186089546],[-111.5054699484366,45.816295119396599],[-111.50543848165242,45.816306119406626],[-111.50540708146244,45.81628958675627]],[[-111.52856997056587,45.905794726025867],[-111.52852290409821,45.905783792217555],[-111.52848357087812,45.905750792391139],[-111.52846790355994,45.90570692605791],[-111.52846790355994,45.905657525798802],[-111.52848370406645,45.905619192563435],[-111.52855437088238,45.905564325662219],[-111.52864090375846,45.905531392317805],[-111.52870377073265,45.90554779274202],[-111.52873530411098,45.905569792226252],[-111.52875877023038,45.905613726004276],[-111.52877437095438,45.905723525542946],[-111.52871150398022,45.905794792638055],[-111.52856997056587,45.905794726025867]],[[-111.49520148487564,45.841001789829576],[-111.49516995149729,45.84090852324541],[-111.49516195083251,45.840831723156043],[-111.49521668395359,45.840584722876741],[-111.49525595057949,45.840535322689298],[-111.49527168449185,45.840535322689298],[-111.49529515061126,45.84054078985428],[-111.49533448487188,45.840595589781259],[-111.49537388468613,45.840710922657507],[-111.49525648437337,45.841001723139719],[-111.49523288402511,45.841018189735692],[-111.49520148487564,45.841001789829576]],[[-111.51194314489889,45.790707983777544],[-111.51190394486714,45.790729983744356],[-111.51183327805121,45.790713516782333],[-111.51178627817772,45.790680583569248],[-111.51167654451837,45.790570717051281],[-111.51166094483489,45.790526783733512],[-111.51166107802322,45.790477383378303],[-111.51167674534142,45.790449983782146],[-111.51171594537317,45.790422583447018],[-111.51179447862499,45.790400716859871],[-111.51183354442789,45.79040618314469],[-111.51186507780622,45.790439183270387],[-111.51191974537366,45.790532383506658],[-111.51194327808723,45.790636717088319],[-111.51194314489889,45.790707983777544]],[[-111.51305874494246,45.788491916770397],[-111.51309014513248,45.788530316294356],[-111.51309794497422,45.788661916253567],[-111.51308994534998,45.788771716153825],[-111.51308207787353,45.788826516257046],[-111.51304274465345,45.788881383058687],[-111.51299574477994,45.788903383020951],[-111.51296434458993,45.788875916624328],[-111.51290187822129,45.788585116634913],[-111.5129411448472,45.788513783380857],[-111.51297254503723,45.788491916770397],[-111.5130274779408,45.788486382819478],[-111.51305874494246,45.788491916770397]],[[-111.59006611423634,45.542465353127952],[-111.59013651363507,45.54250375271144],[-111.59037864794315,45.542673753141145],[-111.59040984731014,45.542717753151514],[-111.5904099139043,45.542739686097256],[-111.59036304721914,45.542761686080929],[-111.59031611393979,45.542767086234633],[-111.59024591432357,45.542750552726048],[-111.59012871379332,45.542706753152139],[-111.59006624742467,45.542668352978517],[-111.59003491382884,45.542602553303247],[-111.59001924755117,45.542525752787427],[-111.59002711398709,45.542481885991627],[-111.59004271367057,45.542465486492773],[-111.59006611423634,45.542465353127952]],[[-111.49750508947022,45.866074725171003],[-111.49756009000851,45.866091191590442],[-111.49762288934799,45.866145991706482],[-111.49764668947876,45.866206391904001],[-111.49753675603691,45.866343525127874],[-111.49748975616342,45.866381991985548],[-111.49745828937924,45.866382125304433],[-111.49741895615915,45.866354592050655],[-111.4973637568789,45.866168124903893],[-111.4973637568789,45.866124125139265],[-111.49738728959248,45.866085791422712],[-111.49743435606015,45.866074791830783],[-111.49750508947022,45.866074725171003]],[[-111.51714094341257,45.774249981706895],[-111.51719574312781,45.774376181631773],[-111.51721134281129,45.77445298123002],[-111.51720347637539,45.774474915036535],[-111.51717994262131,45.774491381715229],[-111.51714867666014,45.774496914878156],[-111.51711714328182,45.774491314945706],[-111.51705447609014,45.774469381145643],[-111.51694487665965,45.774365114555643],[-111.51692127631138,45.774282781652722],[-111.51692927593562,45.774222381082623],[-111.51699194312731,45.774206114634097],[-111.51708607606264,45.774222514622323],[-111.51714094341257,45.774249981706895]],[[-111.63784751085474,45.470884541638128],[-111.637886511104,45.470922875519832],[-111.63776931057373,45.471131342088071],[-111.63769131111577,45.471224674938156],[-111.63761331061725,45.47125194207922],[-111.63757431036802,45.471224542134152],[-111.63757444355635,45.471169675072254],[-111.63761344380559,45.47105994224755],[-111.63774611083102,45.470922875519832],[-111.63780864379382,45.470884475235707],[-111.63784751085474,45.470884541638128]],[[-111.51978073408894,45.72795897690574],[-111.51977286765302,45.727915110479138],[-111.51985133431072,45.727745110317947],[-111.5198827345007,45.727723177024998],[-111.52004733446945,45.727673776965155],[-111.52006286755876,45.72771230988721],[-111.52004726787528,45.727783510266271],[-111.51997666765352,45.727882310148232],[-111.51992166815579,45.727953577135871],[-111.51985906755829,45.727975510338347],[-111.51981206768478,45.727980976931335],[-111.51978073408894,45.72795897690574]],[[-111.50313254834307,45.815355720096775],[-111.50323454771431,45.815410586886692],[-111.50326588131016,45.815449120158881],[-111.50328148099365,45.815487386522598],[-111.50328134780531,45.815575186206956],[-111.50326574812182,45.815624586794499],[-111.50324214777356,45.815635586211748],[-111.50318728146415,45.815630120226132],[-111.5029912813054,45.81538298633447],[-111.50299134789955,45.815350119917234],[-111.5030463473973,45.815333719699076],[-111.50313254834307,45.815355720096775]],[[-111.51878526784054,45.728507376966931],[-111.51879313427645,45.728518310048258],[-111.51883226771405,45.728633510398481],[-111.51881646824805,45.728682910335912],[-111.51880086752404,45.728715777021058],[-111.51869106831106,45.728798110346695],[-111.51864406739703,45.728798110346695],[-111.51860486736528,45.72877611064294],[-111.51857366799831,45.728721310365906],[-111.51869133468773,45.728507310142369],[-111.51874613440296,45.7285019104255],[-111.51878526784054,45.728507376966931]],[[-111.51510274362509,45.782813982166196],[-111.51512634397335,45.782841382613306],[-111.51514194365684,45.782868915840282],[-111.51514187706269,45.782912715869784],[-111.51503194466137,45.783132182089808],[-111.51500054447136,45.783159582380534],[-111.51496147762795,45.783165116134619],[-111.5149299442496,45.783148582355487],[-111.51491434456611,45.783082782437397],[-111.51492227759621,45.782983982275631],[-111.51496947725219,45.782907182090597],[-111.51503227763222,45.782841382613306],[-111.51507934409987,45.782813982166196],[-111.51510274362509,45.782813982166196]],[[-111.57916205305918,45.583284891484759],[-111.57901351997363,45.583334290911708],[-111.57884171951063,45.583378157863471],[-111.57879485282545,45.583378291131261],[-111.57875571938787,45.583361690920036],[-111.57874791954613,45.583339757806129],[-111.57875571938787,45.583317890953438],[-111.57879485282545,45.583301357722512],[-111.57922465261616,45.583175157952951],[-111.57931825279815,45.583158690949965],[-111.5793574528299,45.583164157861496],[-111.5793574528299,45.583175157952951],[-111.57931825279815,45.583207957948034],[-111.57916205305918,45.583284891484759]],[[-111.49332048269909,45.836207189171326],[-111.49333615001727,45.836218189597048],[-111.4933518828891,45.836267589267706],[-111.49333648298811,45.836530989641787],[-111.49328934992627,45.836585922558619],[-111.49325014989452,45.83658038975971],[-111.49321094986277,45.836536522445599],[-111.49319514935625,45.836498122659108],[-111.49318728292036,45.836404789079801],[-111.49321068348611,45.836273189518188],[-111.49324988351786,45.836229189295636],[-111.49329688339135,45.836207322562572],[-111.49332048269909,45.836207189171326]],[[-111.49653074918061,45.828623121441275],[-111.49654654864661,45.828661388176954],[-111.49654654864661,45.828710921439324],[-111.4965230825272,45.82878758817273],[-111.49643688262194,45.828913922016113],[-111.49638194867785,45.828979788178458],[-111.49635848255845,45.828985321732972],[-111.49633494880433,45.828946921811351],[-111.49633488221019,45.828897521442698],[-111.49635828277596,45.828815188605951],[-111.49638968192542,45.828727388047312],[-111.49642874876884,45.828661521586284],[-111.49649148255469,45.828612121689403],[-111.49653074918061,45.828623121441275]],[[-111.51245294509415,45.790658916608294],[-111.51249994496764,45.790763116452915],[-111.5125077448094,45.790856383623058],[-111.5124998783735,45.790889316732262],[-111.51248414550167,45.790905783642359],[-111.51246067834174,45.79091131662755],[-111.51240567884398,45.790905783642359],[-111.51234307824646,45.790867383578259],[-111.512296078373,45.790735583497089],[-111.51230394480891,45.790686316827248],[-111.51239027790245,45.790636916613387],[-111.51245294509415,45.790658916608294]],[[-111.49470795446766,45.857242590917174],[-111.49476295396541,45.857269990995043],[-111.49494355422317,45.857379591171522],[-111.49503008813977,45.857489391142288],[-111.49504588760577,45.857527724264322],[-111.49503795457568,45.85753872482266],[-111.49502235385168,45.857544191041313],[-111.49494375400565,45.857511324877201],[-111.49481015466192,45.857429124235139],[-111.49470795446766,45.857352324488204],[-111.49465288733522,45.857270124335784],[-111.49467648768348,45.857237191339259],[-111.49470795446766,45.857242590917174]],[[-111.51871486636075,45.718411576150025],[-111.51862853222666,45.718466376370174],[-111.51861286594898,45.718460909572606],[-111.51858166554148,45.71841697611579],[-111.51856593266966,45.718351176120919],[-111.51857386569974,45.718274309470289],[-111.51862093216739,45.718170109315636],[-111.5186679320409,45.71815370956088],[-111.51870713207265,45.718203109321507],[-111.51873066582674,45.718257975856432],[-111.51873046604425,45.718323775961046],[-111.51871486636075,45.718411576150025]],[[-111.49660774868555,45.827234788538284],[-111.49665488174738,45.827251321564198],[-111.49671774872157,45.827317121537519],[-111.49671774872157,45.827344521856048],[-111.49669428260216,45.827377521856633],[-111.49658448234864,45.827421388414685],[-111.49647454890682,45.82744892136909],[-111.49645888262914,45.827426921399088],[-111.4964666824709,45.82736658856485],[-111.49650574827379,45.827273388309905],[-111.49654494830554,45.827229388222506],[-111.49660774868555,45.827234788538284]],[[-111.49695615479685,45.859622724672001],[-111.4969404885192,45.85957879146698],[-111.49698755498686,45.859529391479676],[-111.49711315470635,45.859452524342544],[-111.49724655530811,45.859408591003039],[-111.4973093546476,45.859408524335215],[-111.49734075483762,45.859441390827286],[-111.49734088802595,45.859463324516845],[-111.49697195530337,45.859628124742926],[-111.49695615479685,45.859622724672001]],[[-111.57244705630018,45.610835494106901],[-111.57245485718246,45.610857494359685],[-111.57240012302086,45.610978161134433],[-111.57232192378038,45.611060494597609],[-111.57226725621295,45.6110988946145],[-111.57221252309186,45.611115361426926],[-111.57218125713074,45.61110989432634],[-111.57219685681423,45.611027494698604],[-111.57236885705971,45.610846494598299],[-111.57240785626843,45.610829960741682],[-111.57244705630018,45.610835494106901]],[[-111.49419768603217,45.849769990875906],[-111.49422908622218,45.849698590283822],[-111.49427608609565,45.849632790680204],[-111.49433888543514,45.849572390596613],[-111.49436235259506,45.849566923594367],[-111.49438588634918,45.849572390596613],[-111.49441748632169,45.849599790829863],[-111.49442528616341,45.849704123952549],[-111.49440968647993,45.849731524120905],[-111.49431548590991,45.849775390454084],[-111.49421348549815,45.849791924031642],[-111.49419768603217,45.849769990875906]],[[-111.49533368470132,45.839772589188982],[-111.49536508385083,45.839827522530214],[-111.49533375129552,45.839904322555867],[-111.49526315107374,45.839970189484802],[-111.49523175088375,45.839970322867025],[-111.49520035069375,45.839964722988626],[-111.49518468441607,45.839937323083667],[-111.495176751386,45.839871522807066],[-111.49518455122775,45.839805723177527],[-111.49521588378306,45.839767189364714],[-111.49527075113298,45.839756189640639],[-111.49533368470132,45.839772589188982]],[[-111.5184133331778,45.723294776572125],[-111.51841326658365,45.723311176270805],[-111.51838973387008,45.723349576361429],[-111.51833493311432,45.723398976613268],[-111.5182330669314,45.723459310166504],[-111.5181859338696,45.723470176678809],[-111.51813906718442,45.723420776489917],[-111.51813126630213,45.723360509725843],[-111.51818606705793,45.723327576691069],[-111.51839773349431,45.723283776363992],[-111.5184133331778,45.723294776572125]],[[-111.52200933388201,45.722736376163404],[-111.52196246719683,45.722703509592215],[-111.52193106700682,45.722664976120825],[-111.52189973445152,45.722588176424878],[-111.5219076674816,45.722549775810869],[-111.52206433442025,45.722571776513959],[-111.52209566697557,45.72259930970678],[-111.52211906754134,45.722665109783918],[-111.52210346785785,45.722708975974683],[-111.52207206766785,45.722741909374115],[-111.52200933388201,45.722736376163404]],[[-111.50886090258075,45.919750595698893],[-111.50888450292901,45.919788995904348],[-111.50888450292901,45.919827395359391],[-111.50885296955066,45.919865795511697],[-111.50881370292475,45.919887795835812],[-111.50872710241396,45.919898729037428],[-111.50869570222397,45.919887729240536],[-111.50867216951038,45.919854729113005],[-111.50866436966867,45.919805329139827],[-111.50871156932466,45.919750529103446],[-111.50879016917064,45.91971759548975],[-111.50886090258075,45.919750595698893]],[[-111.49715408306484,45.831728188853177],[-111.49713054931074,45.831761188429894],[-111.497106950003,45.831761188429894],[-111.49693414958698,45.831596588382467],[-111.49694194942873,45.831563722110523],[-111.496965549777,45.831541721591812],[-111.49705974930647,45.831530721691735],[-111.4970911494965,45.831590988386388],[-111.49709908356709,45.831634921950048],[-111.497154149659,45.831689788648823],[-111.49715408306484,45.831728188853177]],[[-111.52067033330178,45.722071976459304],[-111.52060773374481,45.722044575944778],[-111.52056853371306,45.722011576028407],[-111.52053713352304,45.721973176470939],[-111.52054506655313,45.721962176002627],[-111.52064686718239,45.721956776379542],[-111.52071746740413,45.721956776379542],[-111.52076446727764,45.721978775863242],[-111.52078793339705,45.722006176410034],[-111.5207799337728,45.722033576216987],[-111.52079566664463,45.722066576120362],[-111.52077213393105,45.722088509454998],[-111.52073293389928,45.722093909791866],[-111.52067033330178,45.722071976459304]],[[-111.49536988799559,45.859491791632983],[-111.49523635524604,45.859508391163715],[-111.49520495505602,45.8595027910781],[-111.49517348827185,45.859453524358777],[-111.4951812881136,45.859404124984792],[-111.4952126883036,45.85938772470174],[-111.49527555423725,45.859382124604025],[-111.49537768783736,45.859403991649167],[-111.49540895483902,45.859425991296618],[-111.4954168878691,45.859458924446088],[-111.49536988799559,45.859491791632983]],[[-111.52894717137043,45.905997792832004],[-111.52893150405225,45.905926525997501],[-111.52896290424223,45.905904592542647],[-111.52900997070989,45.90589912601159],[-111.52907297087242,45.905915592215159],[-111.5291437042825,45.905959525719503],[-111.529127903776,45.906014392230063],[-111.52908077071416,45.906058192432511],[-111.52902577121642,45.906047192788272],[-111.52897857051991,45.906025325992957],[-111.52894717137043,45.905997792832004]],[[-111.49359615029157,45.837172789762185],[-111.4935962834799,45.837244123063975],[-111.49358054956755,45.837255189254094],[-111.49346274968978,45.837172923151108],[-111.4934155500338,45.837123589528794],[-111.49340775019206,45.837079722642898],[-111.49341548343965,45.837041189117059],[-111.4934311497173,45.837024722793963],[-111.49346254990731,45.837019189313779],[-111.49359615029157,45.837172789762185]],[[-111.51789993065437,45.708726974999635],[-111.5179547303696,45.708748975332504],[-111.51797046428194,45.708776375100825],[-111.51797033005309,45.708814775008129],[-111.51793113106186,45.708869575193503],[-111.51788413014783,45.708886108462607],[-111.51781366415496,45.708875108324229],[-111.51779013040084,45.708820175174644],[-111.51781373074911,45.708754375505364],[-111.51785293078086,45.708726974999635],[-111.51789993065437,45.708726974999635]],[[-111.52135166758337,45.722401509471929],[-111.52128893379754,45.722346576541625],[-111.52124986695411,45.722280709257305],[-111.52125773339002,45.722236775898182],[-111.5212812671441,45.722225776208226],[-111.52131266733413,45.722225909872378],[-111.52135173417754,45.722231376301622],[-111.52141433373453,45.722291709662898],[-111.5214220669821,45.722390509814367],[-111.5214064672986,45.722406975883949],[-111.52135166758337,45.722401509471929]],[[-111.57408025638075,45.607833960755904],[-111.57410372354067,45.607877893727085],[-111.57408812281668,45.607982160329847],[-111.57404912360795,45.608086360498206],[-111.57401005676452,45.608113760798155],[-111.57399432285217,45.607894360757221],[-111.57400212269391,45.607866960350094],[-111.57405692344969,45.607833960755904],[-111.57408025638075,45.607833960755904]],[[-111.63469184430595,45.476353676011378],[-111.63473871099113,45.476392076217223],[-111.6346996441477,45.476474342897269],[-111.63462151150139,45.47652914277689],[-111.6345826444405,45.476501742478945],[-111.63458271103464,45.476419475838853],[-111.63465291065089,45.476353676011378],[-111.63469184430595,45.476353676011378]],[[-111.49385535039534,45.837298922613094],[-111.49381608376943,45.837315322885686],[-111.49379255001533,45.837304389371184],[-111.49374535035933,45.837178189113274],[-111.49377668291463,45.837145322512853],[-111.49382368382867,45.837128789526041],[-111.49387874992058,45.837172723067745],[-111.49388668399118,45.837232989452282],[-111.49385535039534,45.837298922613094]],[[-111.50895690223378,45.918082729020576],[-111.50899616885971,45.918099195229225],[-111.50901976920797,45.918148595273614],[-111.50901190277207,45.918186928542738],[-111.5089883024238,45.918219928938342],[-111.50893316869718,45.918247195438887],[-111.5089017685072,45.91823632850906],[-111.50887816919945,45.918192395311387],[-111.50887830238779,45.918159528817966],[-111.50893336847969,45.918082729020576],[-111.50895690223378,45.918082729020576]],[[-111.49669054916671,45.831283988256956],[-111.49675334954671,45.831289522307429],[-111.49683188279855,45.831327788660019],[-111.49686328298857,45.831360721772739],[-111.4968554831468,45.831388188252213],[-111.49682408295681,45.831399122204132],[-111.49670634967322,45.831377188321746],[-111.49666694985896,45.831338922003162],[-111.49664348269904,45.831294988930871],[-111.49665134913495,45.831284121659998],[-111.49669054916671,45.831283988256956]],[[-111.4965241553176,45.85945279101351],[-111.49657915481532,45.859480191451567],[-111.4965713549736,45.859502124401203],[-111.4965478888542,45.859518591318157],[-111.49632795537633,45.859584591547708],[-111.49632795537633,45.859562724573586],[-111.49639855455757,45.85949132423444],[-111.49649268853342,45.859447324257815],[-111.4965241553176,45.85945279101351]],[[-111.52101533374579,45.721479509526219],[-111.52094493330654,45.721446576109088],[-111.52089013359129,45.721402709653603],[-111.52088226715539,45.721386309394703],[-111.52089793343305,45.721375309537265],[-111.52099986725064,45.721386309394703],[-111.52105466696588,45.721402709653603],[-111.52107813412582,45.721424709355475],[-111.52108593396754,45.721463109289857],[-111.52106246680762,45.721479576359229],[-111.52101533374579,45.721479509526219]],[[-111.49815395077141,45.834536789090635],[-111.4981460843355,45.834487522003833],[-111.49815388417726,45.834460122301671],[-111.49818535096142,45.834432588465539],[-111.49823235083493,45.834410721751453],[-111.49825588354848,45.834410721751453],[-111.49826375102491,45.834476388565605],[-111.49824815030091,45.834514789022201],[-111.49821675011088,45.834547789121572],[-111.49817755007913,45.834564322150236],[-111.49815395077141,45.834536789090635]],[[-111.51323794464167,45.789836183298888],[-111.51326154498993,45.789863583196727],[-111.51324574552395,45.789929516594505],[-111.51321447852227,45.789951383366514],[-111.51313594527043,45.789923916760792],[-111.51315167814225,45.789841716390228],[-111.51316747864877,45.78981978354954],[-111.51319094476817,45.789814182979228],[-111.51323794464167,45.789836183298888]],[[-111.49656068221788,45.827130588018065],[-111.49650554849129,45.827125188417206],[-111.49648208237188,45.827108788041805],[-111.49647414830127,45.827020921710265],[-111.49651334833302,45.826998988277786],[-111.49653694868128,45.826998988277786],[-111.49655254836478,45.827009988348436],[-111.49656834887131,45.827064788549336],[-111.49656068221788,45.827130588018065]],[[-111.49675674897081,45.827113988249799],[-111.49674108165262,45.827075721900449],[-111.49674094846428,45.827015387960465],[-111.49675654918831,45.826987788084985],[-111.4967723486543,45.826982388470284],[-111.49679588240839,45.826987921498272],[-111.49680368225013,45.826998788157844],[-111.49682734919257,45.82709758787108],[-111.49681168187438,45.827119587971247],[-111.49678814916082,45.827125121710736],[-111.49675674897081,45.827113988249799]],[[-111.51268707873747,45.792079983825623],[-111.51265567854745,45.792123916644584],[-111.51260854548563,45.792162316568501],[-111.51256147901796,45.792178783828014],[-111.51266354498335,45.792030583395992],[-111.51268707873747,45.792019717167427],[-111.51268707873747,45.792079983825623]]]},"properties":{"PERMANENT_IDENTIFIER":"120008458","GNIS_NAME":null,"FTYPE":460,"FCODE":46006}}]}